Date,StoreID,Sales,Region,DataType
2020-01-01,1,3565.866010489339,North,Historical
2020-01-02,1,3785.4655780224957,North,Historical
2020-01-03,1,3534.3368954011803,North,Historical
2020-01-04,1,3324.801596234852,North,Historical
2020-01-05,1,3107.5448815108257,North,Historical
2020-01-06,1,3578.741138104542,North,Historical
2020-01-07,1,3891.478142024146,North,Historical
2020-01-08,1,3847.79477064282,North,Historical
2020-01-09,1,3665.4734649479465,North,Historical
2020-01-10,1,3544.4363809598044,North,Historical
2020-01-11,1,3387.2809804539393,North,Historical
2020-01-12,1,3806.211922752143,North,Historical
2020-01-13,1,3455.87240628505,North,Historical
2020-01-14,1,3632.4570074209064,North,Historical
2020-01-15,1,3435.2810681611713,North,Historical
2020-01-16,1,4175.087574645971,North,Historical
2020-01-17,1,3273.532931691299,North,Historical
2020-01-18,1,3481.0510025580306,North,Historical
2020-01-19,1,4053.0521400428715,North,Historical
2020-01-20,1,3585.0132853077616,North,Historical
2020-01-21,1,3816.0513634979175,North,Historical
2020-01-22,1,3847.7426276618553,North,Historical
2020-01-23,1,4063.9504525665466,North,Historical
2020-01-24,1,3567.79836325887,North,Historical
2020-01-25,1,3601.903667854095,North,Historical
2020-01-26,1,3527.2973270226835,North,Historical
2020-01-27,1,3581.5834735183794,North,Historical
2020-01-28,1,4452.9654989679275,North,Historical
2020-01-29,1,3739.23287599925,North,Historical
2020-01-30,1,4065.1325403519722,North,Historical
2020-01-31,1,3332.671394833599,North,Historical
2020-02-01,1,3599.6526184006616,North,Historical
2020-02-02,1,3870.8738952082886,North,Historical
2020-02-03,1,3878.4525693703476,North,Historical
2020-02-04,1,4355.520258717043,North,Historical
2020-02-05,1,4505.412373353345,North,Historical
2020-02-06,1,3934.8742745367585,North,Historical
2020-02-07,1,3939.135245081162,North,Historical
2020-02-08,1,4361.855203269852,North,Historical
2020-02-09,1,3908.715445219295,North,Historical
2020-02-10,1,4241.311482934364,North,Historical
2020-02-11,1,4216.450720666578,North,Historical
2020-02-12,1,3835.089774425189,North,Historical
2020-02-13,1,3982.1236387501935,North,Historical
2020-02-14,1,4719.509550600569,North,Historical
2020-02-15,1,3517.906126056496,North,Historical
2020-02-16,1,3703.53509979487,North,Historical
2020-02-17,1,4035.5900334473818,North,Historical
2020-02-18,1,4238.776479747941,North,Historical
2020-02-19,1,4133.509340553167,North,Historical
2020-02-20,1,4044.0111703630787,North,Historical
2020-02-21,1,3762.459435009006,North,Historical
2020-02-22,1,3398.0234020632683,North,Historical
2020-02-23,1,3529.6878275371637,North,Historical
2020-02-24,1,3656.155465292755,North,Historical
2020-02-25,1,3749.8867536185644,North,Historical
2020-02-26,1,4348.645716220616,North,Historical
2020-02-27,1,4031.092028169755,North,Historical
2020-02-28,1,3627.29321737131,North,Historical
2020-02-29,1,3486.2818400516658,North,Historical
2020-03-01,1,3868.4679919735863,North,Historical
2020-03-02,1,3459.7972957238326,North,Historical
2020-03-03,1,4303.6452788550605,North,Historical
2020-03-04,1,3321.8281457333674,North,Historical
2020-03-05,1,4224.079248929439,North,Historical
2020-03-06,1,3732.7205954071583,North,Historical
2020-03-07,1,3850.2301775178503,North,Historical
2020-03-08,1,3671.934313917645,North,Historical
2020-03-09,1,4277.8930937888335,North,Historical
2020-03-10,1,4206.287570159618,North,Historical
2020-03-11,1,3869.038343601583,North,Historical
2020-03-12,1,3624.5527777244743,North,Historical
2020-03-13,1,4085.7433721713687,North,Historical
2020-03-14,1,3746.212905163344,North,Historical
2020-03-15,1,3447.7781763231183,North,Historical
2020-03-16,1,3864.5640754067003,North,Historical
2020-03-17,1,3817.1772110850284,North,Historical
2020-03-18,1,4349.891642851733,North,Historical
2020-03-19,1,3745.573289092413,North,Historical
2020-03-20,1,3936.2664479097175,North,Historical
2020-03-21,1,3685.8224385062726,North,Historical
2020-03-22,1,4031.8506802131024,North,Historical
2020-03-23,1,4066.465579717721,North,Historical
2020-03-24,1,4318.229517766222,North,Historical
2020-03-25,1,3971.6369746082173,North,Historical
2020-03-26,1,4028.34064834769,North,Historical
2020-03-27,1,3974.8890268173063,North,Historical
2020-03-28,1,3684.56500807387,North,Historical
2020-03-29,1,4141.104811887646,North,Historical
2020-03-30,1,4434.972349917344,North,Historical
2020-03-31,1,3861.1171534726022,North,Historical
2020-04-01,1,4130.731152215849,North,Historical
2020-04-02,1,4103.719841662302,North,Historical
2020-04-03,1,3693.8530929603376,North,Historical
2020-04-04,1,3650.2825724729228,North,Historical
2020-04-05,1,4177.031341658798,North,Historical
2020-04-06,1,3770.237902807172,North,Historical
2020-04-07,1,4783.920257137511,North,Historical
2020-04-08,1,3808.71049744657,North,Historical
2020-04-09,1,3827.8902418503317,North,Historical
2020-04-10,1,3830.5805167347416,North,Historical
2020-04-11,1,3622.350123309754,North,Historical
2020-04-12,1,4105.104749991823,North,Historical
2020-04-13,1,4189.930764832335,North,Historical
2020-04-14,1,3904.818976785789,North,Historical
2020-04-15,1,4069.8591522462293,North,Historical
2020-04-16,1,3924.182563166027,North,Historical
2020-04-17,1,4001.5749914019825,North,Historical
2020-04-18,1,3602.5554179094033,North,Historical
2020-04-19,1,3899.6251258435786,North,Historical
2020-04-20,1,3802.512696298949,North,Historical
2020-04-21,1,4346.536908006993,North,Historical
2020-04-22,1,4075.3907093993153,North,Historical
2020-04-23,1,3918.565451884311,North,Historical
2020-04-24,1,3941.921984683847,North,Historical
2020-04-25,1,4084.3421591677247,North,Historical
2020-04-26,1,3969.2745062145746,North,Historical
2020-04-27,1,3980.787801358091,North,Historical
2020-04-28,1,3915.7486039849423,North,Historical
2020-04-29,1,4454.624662452858,North,Historical
2020-04-30,1,3940.982361923804,North,Historical
2020-05-01,1,3802.1902757363528,North,Historical
2020-05-02,1,3465.3514022276413,North,Historical
2020-05-03,1,3626.2288788030273,North,Historical
2020-05-04,1,4047.485647659835,North,Historical
2020-05-05,1,3812.8369861966976,North,Historical
2020-05-06,1,4109.868648881018,North,Historical
2020-05-07,1,4036.1803577713686,North,Historical
2020-05-08,1,3552.70260974152,North,Historical
2020-05-09,1,3659.553033321432,North,Historical
2020-05-10,1,4223.898080114038,North,Historical
2020-05-11,1,3819.2720525153986,North,Historical
2020-05-12,1,3859.2109214700617,North,Historical
2020-05-13,1,3810.1662917722706,North,Historical
2020-05-14,1,3649.2977455745545,North,Historical
2020-05-15,1,4255.860465717677,North,Historical
2020-05-16,1,3597.0290420749025,North,Historical
2020-05-17,1,3625.062651338993,North,Historical
2020-05-18,1,3855.945043000036,North,Historical
2020-05-19,1,3895.312004050436,North,Historical
2020-05-20,1,3715.812595188348,North,Historical
2020-05-21,1,3579.700582073545,North,Historical
2020-05-22,1,3497.0799162934536,North,Historical
2020-05-23,1,3567.61964597691,North,Historical
2020-05-24,1,3724.6341602821394,North,Historical
2020-05-25,1,3529.7943881993256,North,Historical
2020-05-26,1,3971.5648070766415,North,Historical
2020-05-27,1,4172.641298642956,North,Historical
2020-05-28,1,3877.627738274736,North,Historical
2020-05-29,1,3603.8257202499635,North,Historical
2020-05-30,1,3496.4181322841832,North,Historical
2020-05-31,1,3160.2390247334138,North,Historical
2020-06-01,1,3446.497233028693,North,Historical
2020-06-02,1,3681.5557394309344,North,Historical
2020-06-03,1,3767.368608962818,North,Historical
2020-06-04,1,3818.105702186418,North,Historical
2020-06-05,1,3736.0745964664043,North,Historical
2020-06-06,1,3470.164514218407,North,Historical
2020-06-07,1,3159.803489328044,North,Historical
2020-06-08,1,3286.3894419943226,North,Historical
2020-06-09,1,3596.7796781055,North,Historical
2020-06-10,1,3863.130820198796,North,Historical
2020-06-11,1,3661.2406848773308,North,Historical
2020-06-12,1,3908.9128486217423,North,Historical
2020-06-13,1,3477.932278838868,North,Historical
2020-06-14,1,3416.676033659246,North,Historical
2020-06-15,1,3793.7521043336083,North,Historical
2020-06-16,1,3865.0483965898484,North,Historical
2020-06-17,1,3491.6217042187136,North,Historical
2020-06-18,1,3570.3107052515315,North,Historical
2020-06-19,1,3167.783310869156,North,Historical
2020-06-20,1,3557.9330717375597,North,Historical
2020-06-21,1,3349.314885237974,North,Historical
2020-06-22,1,3408.0742942323436,North,Historical
2020-06-23,1,3726.4200915389974,North,Historical
2020-06-24,1,3233.204329862223,North,Historical
2020-06-25,1,3331.3645486229198,North,Historical
2020-06-26,1,3534.1674040344146,North,Historical
2020-06-27,1,2898.7317189094983,North,Historical
2020-06-28,1,3330.009908219758,North,Historical
2020-06-29,1,3345.484045038662,North,Historical
2020-06-30,1,3661.9493699006857,North,Historical
2020-07-01,1,3418.241993562054,North,Historical
2020-07-02,1,3477.550066944044,North,Historical
2020-07-03,1,3244.206303655593,North,Historical
2020-07-04,1,3239.489696198667,North,Historical
2020-07-05,1,3217.3671523686007,North,Historical
2020-07-06,1,3192.006154660707,North,Historical
2020-07-07,1,3195.2484215730606,North,Historical
2020-07-08,1,3276.6946717647365,North,Historical
2020-07-09,1,3223.0953627432123,North,Historical
2020-07-10,1,2933.1728835407707,North,Historical
2020-07-11,1,3046.50673062535,North,Historical
2020-07-12,1,3107.991065664495,North,Historical
2020-07-13,1,2675.6782658176676,North,Historical
2020-07-14,1,3214.110319064258,North,Historical
2020-07-15,1,3588.7057781903013,North,Historical
2020-07-16,1,2909.6175087013,North,Historical
2020-07-17,1,3251.9993688697214,North,Historical
2020-07-18,1,3134.7234272761903,North,Historical
2020-07-19,1,2855.2356770590554,North,Historical
2020-07-20,1,2979.1883914768637,North,Historical
2020-07-21,1,3419.8567900619755,North,Historical
2020-07-22,1,3666.2515002405817,North,Historical
2020-07-23,1,3051.3868807143385,North,Historical
2020-07-24,1,2900.2123377363005,North,Historical
2020-07-25,1,2828.6665874497894,North,Historical
2020-07-26,1,2667.187104189274,North,Historical
2020-07-27,1,3711.760674994671,North,Historical
2020-07-28,1,3056.7292335236752,North,Historical
2020-07-29,1,3543.610697854916,North,Historical
2020-07-30,1,3039.501991223049,North,Historical
2020-07-31,1,3267.3951449127003,North,Historical
2020-08-01,1,2665.6423262963913,North,Historical
2020-08-02,1,3200.6878191129226,North,Historical
2020-08-03,1,2634.726537064527,North,Historical
2020-08-04,1,3108.6985203222293,North,Historical
2020-08-05,1,3492.084083754785,North,Historical
2020-08-06,1,2893.637240673514,North,Historical
2020-08-07,1,3107.4878079380405,North,Historical
2020-08-08,1,2638.9442518621195,North,Historical
2020-08-09,1,2731.77842125958,North,Historical
2020-08-10,1,2783.9831879581325,North,Historical
2020-08-11,1,2665.1016649544454,North,Historical
2020-08-12,1,2876.8542392634563,North,Historical
2020-08-13,1,2922.5548848567378,North,Historical
2020-08-14,1,2650.1661565614254,North,Historical
2020-08-15,1,2195.5957915472964,North,Historical
2020-08-16,1,2775.4876692366215,North,Historical
2020-08-17,1,2406.504803885236,North,Historical
2020-08-18,1,2946.8292989554366,North,Historical
2020-08-19,1,2579.4941026134707,North,Historical
2020-08-20,1,2741.2468441799724,North,Historical
2020-08-21,1,2526.3664413648266,North,Historical
2020-08-22,1,2912.878216457685,North,Historical
2020-08-23,1,2343.9006079512574,North,Historical
2020-08-24,1,2412.435765133112,North,Historical
2020-08-25,1,2683.06341560259,North,Historical
2020-08-26,1,2595.8095535895063,North,Historical
2020-08-27,1,2631.2055492006625,North,Historical
2020-08-28,1,2475.352953375561,North,Historical
2020-08-29,1,2760.664071402293,North,Historical
2020-08-30,1,2168.2456018834964,North,Historical
2020-08-31,1,2676.8910174135344,North,Historical
2020-09-01,1,2766.3044998557352,North,Historical
2020-09-02,1,2691.22922138094,North,Historical
2020-09-03,1,2638.6333111898507,North,Historical
2020-09-04,1,2460.2731999065827,North,Historical
2020-09-05,1,2199.403833724386,North,Historical
2020-09-06,1,2165.2620885304104,North,Historical
2020-09-07,1,2879.764536065316,North,Historical
2020-09-08,1,2551.5196178229,North,Historical
2020-09-09,1,2495.251269079208,North,Historical
2020-09-10,1,2882.9470784332257,North,Historical
2020-09-11,1,2371.8023042913646,North,Historical
2020-09-12,1,2034.695228741013,North,Historical
2020-09-13,1,2112.264860926654,North,Historical
2020-09-14,1,2184.5162656007433,North,Historical
2020-09-15,1,2594.8756084227934,North,Historical
2020-09-16,1,2500.772137374022,North,Historical
2020-09-17,1,2540.5739604156797,North,Historical
2020-09-18,1,2170.090023415579,North,Historical
2020-09-19,1,2070.7368963170366,North,Historical
2020-09-20,1,2112.7114284134354,North,Historical
2020-09-21,1,2441.7408244259864,North,Historical
2020-09-22,1,2749.7380121697224,North,Historical
2020-09-23,1,2458.6515789935925,North,Historical
2020-09-24,1,2342.3771936670687,North,Historical
2020-09-25,1,2310.6372084358522,North,Historical
2020-09-26,1,1941.5729338387134,North,Historical
2020-09-27,1,2515.6003197477116,North,Historical
2020-09-28,1,2131.7037265939084,North,Historical
2020-09-29,1,2628.4956748393847,North,Historical
2020-09-30,1,2918.3083005957774,North,Historical
2020-10-01,1,3109.781197474715,North,Historical
2020-10-02,1,2750.220003001449,North,Historical
2020-10-03,1,2344.9458138505247,North,Historical
2020-10-04,1,2613.261522397305,North,Historical
2020-10-05,1,2542.8511575850002,North,Historical
2020-10-06,1,2728.0101394704207,North,Historical
2020-10-07,1,2565.4530629466576,North,Historical
2020-10-08,1,2691.176600384124,North,Historical
2020-10-09,1,2418.1612252910963,North,Historical
2020-10-10,1,2106.393073606768,North,Historical
2020-10-11,1,2172.747600126977,North,Historical
2020-10-12,1,2403.693365020728,North,Historical
2020-10-13,1,2481.9378579976883,North,Historical
2020-10-14,1,2874.835824742892,North,Historical
2020-10-15,1,2935.1125325226085,North,Historical
2020-10-16,1,2796.361093948837,North,Historical
2020-10-17,1,2294.8383268892658,North,Historical
2020-10-18,1,3193.852902847536,North,Historical
2020-10-19,1,2679.9221344859816,North,Historical
2020-10-20,1,2741.1930390221955,North,Historical
2020-10-21,1,2530.0291768283832,North,Historical
2020-10-22,1,2706.7339388304417,North,Historical
2020-10-23,1,2422.8654715679586,North,Historical
2020-10-24,1,2358.5856613648743,North,Historical
2020-10-25,1,2189.588733050374,North,Historical
2020-10-26,1,2589.743813097127,North,Historical
2020-10-27,1,2689.8257024277873,North,Historical
2020-10-28,1,2897.817997491189,North,Historical
2020-10-29,1,2956.0818958487775,North,Historical
2020-10-30,1,2728.5931024487304,North,Historical
2020-10-31,1,2592.96842215334,North,Historical
2020-11-01,1,2711.4216710363744,North,Historical
2020-11-02,1,2978.647892132863,North,Historical
2020-11-03,1,2930.101212199866,North,Historical
2020-11-04,1,3108.1575873453335,North,Historical
2020-11-05,1,2999.1798601050587,North,Historical
2020-11-06,1,2733.64618216807,North,Historical
2020-11-07,1,3030.6567779177567,North,Historical
2020-11-08,1,3012.335832466843,North,Historical
2020-11-09,1,2996.6521711325754,North,Historical
2020-11-10,1,3082.382392703071,North,Historical
2020-11-11,1,2979.2670058976973,North,Historical
2020-11-12,1,2482.804405653689,North,Historical
2020-11-13,1,2872.9124976136586,North,Historical
2020-11-14,1,2399.164425002167,North,Historical
2020-11-15,1,2702.911655340771,North,Historical
2020-11-16,1,3522.126569834775,North,Historical
2020-11-17,1,3062.1118483968744,North,Historical
2020-11-18,1,3030.013619757863,North,Historical
2020-11-19,1,3059.7239480240837,North,Historical
2020-11-20,1,3208.717284160391,North,Historical
2020-11-21,1,2503.3856384061687,North,Historical
2020-11-22,1,3361.9373902806237,North,Historical
2020-11-23,1,3511.9928715237575,North,Historical
2020-11-24,1,3783.8227576653085,North,Historical
2020-11-25,1,3580.1714259653536,North,Historical
2020-11-26,1,3847.290315693595,North,Historical
2020-11-27,1,3662.8748854507226,North,Historical
2020-11-28,1,3465.620076961568,North,Historical
2020-11-29,1,2696.1978072145275,North,Historical
2020-11-30,1,3346.7300387662435,North,Historical
2020-12-01,1,3138.207607215324,North,Historical
2020-12-02,1,3357.700321275023,North,Historical
2020-12-03,1,3540.4262646023813,North,Historical
2020-12-04,1,3073.641347998703,North,Historical
2020-12-05,1,3048.8780535543233,North,Historical
2020-12-06,1,2711.877800371528,North,Historical
2020-12-07,1,3469.5641560055883,North,Historical
2020-12-08,1,3559.129301210135,North,Historical
2020-12-09,1,3449.304805617162,North,Historical
2020-12-10,1,3153.367385469545,North,Historical
2020-12-11,1,3016.237570069235,North,Historical
2020-12-12,1,3420.9595705412994,North,Historical
2020-12-13,1,3069.805856355993,North,Historical
2020-12-14,1,3391.379096475706,North,Historical
2020-12-15,1,3274.922282537165,North,Historical
2020-12-16,1,3629.442991069888,North,Historical
2020-12-17,1,3320.799191511352,North,Historical
2020-12-18,1,3137.2538578192552,North,Historical
2020-12-19,1,3631.381474663296,North,Historical
2020-12-20,1,2987.5975828962855,North,Historical
2020-12-21,1,3438.6701841917506,North,Historical
2020-12-22,1,3505.86564958946,North,Historical
2020-12-23,1,3335.387406746083,North,Historical
2020-12-24,1,4350.410339501873,North,Historical
2020-12-25,1,4630.545091153749,North,Historical
2020-12-26,1,3337.1443685809536,North,Historical
2020-12-27,1,3401.845548637702,North,Historical
2020-12-28,1,3406.581287882997,North,Historical
2020-12-29,1,3432.296832897817,North,Historical
2020-12-30,1,3491.1748793597403,North,Historical
2020-12-31,1,4438.721373786232,North,Historical
2021-01-01,1,3529.7154526809118,North,Historical
2021-01-02,1,3365.257630104596,North,Historical
2021-01-03,1,3474.216680969793,North,Historical
2021-01-04,1,3315.1921072479886,North,Historical
2021-01-05,1,3857.8982133093587,North,Historical
2021-01-06,1,3924.736049302633,North,Historical
2021-01-07,1,3733.72974457971,North,Historical
2021-01-08,1,4055.25468728199,North,Historical
2021-01-09,1,3684.372078279118,North,Historical
2021-01-10,1,4165.377631339694,North,Historical
2021-01-11,1,3795.575372890567,North,Historical
2021-01-12,1,3886.570908405362,North,Historical
2021-01-13,1,3886.4846711409114,North,Historical
2021-01-14,1,3596.6410101484494,North,Historical
2021-01-15,1,3676.9209417767456,North,Historical
2021-01-16,1,3623.0185109113845,North,Historical
2021-01-17,1,3358.9208355947812,North,Historical
2021-01-18,1,3750.1035529257065,North,Historical
2021-01-19,1,3739.380763146024,North,Historical
2021-01-20,1,3775.7799422660933,North,Historical
2021-01-21,1,4289.632945663568,North,Historical
2021-01-22,1,4535.510359446787,North,Historical
2021-01-23,1,4316.014934810227,North,Historical
2021-01-24,1,3851.421776715417,North,Historical
2021-01-25,1,4126.431407284379,North,Historical
2021-01-26,1,3972.424285130611,North,Historical
2021-01-27,1,3976.839400790506,North,Historical
2021-01-28,1,4167.458739338718,North,Historical
2021-01-29,1,3716.241696092255,North,Historical
2021-01-30,1,3489.020998695929,North,Historical
2021-01-31,1,3663.2813826541633,North,Historical
2021-02-01,1,4199.661326516241,North,Historical
2021-02-02,1,4026.4242122646456,North,Historical
2021-02-03,1,4348.974146220538,North,Historical
2021-02-04,1,4124.4044668882325,North,Historical
2021-02-05,1,3671.6419086138867,North,Historical
2021-02-06,1,4456.020376562835,North,Historical
2021-02-07,1,3642.7689620859032,North,Historical
2021-02-08,1,3841.6389690297597,North,Historical
2021-02-09,1,4451.452600323541,North,Historical
2021-02-10,1,4458.323603701899,North,Historical
2021-02-11,1,4499.951963253172,North,Historical
2021-02-12,1,3651.6783173183085,North,Historical
2021-02-13,1,3729.613683270733,North,Historical
2021-02-14,1,3936.12486700718,North,Historical
2021-02-15,1,4024.61913735819,North,Historical
2021-02-16,1,3953.2560989287754,North,Historical
2021-02-17,1,3826.026124224991,North,Historical
2021-02-18,1,3853.3512221387905,North,Historical
2021-02-19,1,3563.3956572671436,North,Historical
2021-02-20,1,3670.950628712378,North,Historical
2021-02-21,1,3843.0887088936315,North,Historical
2021-02-22,1,3808.734366951478,North,Historical
2021-02-23,1,4400.303693045128,North,Historical
2021-02-24,1,4281.410876855776,North,Historical
2021-02-25,1,4182.023318031708,North,Historical
2021-02-26,1,3913.3646153270383,North,Historical
2021-02-27,1,3745.4249012372784,North,Historical
2021-02-28,1,4257.783625821894,North,Historical
2021-03-01,1,4329.701535339551,North,Historical
2021-03-02,1,3972.6268825803368,North,Historical
2021-03-03,1,4351.419524658986,North,Historical
2021-03-04,1,4136.006210727442,North,Historical
2021-03-05,1,4118.192526439626,North,Historical
2021-03-06,1,4534.970386111125,North,Historical
2021-03-07,1,4054.6426423850594,North,Historical
2021-03-08,1,3830.4834302756067,North,Historical
2021-03-09,1,4359.724329194739,North,Historical
2021-03-10,1,4640.093742778842,North,Historical
2021-03-11,1,4270.515322632382,North,Historical
2021-03-12,1,4197.826588412428,North,Historical
2021-03-13,1,3738.0934285273242,North,Historical
2021-03-14,1,3798.9476734509158,North,Historical
2021-03-15,1,4637.874592029964,North,Historical
2021-03-16,1,4444.578621508793,North,Historical
2021-03-17,1,4074.2731758257883,North,Historical
2021-03-18,1,4316.649867402644,North,Historical
2021-03-19,1,3924.866321468439,North,Historical
2021-03-20,1,3998.5978341487044,North,Historical
2021-03-21,1,3879.9508231442383,North,Historical
2021-03-22,1,3901.476462838299,North,Historical
2021-03-23,1,4081.3504275338946,North,Historical
2021-03-24,1,3996.3285320642253,North,Historical
2021-03-25,1,4563.777500314986,North,Historical
2021-03-26,1,3963.0197864774123,North,Historical
2021-03-27,1,3638.2199319071697,North,Historical
2021-03-28,1,3395.637110763103,North,Historical
2021-03-29,1,3903.0379329713724,North,Historical
2021-03-30,1,4097.291539142998,North,Historical
2021-03-31,1,4225.794478902337,North,Historical
2021-04-01,1,4289.209093044106,North,Historical
2021-04-02,1,4082.555561476197,North,Historical
2021-04-03,1,3872.17096045378,North,Historical
2021-04-04,1,3885.796664993538,North,Historical
2021-04-05,1,3956.27363689347,North,Historical
2021-04-06,1,4424.668847654704,North,Historical
2021-04-07,1,3958.121374806933,North,Historical
2021-04-08,1,4848.733453757938,North,Historical
2021-04-09,1,4763.020611682656,North,Historical
2021-04-10,1,3949.6081955162463,North,Historical
2021-04-11,1,3938.3290393020197,North,Historical
2021-04-12,1,4328.46857749502,North,Historical
2021-04-13,1,4372.549341046054,North,Historical
2021-04-14,1,4178.30312095886,North,Historical
2021-04-15,1,3796.7143575833693,North,Historical
2021-04-16,1,3914.8732192645803,North,Historical
2021-04-17,1,3665.6837741668005,North,Historical
2021-04-18,1,4316.631008652128,North,Historical
2021-04-19,1,4031.039327653343,North,Historical
2021-04-20,1,4169.894297904984,North,Historical
2021-04-21,1,4223.509172336695,North,Historical
2021-04-22,1,4018.47453892246,North,Historical
2021-04-23,1,4025.2188926201593,North,Historical
2021-04-24,1,4509.0151820476585,North,Historical
2021-04-25,1,4356.214484876097,North,Historical
2021-04-26,1,4072.289269470282,North,Historical
2021-04-27,1,3927.4071915526265,North,Historical
2021-04-28,1,4354.025586926558,North,Historical
2021-04-29,1,4241.751882655095,North,Historical
2021-04-30,1,3933.4647425523503,North,Historical
2021-05-01,1,4169.612888708105,North,Historical
2021-05-02,1,3806.273158756815,North,Historical
2021-05-03,1,3606.728299274157,North,Historical
2021-05-04,1,4408.587981221245,North,Historical
2021-05-05,1,3874.419810944236,North,Historical
2021-05-06,1,4019.119614735017,North,Historical
2021-05-07,1,4044.7189201958013,North,Historical
2021-05-08,1,3581.005012456189,North,Historical
2021-05-09,1,3531.7423403393796,North,Historical
2021-05-10,1,3890.7379669902757,North,Historical
2021-05-11,1,3848.9269075775574,North,Historical
2021-05-12,1,4192.331255807805,North,Historical
2021-05-13,1,3690.755502348285,North,Historical
2021-05-14,1,3979.41074196947,North,Historical
2021-05-15,1,3962.2722337212585,North,Historical
2021-05-16,1,4252.438280584272,North,Historical
2021-05-17,1,3930.9195227527784,North,Historical
2021-05-18,1,4240.044743698528,North,Historical
2021-05-19,1,4222.453820660815,North,Historical
2021-05-20,1,3902.989549034018,North,Historical
2021-05-21,1,3927.2395875813936,North,Historical
2021-05-22,1,3509.6800964452264,North,Historical
2021-05-23,1,3436.8667641664188,North,Historical
2021-05-24,1,3869.098446060199,North,Historical
2021-05-25,1,4281.479064972313,North,Historical
2021-05-26,1,4069.3435856852298,North,Historical
2021-05-27,1,3676.815975295675,North,Historical
2021-05-28,1,3593.132526779756,North,Historical
2021-05-29,1,4160.070047854026,North,Historical
2021-05-30,1,3697.851582579989,North,Historical
2021-05-31,1,3801.6105228755036,North,Historical
2021-06-01,1,3378.4258307044674,North,Historical
2021-06-02,1,3893.083402100944,North,Historical
2021-06-03,1,3777.0353394409067,North,Historical
2021-06-04,1,3485.92518562412,North,Historical
2021-06-05,1,3243.691276732914,North,Historical
2021-06-06,1,3509.600006874836,North,Historical
2021-06-07,1,3467.8849247559247,North,Historical
2021-06-08,1,4390.954433437983,North,Historical
2021-06-09,1,4220.649693034184,North,Historical
2021-06-10,1,3758.5626057960526,North,Historical
2021-06-11,1,3439.2270272368314,North,Historical
2021-06-12,1,3202.3618701578903,North,Historical
2021-06-13,1,3251.0155322769206,North,Historical
2021-06-14,1,3600.626050710291,North,Historical
2021-06-15,1,4646.982594203248,North,Historical
2021-06-16,1,3900.897063142992,North,Historical
2021-06-17,1,3725.1361996526666,North,Historical
2021-06-18,1,3182.643710619176,North,Historical
2021-06-19,1,3196.868583333226,North,Historical
2021-06-20,1,3352.8242568825253,North,Historical
2021-06-21,1,3244.4672367792004,North,Historical
2021-06-22,1,3505.1950432119247,North,Historical
2021-06-23,1,3858.410030915489,North,Historical
2021-06-24,1,3645.0593178091644,North,Historical
2021-06-25,1,3427.5507828694626,North,Historical
2021-06-26,1,3236.0263482812998,North,Historical
2021-06-27,1,3307.2642556946394,North,Historical
2021-06-28,1,3119.8058819744583,North,Historical
2021-06-29,1,3596.197920698581,North,Historical
2021-06-30,1,3944.484002511126,North,Historical
2021-07-01,1,3301.108889976756,North,Historical
2021-07-02,1,3406.0700664228725,North,Historical
2021-07-03,1,3527.1994450819693,North,Historical
2021-07-04,1,4108.780182738221,North,Historical
2021-07-05,1,2998.7720562225545,North,Historical
2021-07-06,1,3386.9185976396343,North,Historical
2021-07-07,1,3193.8344093994715,North,Historical
2021-07-08,1,3422.56760266647,North,Historical
2021-07-09,1,3335.7398731366457,North,Historical
2021-07-10,1,3025.447929880112,North,Historical
2021-07-11,1,2744.32855086726,North,Historical
2021-07-12,1,3201.2658900165084,North,Historical
2021-07-13,1,3754.8751530762033,North,Historical
2021-07-14,1,3880.2344038969095,North,Historical
2021-07-15,1,3359.4328491283973,North,Historical
2021-07-16,1,2926.2799813287807,North,Historical
2021-07-17,1,3374.4650258954152,North,Historical
2021-07-18,1,3141.414784669531,North,Historical
2021-07-19,1,3425.985144213472,North,Historical
2021-07-20,1,3144.1121003391086,North,Historical
2021-07-21,1,3599.6078820798098,North,Historical
2021-07-22,1,3253.53619115027,North,Historical
2021-07-23,1,2993.52020004371,North,Historical
2021-07-24,1,3116.1511530278003,North,Historical
2021-07-25,1,3340.103360491981,North,Historical
2021-07-26,1,3274.1603642475816,North,Historical
2021-07-27,1,3270.483655466281,North,Historical
2021-07-28,1,3771.6728034267494,North,Historical
2021-07-29,1,3181.588351727293,North,Historical
2021-07-30,1,2772.6492254612717,North,Historical
2021-07-31,1,3392.406818596129,North,Historical
2021-08-01,1,2596.4655740700646,North,Historical
2021-08-02,1,2510.29748711691,North,Historical
2021-08-03,1,2999.2085706975404,North,Historical
2021-08-04,1,3043.204190222875,North,Historical
2021-08-05,1,2817.912157682374,North,Historical
2021-08-06,1,3048.0769252067967,North,Historical
2021-08-07,1,2550.6189659399806,North,Historical
2021-08-08,1,2909.6188550310026,North,Historical
2021-08-09,1,2843.9567624457295,North,Historical
2021-08-10,1,3343.314843858276,North,Historical
2021-08-11,1,2790.3909490847986,North,Historical
2021-08-12,1,2485.7757228081864,North,Historical
2021-08-13,1,2771.4976762389024,North,Historical
2021-08-14,1,2540.6312780220787,North,Historical
2021-08-15,1,2596.81992440391,North,Historical
2021-08-16,1,2521.4770729860875,North,Historical
2021-08-17,1,3124.1265453179785,North,Historical
2021-08-18,1,2818.940884426861,North,Historical
2021-08-19,1,2827.8821953288502,North,Historical
2021-08-20,1,2371.086314866532,North,Historical
2021-08-21,1,2587.8334164012604,North,Historical
2021-08-22,1,2499.6386430956,North,Historical
2021-08-23,1,2896.9293345222386,North,Historical
2021-08-24,1,2644.7434197627695,North,Historical
2021-08-25,1,2965.366922613209,North,Historical
2021-08-26,1,2880.0992135642978,North,Historical
2021-08-27,1,3139.435247185439,North,Historical
2021-08-28,1,2392.9441756210763,North,Historical
2021-08-29,1,2382.7267741603546,North,Historical
2021-08-30,1,2510.420279179184,North,Historical
2021-08-31,1,2619.025929535642,North,Historical
2021-09-01,1,2576.1664690123503,North,Historical
2021-09-02,1,2466.8310393259635,North,Historical
2021-09-03,1,2425.4951548232902,North,Historical
2021-09-04,1,2189.0905175132,North,Historical
2021-09-05,1,2196.9686420191824,North,Historical
2021-09-06,1,2687.1309628248596,North,Historical
2021-09-07,1,2534.3925362897817,North,Historical
2021-09-08,1,2701.635507802066,North,Historical
2021-09-09,1,2775.7820703167986,North,Historical
2021-09-10,1,2935.1070332740805,North,Historical
2021-09-11,1,2273.06060844559,North,Historical
2021-09-12,1,2653.0378201426697,North,Historical
2021-09-13,1,2277.841157729612,North,Historical
2021-09-14,1,3209.71735496814,North,Historical
2021-09-15,1,2800.583285540335,North,Historical
2021-09-16,1,2652.6304653781626,North,Historical
2021-09-17,1,2452.5171053810927,North,Historical
2021-09-18,1,2215.311478824134,North,Historical
2021-09-19,1,2335.006873458498,North,Historical
2021-09-20,1,2775.0958010746813,North,Historical
2021-09-21,1,2868.936984561799,North,Historical
2021-09-22,1,2899.733027375652,North,Historical
2021-09-23,1,2382.813909260908,North,Historical
2021-09-24,1,2591.6178756680165,North,Historical
2021-09-25,1,2396.8845497495654,North,Historical
2021-09-26,1,2550.60341671539,North,Historical
2021-09-27,1,2486.6749749854393,North,Historical
2021-09-28,1,2773.145389259507,North,Historical
2021-09-29,1,2740.4690567499442,North,Historical
2021-09-30,1,2878.919470436835,North,Historical
2021-10-01,1,2376.357487785148,North,Historical
2021-10-02,1,2238.917668668071,North,Historical
2021-10-03,1,2535.7531546026166,North,Historical
2021-10-04,1,2434.5205034327455,North,Historical
2021-10-05,1,2678.868212714851,North,Historical
2021-10-06,1,3045.5538930814228,North,Historical
2021-10-07,1,2509.5302409319997,North,Historical
2021-10-08,1,2627.415283048636,North,Historical
2021-10-09,1,2402.5596964511988,North,Historical
2021-10-10,1,2231.107602082495,North,Historical
2021-10-11,1,2376.865758046439,North,Historical
2021-10-12,1,2776.9225692586638,North,Historical
2021-10-13,1,2642.9259124824434,North,Historical
2021-10-14,1,2843.8254381294546,North,Historical
2021-10-15,1,2495.4849091709757,North,Historical
2021-10-16,1,2277.702751144157,North,Historical
2021-10-17,1,2530.611899241334,North,Historical
2021-10-18,1,2799.334681877233,North,Historical
2021-10-19,1,2778.1632426786314,North,Historical
2021-10-20,1,3110.4865669460773,North,Historical
2021-10-21,1,2696.0136770510585,North,Historical
2021-10-22,1,3066.6924873009248,North,Historical
2021-10-23,1,2719.3458983613823,North,Historical
2021-10-24,1,2783.7257628001953,North,Historical
2021-10-25,1,2590.612765730925,North,Historical
2021-10-26,1,2789.3823357991405,North,Historical
2021-10-27,1,2698.5692530847637,North,Historical
2021-10-28,1,2817.5006124527076,North,Historical
2021-10-29,1,2836.081722624545,North,Historical
2021-10-30,1,2373.3556532268126,North,Historical
2021-10-31,1,2409.70088658461,North,Historical
2021-11-01,1,2753.7440224448214,North,Historical
2021-11-02,1,3152.8653367862503,North,Historical
2021-11-03,1,3120.634974641593,North,Historical
2021-11-04,1,2929.4899712056267,North,Historical
2021-11-05,1,2859.9529767442255,North,Historical
2021-11-06,1,2562.055081315292,North,Historical
2021-11-07,1,3349.376169619504,North,Historical
2021-11-08,1,3202.908710615508,North,Historical
2021-11-09,1,3338.752239681639,North,Historical
2021-11-10,1,2936.993655158373,North,Historical
2021-11-11,1,2745.380987972407,North,Historical
2021-11-12,1,2925.3670784500496,North,Historical
2021-11-13,1,2547.544181834271,North,Historical
2021-11-14,1,2708.466443609763,North,Historical
2021-11-15,1,3239.0420423017267,North,Historical
2021-11-16,1,3247.366726820865,North,Historical
2021-11-17,1,3116.309631631754,North,Historical
2021-11-18,1,3068.9752613125115,North,Historical
2021-11-19,1,2616.3423487045216,North,Historical
2021-11-20,1,2734.889507737595,North,Historical
2021-11-21,1,2971.642097317651,North,Historical
2021-11-22,1,3962.815643936856,North,Historical
2021-11-23,1,3986.9742264090114,North,Historical
2021-11-24,1,3962.7306363077087,North,Historical
2021-11-25,1,3706.943444642663,North,Historical
2021-11-26,1,4206.166482002107,North,Historical
2021-11-27,1,3442.7017769246827,North,Historical
2021-11-28,1,3449.2055481794478,North,Historical
2021-11-29,1,2841.2214669282494,North,Historical
2021-11-30,1,3605.1436005342953,North,Historical
2021-12-01,1,3298.7669258041547,North,Historical
2021-12-02,1,3328.1880834677036,North,Historical
2021-12-03,1,2969.7182034930743,North,Historical
2021-12-04,1,2850.8886685888583,North,Historical
2021-12-05,1,2949.2281542346254,North,Historical
2021-12-06,1,3208.9996313726697,North,Historical
2021-12-07,1,2960.3770221031264,North,Historical
2021-12-08,1,3349.5125754876763,North,Historical
2021-12-09,1,3486.160354666039,North,Historical
2021-12-10,1,3415.274796577583,North,Historical
2021-12-11,1,2990.188629233385,North,Historical
2021-12-12,1,3090.4794808409697,North,Historical
2021-12-13,1,3385.77592697983,North,Historical
2021-12-14,1,3410.735361032741,North,Historical
2021-12-15,1,3512.888460721786,North,Historical
2021-12-16,1,3448.0876540896797,North,Historical
2021-12-17,1,3079.460224249936,North,Historical
2021-12-18,1,3117.311632577962,North,Historical
2021-12-19,1,3848.26134797682,North,Historical
2021-12-20,1,3753.7780335480475,North,Historical
2021-12-21,1,3935.8253153371097,North,Historical
2021-12-22,1,3426.0063997857396,North,Historical
2021-12-23,1,3447.1611047862616,North,Historical
2021-12-24,1,4257.544382957384,North,Historical
2021-12-25,1,4534.862076021697,North,Historical
2021-12-26,1,3481.726918405961,North,Historical
2021-12-27,1,3572.2785993134767,North,Historical
2021-12-28,1,3707.240286573388,North,Historical
2021-12-29,1,3679.8964077450214,North,Historical
2021-12-30,1,3705.8569205853973,North,Historical
2021-12-31,1,5013.346312705389,North,Historical
2022-01-01,1,3514.0159437514994,North,Historical
2022-01-02,1,3458.980516684487,North,Historical
2022-01-03,1,3478.77555299115,North,Historical
2022-01-04,1,3487.720471494556,North,Historical
2022-01-05,1,4028.875545615915,North,Historical
2022-01-06,1,3994.4650585551462,North,Historical
2022-01-07,1,3610.1188646960445,North,Historical
2022-01-08,1,3725.2079509937157,North,Historical
2022-01-09,1,3823.6666565908677,North,Historical
2022-01-10,1,3945.74529159887,North,Historical
2022-01-11,1,3698.62182589007,North,Historical
2022-01-12,1,3823.4729421200145,North,Historical
2022-01-13,1,3954.3038110181824,North,Historical
2022-01-14,1,3690.9583537670123,North,Historical
2022-01-15,1,3946.336120115558,North,Historical
2022-01-16,1,3705.211054997355,North,Historical
2022-01-17,1,3905.1235210544264,North,Historical
2022-01-18,1,4298.179531101507,North,Historical
2022-01-19,1,3765.5814065716713,North,Historical
2022-01-20,1,3895.5427587700337,North,Historical
2022-01-21,1,3804.8377195158146,North,Historical
2022-01-22,1,4021.8994230802687,North,Historical
2022-01-23,1,4596.443238673277,North,Historical
2022-01-24,1,3550.095785375822,North,Historical
2022-01-25,1,4025.955587836629,North,Historical
2022-01-26,1,3925.142357803651,North,Historical
2022-01-27,1,3786.1555688321,North,Historical
2022-01-28,1,3830.2278150297643,North,Historical
2022-01-29,1,3405.6452834501183,North,Historical
2022-01-30,1,3702.26209530679,North,Historical
2022-01-31,1,3434.806407239046,North,Historical
2022-02-01,1,3794.96034676008,North,Historical
2022-02-02,1,4458.297974628251,North,Historical
2022-02-03,1,3965.8192139160246,North,Historical
2022-02-04,1,4104.7807027227245,North,Historical
2022-02-05,1,3660.906433025523,North,Historical
2022-02-06,1,3353.0104144289126,North,Historical
2022-02-07,1,4389.073214595962,North,Historical
2022-02-08,1,4656.457829413097,North,Historical
2022-02-09,1,4638.402192813791,North,Historical
2022-02-10,1,4052.788271715734,North,Historical
2022-02-11,1,3931.7074461292736,North,Historical
2022-02-12,1,3805.653421943414,North,Historical
2022-02-13,1,3935.81499948682,North,Historical
2022-02-14,1,5161.4149128476465,North,Historical
2022-02-15,1,4260.456937995184,North,Historical
2022-02-16,1,3955.859806125616,North,Historical
2022-02-17,1,4111.50448996087,North,Historical
2022-02-18,1,3960.209437686292,North,Historical
2022-02-19,1,3797.3838685591177,North,Historical
2022-02-20,1,4018.727763913851,North,Historical
2022-02-21,1,3935.6012767465445,North,Historical
2022-02-22,1,3926.4910064262785,North,Historical
2022-02-23,1,4039.647385918316,North,Historical
2022-02-24,1,4070.2535819750938,North,Historical
2022-02-25,1,4477.557770969029,North,Historical
2022-02-26,1,3501.3794753655607,North,Historical
2022-02-27,1,3763.349932531725,North,Historical
2022-02-28,1,4092.593532320192,North,Historical
2022-03-01,1,4564.668852232688,North,Historical
2022-03-02,1,4419.176856932537,North,Historical
2022-03-03,1,4309.512942646365,North,Historical
2022-03-04,1,4299.628294380173,North,Historical
2022-03-05,1,3943.007533186893,North,Historical
2022-03-06,1,4169.71392263209,North,Historical
2022-03-07,1,3588.9659517188566,North,Historical
2022-03-08,1,4395.83358601377,North,Historical
2022-03-09,1,4616.184686138623,North,Historical
2022-03-10,1,4507.924861254294,North,Historical
2022-03-11,1,4239.858609247723,North,Historical
2022-03-12,1,4234.950213331111,North,Historical
2022-03-13,1,4060.680195514953,North,Historical
2022-03-14,1,3979.912370504974,North,Historical
2022-03-15,1,4484.45312797829,North,Historical
2022-03-16,1,4212.120743381962,North,Historical
2022-03-17,1,4089.8560254859767,North,Historical
2022-03-18,1,4039.9692071777013,North,Historical
2022-03-19,1,4056.4858467046784,North,Historical
2022-03-20,1,3726.6738722531945,North,Historical
2022-03-21,1,4575.817334110264,North,Historical
2022-03-22,1,4230.816126361912,North,Historical
2022-03-23,1,4208.88388272319,North,Historical
2022-03-24,1,3777.349416236697,North,Historical
2022-03-25,1,4205.797956897536,North,Historical
2022-03-26,1,4003.8875729985275,North,Historical
2022-03-27,1,4383.215560269905,North,Historical
2022-03-28,1,4645.349035112893,North,Historical
2022-03-29,1,4691.271089921259,North,Historical
2022-03-30,1,4453.518228528292,North,Historical
2022-03-31,1,4677.558806351939,North,Historical
2022-04-01,1,4323.851203004322,North,Historical
2022-04-02,1,3360.929639567086,North,Historical
2022-04-03,1,3931.6522212141863,North,Historical
2022-04-04,1,4567.050178033682,North,Historical
2022-04-05,1,4342.161508405198,North,Historical
2022-04-06,1,4350.215687744906,North,Historical
2022-04-07,1,4705.017278011007,North,Historical
2022-04-08,1,4036.137948453818,North,Historical
2022-04-09,1,4004.2718269892016,North,Historical
2022-04-10,1,4304.6861791406845,North,Historical
2022-04-11,1,4176.326124116045,North,Historical
2022-04-12,1,4264.111510300103,North,Historical
2022-04-13,1,4378.450498597096,North,Historical
2022-04-14,1,4192.7235512826155,North,Historical
2022-04-15,1,4193.437656093967,North,Historical
2022-04-16,1,4094.819085257387,North,Historical
2022-04-17,1,3889.0702881130305,North,Historical
2022-04-18,1,4013.406516423818,North,Historical
2022-04-19,1,4215.457284198732,North,Historical
2022-04-20,1,4570.123771128972,North,Historical
2022-04-21,1,4155.38277992881,North,Historical
2022-04-22,1,4362.376683095961,North,Historical
2022-04-23,1,3918.9917498117443,North,Historical
2022-04-24,1,3992.271184642171,North,Historical
2022-04-25,1,4879.818788799994,North,Historical
2022-04-26,1,4452.538659390814,North,Historical
2022-04-27,1,4006.262003469522,North,Historical
2022-04-28,1,4165.120844342099,North,Historical
2022-04-29,1,3847.984173466817,North,Historical
2022-04-30,1,3821.0000824750373,North,Historical
2022-05-01,1,4217.290076635364,North,Historical
2022-05-02,1,4259.3080888988325,North,Historical
2022-05-03,1,4110.431741094278,North,Historical
2022-05-04,1,4062.5815808052357,North,Historical
2022-05-05,1,3716.1247798789013,North,Historical
2022-05-06,1,3971.0427927905203,North,Historical
2022-05-07,1,4435.324477446027,North,Historical
2022-05-08,1,3891.010806597776,North,Historical
2022-05-09,1,3635.1859178552595,North,Historical
2022-05-10,1,3941.3810329447115,North,Historical
2022-05-11,1,4263.573371954496,North,Historical
2022-05-12,1,4194.202844469025,North,Historical
2022-05-13,1,4659.088832240552,North,Historical
2022-05-14,1,4016.5029618633835,North,Historical
2022-05-15,1,4328.838485766259,North,Historical
2022-05-16,1,3808.8667214964776,North,Historical
2022-05-17,1,4199.659680563117,North,Historical
2022-05-18,1,4084.3204366150476,North,Historical
2022-05-19,1,4042.0905237250304,North,Historical
2022-05-20,1,4104.92986217912,North,Historical
2022-05-21,1,3507.220550788386,North,Historical
2022-05-22,1,4589.150516011616,North,Historical
2022-05-23,1,4187.757739376991,North,Historical
2022-05-24,1,4556.809435877322,North,Historical
2022-05-25,1,3868.219811386145,North,Historical
2022-05-26,1,4243.677425497022,North,Historical
2022-05-27,1,4531.676464237005,North,Historical
2022-05-28,1,3819.6282475622197,North,Historical
2022-05-29,1,4384.82864043317,North,Historical
2022-05-30,1,3803.5267093587026,North,Historical
2022-05-31,1,4178.283837094158,North,Historical
2022-06-01,1,3849.0624864464025,North,Historical
2022-06-02,1,3769.687232293018,North,Historical
2022-06-03,1,3228.2687119539437,North,Historical
2022-06-04,1,3218.6351249407708,North,Historical
2022-06-05,1,3677.6667181345956,North,Historical
2022-06-06,1,3597.4902780412467,North,Historical
2022-06-07,1,4229.064677708148,North,Historical
2022-06-08,1,3847.065717143789,North,Historical
2022-06-09,1,3688.631292423263,North,Historical
2022-06-10,1,4123.390505297503,North,Historical
2022-06-11,1,3601.869584239533,North,Historical
2022-06-12,1,3704.16248413808,North,Historical
2022-06-13,1,3901.0142537447737,North,Historical
2022-06-14,1,3670.090378059219,North,Historical
2022-06-15,1,4005.706562129185,North,Historical
2022-06-16,1,3587.06019375452,North,Historical
2022-06-17,1,3578.2536301335485,North,Historical
2022-06-18,1,4372.159568019757,North,Historical
2022-06-19,1,3960.8335722258353,North,Historical
2022-06-20,1,3674.9558628779628,North,Historical
2022-06-21,1,3548.859367814874,North,Historical
2022-06-22,1,3730.678021168948,North,Historical
2022-06-23,1,3938.131204494241,North,Historical
2022-06-24,1,3325.877762066438,North,Historical
2022-06-25,1,3615.40556774188,North,Historical
2022-06-26,1,3464.7646076149936,North,Historical
2022-06-27,1,4045.1639749677493,North,Historical
2022-06-28,1,3446.984800186765,North,Historical
2022-06-29,1,4025.191150105516,North,Historical
2022-06-30,1,3819.011074161945,North,Historical
2022-07-01,1,3301.1048579747835,North,Historical
2022-07-02,1,3372.8351748818927,North,Historical
2022-07-03,1,3081.637920515545,North,Historical
2022-07-04,1,3930.530277191448,North,Historical
2022-07-05,1,3328.836185993706,North,Historical
2022-07-06,1,3590.1586770963895,North,Historical
2022-07-07,1,3423.616941065945,North,Historical
2022-07-08,1,3137.9281614436995,North,Historical
2022-07-09,1,3199.381778229795,North,Historical
2022-07-10,1,3220.4041015818875,North,Historical
2022-07-11,1,3340.0069259689562,North,Historical
2022-07-12,1,3639.630566100505,North,Historical
2022-07-13,1,3368.8314560749222,North,Historical
2022-07-14,1,3699.4721493125844,North,Historical
2022-07-15,1,3972.160606023995,North,Historical
2022-07-16,1,3038.065703929543,North,Historical
2022-07-17,1,3382.6593411510157,North,Historical
2022-07-18,1,3572.166193773192,North,Historical
2022-07-19,1,3558.2402194158144,North,Historical
2022-07-20,1,3430.6465658237676,North,Historical
2022-07-21,1,3213.742119269191,North,Historical
2022-07-22,1,3422.732237152748,North,Historical
2022-07-23,1,3213.101522248969,North,Historical
2022-07-24,1,3167.900772072389,North,Historical
2022-07-25,1,3114.8366172191204,North,Historical
2022-07-26,1,3332.778327950658,North,Historical
2022-07-27,1,3460.0983338722767,North,Historical
2022-07-28,1,3639.6545456204976,North,Historical
2022-07-29,1,3261.0427047898206,North,Historical
2022-07-30,1,3032.215204911189,North,Historical
2022-07-31,1,3149.385243205607,North,Historical
2022-08-01,1,2966.679427222638,North,Historical
2022-08-02,1,3009.8415245146875,North,Historical
2022-08-03,1,2973.5984783435747,North,Historical
2022-08-04,1,2986.9368474349885,North,Historical
2022-08-05,1,2874.760766405551,North,Historical
2022-08-06,1,2931.8067031622845,North,Historical
2022-08-07,1,2790.66257958783,North,Historical
2022-08-08,1,3018.8078688222126,North,Historical
2022-08-09,1,2673.0858199066442,North,Historical
2022-08-10,1,2984.8528732298514,North,Historical
2022-08-11,1,3036.0618211515384,North,Historical
2022-08-12,1,2493.8883904681434,North,Historical
2022-08-13,1,2801.948333280514,North,Historical
2022-08-14,1,2849.395407226908,North,Historical
2022-08-15,1,2878.822304108198,North,Historical
2022-08-16,1,2820.611999151798,North,Historical
2022-08-17,1,2702.2845435020545,North,Historical
2022-08-18,1,3121.532097198743,North,Historical
2022-08-19,1,2653.5070847933707,North,Historical
2022-08-20,1,2498.2863664599054,North,Historical
2022-08-21,1,3080.667022531902,North,Historical
2022-08-22,1,2925.714457722749,North,Historical
2022-08-23,1,2814.2640733797807,North,Historical
2022-08-24,1,2747.9559412323097,North,Historical
2022-08-25,1,3271.5323144009426,North,Historical
2022-08-26,1,2460.526935515766,North,Historical
2022-08-27,1,2821.0412374332172,North,Historical
2022-08-28,1,2458.4405414662288,North,Historical
2022-08-29,1,2528.161825810909,North,Historical
2022-08-30,1,2770.8660822275765,North,Historical
2022-08-31,1,2870.9817014570594,North,Historical
2022-09-01,1,2583.214523072098,North,Historical
2022-09-02,1,2509.473288178367,North,Historical
2022-09-03,1,2887.145584782578,North,Historical
2022-09-04,1,2362.512550773082,North,Historical
2022-09-05,1,2917.495765833931,North,Historical
2022-09-06,1,2634.974379043181,North,Historical
2022-09-07,1,2729.961772949571,North,Historical
2022-09-08,1,2527.0000329464247,North,Historical
2022-09-09,1,2359.2475771676277,North,Historical
2022-09-10,1,2388.2395275795307,North,Historical
2022-09-11,1,2613.172446943815,North,Historical
2022-09-12,1,2497.5457244427944,North,Historical
2022-09-13,1,2799.276077998907,North,Historical
2022-09-14,1,2843.7463321548985,North,Historical
2022-09-15,1,2600.6518543133707,North,Historical
2022-09-16,1,2581.355216801934,North,Historical
2022-09-17,1,2303.0866449567297,North,Historical
2022-09-18,1,2341.7842674369454,North,Historical
2022-09-19,1,2759.0817238611808,North,Historical
2022-09-20,1,2749.451891645618,North,Historical
2022-09-21,1,2921.5910590078133,North,Historical
2022-09-22,1,3022.341154514764,North,Historical
2022-09-23,1,2470.1757343264458,North,Historical
2022-09-24,1,2373.357700886747,North,Historical
2022-09-25,1,2318.2864892099074,North,Historical
2022-09-26,1,2590.357865864115,North,Historical
2022-09-27,1,2741.871085230452,North,Historical
2022-09-28,1,2835.089798755703,North,Historical
2022-09-29,1,2707.2806432823872,North,Historical
2022-09-30,1,2476.924169016471,North,Historical
2022-10-01,1,3201.141958319321,North,Historical
2022-10-02,1,2399.27087431333,North,Historical
2022-10-03,1,2508.9644215826456,North,Historical
2022-10-04,1,2798.060668462424,North,Historical
2022-10-05,1,2788.778773807819,North,Historical
2022-10-06,1,3068.3628680204915,North,Historical
2022-10-07,1,2513.23027118722,North,Historical
2022-10-08,1,2479.4896290083434,North,Historical
2022-10-09,1,2568.710227361512,North,Historical
2022-10-10,1,3056.823478638773,North,Historical
2022-10-11,1,2637.0654955717,North,Historical
2022-10-12,1,3141.850889198631,North,Historical
2022-10-13,1,2595.4891907365113,North,Historical
2022-10-14,1,2839.6429357936936,North,Historical
2022-10-15,1,2459.5147668850623,North,Historical
2022-10-16,1,2757.803805906044,North,Historical
2022-10-17,1,2682.4817453790333,North,Historical
2022-10-18,1,3291.379290730345,North,Historical
2022-10-19,1,2876.3558566186966,North,Historical
2022-10-20,1,2977.0147420595367,North,Historical
2022-10-21,1,2985.9553533248063,North,Historical
2022-10-22,1,2329.825066341781,North,Historical
2022-10-23,1,2736.82759322962,North,Historical
2022-10-24,1,2715.874903278494,North,Historical
2022-10-25,1,3476.951428221136,North,Historical
2022-10-26,1,3206.82030786711,North,Historical
2022-10-27,1,2879.257663023112,North,Historical
2022-10-28,1,3054.56168766043,North,Historical
2022-10-29,1,3052.1403809641197,North,Historical
2022-10-30,1,2615.2969522362146,North,Historical
2022-10-31,1,2737.342980769199,North,Historical
2022-11-01,1,3002.6830408430073,North,Historical
2022-11-02,1,2582.950896555986,North,Historical
2022-11-03,1,3206.0089714472433,North,Historical
2022-11-04,1,3051.5021375453025,North,Historical
2022-11-05,1,2588.899585396585,North,Historical
2022-11-06,1,2713.9076047687713,North,Historical
2022-11-07,1,3355.159520232615,North,Historical
2022-11-08,1,2872.3604233860356,North,Historical
2022-11-09,1,3268.617233816194,North,Historical
2022-11-10,1,3259.641511836439,North,Historical
2022-11-11,1,2596.041186974715,North,Historical
2022-11-12,1,2479.8250051613777,North,Historical
2022-11-13,1,2589.699433078853,North,Historical
2022-11-14,1,3101.707390195667,North,Historical
2022-11-15,1,3079.2543544308974,North,Historical
2022-11-16,1,3324.6605485452765,North,Historical
2022-11-17,1,3086.5401771140387,North,Historical
2022-11-18,1,2949.0872965245744,North,Historical
2022-11-19,1,2783.1401849102585,North,Historical
2022-11-20,1,3087.1562947282346,North,Historical
2022-11-21,1,3120.6083469644173,North,Historical
2022-11-22,1,3590.9678125044697,North,Historical
2022-11-23,1,4277.005813588563,North,Historical
2022-11-24,1,3847.139452198649,North,Historical
2022-11-25,1,3587.7960668032183,North,Historical
2022-11-26,1,3277.691199455063,North,Historical
2022-11-27,1,3827.351535627979,North,Historical
2022-11-28,1,3629.9436508981426,North,Historical
2022-11-29,1,3395.5393213257407,North,Historical
2022-11-30,1,3354.8720571936115,North,Historical
2022-12-01,1,3384.979904739934,North,Historical
2022-12-02,1,3761.908507640735,North,Historical
2022-12-03,1,3476.250581776946,North,Historical
2022-12-04,1,3132.300496136289,North,Historical
2022-12-05,1,3339.77887339103,North,Historical
2022-12-06,1,3616.738745324093,North,Historical
2022-12-07,1,3385.5682243676547,North,Historical
2022-12-08,1,3426.6700179217287,North,Historical
2022-12-09,1,3617.0408949446187,North,Historical
2022-12-10,1,3158.72190203157,North,Historical
2022-12-11,1,3601.1826033883913,North,Historical
2022-12-12,1,3346.2707347656888,North,Historical
2022-12-13,1,3781.084309871399,North,Historical
2022-12-14,1,3484.097584082974,North,Historical
2022-12-15,1,3939.7550837297536,North,Historical
2022-12-16,1,3402.0536432326503,North,Historical
2022-12-17,1,3865.480755691091,North,Historical
2022-12-18,1,3429.549417274978,North,Historical
2022-12-19,1,3670.422937003386,North,Historical
2022-12-20,1,3834.636637018232,North,Historical
2022-12-21,1,3745.854110074346,North,Historical
2022-12-22,1,3818.280143780152,North,Historical
2022-12-23,1,3426.462976547817,North,Historical
2022-12-24,1,5026.940026012922,North,Historical
2022-12-25,1,5127.357717001309,North,Historical
2022-12-26,1,3973.0589937317295,North,Historical
2022-12-27,1,4181.414152893398,North,Historical
2022-12-28,1,4109.284150814152,North,Historical
2022-12-29,1,3594.6038173419547,North,Historical
2022-12-30,1,3374.5312649889247,North,Historical
2020-01-01,2,3135.7147179061376,North,Historical
2020-01-02,2,2824.2508407812893,North,Historical
2020-01-03,2,2823.201647813836,North,Historical
2020-01-04,2,2346.0103192547667,North,Historical
2020-01-05,2,2537.2150826762427,North,Historical
2020-01-06,2,2851.4466189333193,North,Historical
2020-01-07,2,3020.3551718943427,North,Historical
2020-01-08,2,3165.18841935992,North,Historical
2020-01-09,2,2929.6080455234005,North,Historical
2020-01-10,2,2881.36782751944,North,Historical
2020-01-11,2,2771.3265400070995,North,Historical
2020-01-12,2,2339.804518212605,North,Historical
2020-01-13,2,3255.5231967683485,North,Historical
2020-01-14,2,2931.6729471896956,North,Historical
2020-01-15,2,3194.97222866913,North,Historical
2020-01-16,2,2782.598095911418,North,Historical
2020-01-17,2,2732.570039846603,North,Historical
2020-01-18,2,2606.2147047197413,North,Historical
2020-01-19,2,2807.8636737157335,North,Historical
2020-01-20,2,2977.1566153960975,North,Historical
2020-01-21,2,2864.5196707209325,North,Historical
2020-01-22,2,2737.9351663203665,North,Historical
2020-01-23,2,2837.2689215391397,North,Historical
2020-01-24,2,2844.883594396683,North,Historical
2020-01-25,2,2497.994201049887,North,Historical
2020-01-26,2,2772.7700137755924,North,Historical
2020-01-27,2,2795.1203515135167,North,Historical
2020-01-28,2,3232.0944190664027,North,Historical
2020-01-29,2,3401.2013822791696,North,Historical
2020-01-30,2,3291.7629421461056,North,Historical
2020-01-31,2,3176.750869427918,North,Historical
2020-02-01,2,2690.9353361754893,North,Historical
2020-02-02,2,2886.6721222959072,North,Historical
2020-02-03,2,3423.97109204281,North,Historical
2020-02-04,2,3589.803136148514,North,Historical
2020-02-05,2,3249.274996218632,North,Historical
2020-02-06,2,3368.167895054321,North,Historical
2020-02-07,2,3165.021057785597,North,Historical
2020-02-08,2,3152.227879619991,North,Historical
2020-02-09,2,3175.625718654847,North,Historical
2020-02-10,2,3095.3215456528983,North,Historical
2020-02-11,2,3285.3191225036376,North,Historical
2020-02-12,2,3930.2374335967056,North,Historical
2020-02-13,2,3095.9918070418303,North,Historical
2020-02-14,2,2878.3994804731083,North,Historical
2020-02-15,2,3061.995133222557,North,Historical
2020-02-16,2,2621.5323903393673,North,Historical
2020-02-17,2,2844.4416478592884,North,Historical
2020-02-18,2,3072.6528256414313,North,Historical
2020-02-19,2,3437.4430342733563,North,Historical
2020-02-20,2,3074.030312274726,North,Historical
2020-02-21,2,2851.220033076406,North,Historical
2020-02-22,2,2954.144859419324,North,Historical
2020-02-23,2,2692.935867363421,North,Historical
2020-02-24,2,3360.05916424796,North,Historical
2020-02-25,2,2998.276401278476,North,Historical
2020-02-26,2,3296.3559898049084,North,Historical
2020-02-27,2,2707.5745728148486,North,Historical
2020-02-28,2,3180.7875121284605,North,Historical
2020-02-29,2,2949.9579454090044,North,Historical
2020-03-01,2,3813.635916176971,North,Historical
2020-03-02,2,3288.5264071633314,North,Historical
2020-03-03,2,2890.3975933278543,North,Historical
2020-03-04,2,3477.6029811451845,North,Historical
2020-03-05,2,3106.2892892900436,North,Historical
2020-03-06,2,3116.5358014608687,North,Historical
2020-03-07,2,2865.176692962639,North,Historical
2020-03-08,2,2735.9812868748954,North,Historical
2020-03-09,2,3486.0002146343727,North,Historical
2020-03-10,2,3165.5830458482883,North,Historical
2020-03-11,2,3562.4038099345953,North,Historical
2020-03-12,2,3295.2833512806424,North,Historical
2020-03-13,2,3511.079404411555,North,Historical
2020-03-14,2,2831.0771441360666,North,Historical
2020-03-15,2,2820.159902164642,North,Historical
2020-03-16,2,3090.582335815207,North,Historical
2020-03-17,2,3232.9902897655297,North,Historical
2020-03-18,2,3560.5512564232417,North,Historical
2020-03-19,2,3278.179670736512,North,Historical
2020-03-20,2,3302.6765257798547,North,Historical
2020-03-21,2,2948.2197425751256,North,Historical
2020-03-22,2,2996.1300635967236,North,Historical
2020-03-23,2,3536.4790666191266,North,Historical
2020-03-24,2,3644.759753175967,North,Historical
2020-03-25,2,3113.6748111567363,North,Historical
2020-03-26,2,3346.8007162097365,North,Historical
2020-03-27,2,3274.166328463137,North,Historical
2020-03-28,2,3357.451535915342,North,Historical
2020-03-29,2,3029.753276001199,North,Historical
2020-03-30,2,3342.8538616750925,North,Historical
2020-03-31,2,3340.865557660426,North,Historical
2020-04-01,2,3420.402973439852,North,Historical
2020-04-02,2,3717.4980483988325,North,Historical
2020-04-03,2,3027.638113872021,North,Historical
2020-04-04,2,3363.601226493705,North,Historical
2020-04-05,2,3354.538239460806,North,Historical
2020-04-06,2,3178.691732567584,North,Historical
2020-04-07,2,3103.015323230395,North,Historical
2020-04-08,2,3431.013891152908,North,Historical
2020-04-09,2,3129.7869662714143,North,Historical
2020-04-10,2,3100.0802431010356,North,Historical
2020-04-11,2,3212.443614062668,North,Historical
2020-04-12,2,2818.1003007068252,North,Historical
2020-04-13,2,3226.832620620016,North,Historical
2020-04-14,2,3244.2482260140278,North,Historical
2020-04-15,2,3168.5214402630545,North,Historical
2020-04-16,2,3372.3458560526014,North,Historical
2020-04-17,2,3448.279839716515,North,Historical
2020-04-18,2,3591.90526733345,North,Historical
2020-04-19,2,2837.0328625475076,North,Historical
2020-04-20,2,2974.8005979811874,North,Historical
2020-04-21,2,3112.8050124930855,North,Historical
2020-04-22,2,3329.5929234993787,North,Historical
2020-04-23,2,3591.756053384321,North,Historical
2020-04-24,2,3137.2656873521896,North,Historical
2020-04-25,2,3096.898196250165,North,Historical
2020-04-26,2,2944.5949541090363,North,Historical
2020-04-27,2,3704.228491213097,North,Historical
2020-04-28,2,3324.289358561026,North,Historical
2020-04-29,2,3673.8911053559514,North,Historical
2020-04-30,2,3317.775655289875,North,Historical
2020-05-01,2,2719.4936100373448,North,Historical
2020-05-02,2,3037.526744881883,North,Historical
2020-05-03,2,2788.2184437209053,North,Historical
2020-05-04,2,2852.882716995704,North,Historical
2020-05-05,2,2739.7733745600817,North,Historical
2020-05-06,2,3131.611554388719,North,Historical
2020-05-07,2,3125.257337152255,North,Historical
2020-05-08,2,3274.6648269785555,North,Historical
2020-05-09,2,2879.6388376454443,North,Historical
2020-05-10,2,2781.909912337715,North,Historical
2020-05-11,2,3523.0395651166787,North,Historical
2020-05-12,2,2997.3875803907977,North,Historical
2020-05-13,2,3144.3822848118975,North,Historical
2020-05-14,2,3132.367690084416,North,Historical
2020-05-15,2,2645.774348294371,North,Historical
2020-05-16,2,2920.2207913033803,North,Historical
2020-05-17,2,2719.987989892249,North,Historical
2020-05-18,2,3012.317020091455,North,Historical
2020-05-19,2,3620.062220031843,North,Historical
2020-05-20,2,2936.3085356317742,North,Historical
2020-05-21,2,2893.142168940557,North,Historical
2020-05-22,2,2801.5060637139286,North,Historical
2020-05-23,2,3455.083627491794,North,Historical
2020-05-24,2,3055.172007774053,North,Historical
2020-05-25,2,3026.652648748866,North,Historical
2020-05-26,2,3061.293561819295,North,Historical
2020-05-27,2,2965.904935767736,North,Historical
2020-05-28,2,3188.0364970130586,North,Historical
2020-05-29,2,2244.7434911020737,North,Historical
2020-05-30,2,2954.08420694772,North,Historical
2020-05-31,2,3187.3188986509717,North,Historical
2020-06-01,2,2745.832011628791,North,Historical
2020-06-02,2,3199.8040343979937,North,Historical
2020-06-03,2,2922.904945371758,North,Historical
2020-06-04,2,2880.5090399378823,North,Historical
2020-06-05,2,2726.849382183751,North,Historical
2020-06-06,2,2623.5878028995144,North,Historical
2020-06-07,2,2440.6828756549685,North,Historical
2020-06-08,2,2829.826807599754,North,Historical
2020-06-09,2,2790.7309385751055,North,Historical
2020-06-10,2,2815.135777651139,North,Historical
2020-06-11,2,2924.748031507593,North,Historical
2020-06-12,2,2521.883220367328,North,Historical
2020-06-13,2,2588.6431258406665,North,Historical
2020-06-14,2,2478.4051609777403,North,Historical
2020-06-15,2,2621.196437359835,North,Historical
2020-06-16,2,2394.343801108841,North,Historical
2020-06-17,2,2940.2936685316745,North,Historical
2020-06-18,2,2923.4097403688893,North,Historical
2020-06-19,2,2471.5169071107225,North,Historical
2020-06-20,2,2595.790366991916,North,Historical
2020-06-21,2,2610.5117071455625,North,Historical
2020-06-22,2,2835.2966955703114,North,Historical
2020-06-23,2,3127.0401777532265,North,Historical
2020-06-24,2,3437.604192205282,North,Historical
2020-06-25,2,2626.5327572048013,North,Historical
2020-06-26,2,2845.8444187492796,North,Historical
2020-06-27,2,2455.949433642738,North,Historical
2020-06-28,2,2385.0206156712698,North,Historical
2020-06-29,2,2225.3787635290546,North,Historical
2020-06-30,2,2594.7465313192133,North,Historical
2020-07-01,2,2937.148424605297,North,Historical
2020-07-02,2,2418.743002246967,North,Historical
2020-07-03,2,2360.925569866564,North,Historical
2020-07-04,2,2638.016796985553,North,Historical
2020-07-05,2,2374.3983678777217,North,Historical
2020-07-06,2,2627.4058708079133,North,Historical
2020-07-07,2,2588.2446180613238,North,Historical
2020-07-08,2,2579.9278467073523,North,Historical
2020-07-09,2,2670.7272241744076,North,Historical
2020-07-10,2,2308.3663522049537,North,Historical
2020-07-11,2,2540.4553312205194,North,Historical
2020-07-12,2,2230.858212850574,North,Historical
2020-07-13,2,2467.853985439106,North,Historical
2020-07-14,2,2342.737919898134,North,Historical
2020-07-15,2,2487.495299843092,North,Historical
2020-07-16,2,2338.733906989533,North,Historical
2020-07-17,2,2159.7066161786306,North,Historical
2020-07-18,2,2011.0417011996074,North,Historical
2020-07-19,2,2082.973535978169,North,Historical
2020-07-20,2,1972.0724859727045,North,Historical
2020-07-21,2,2412.0161984252327,North,Historical
2020-07-22,2,2505.0424889007923,North,Historical
2020-07-23,2,2460.90474019454,North,Historical
2020-07-24,2,2407.083345464552,North,Historical
2020-07-25,2,2137.1763388470617,North,Historical
2020-07-26,2,2005.5987947723304,North,Historical
2020-07-27,2,2112.2651458876203,North,Historical
2020-07-28,2,2131.941790198722,North,Historical
2020-07-29,2,2713.0183083755064,North,Historical
2020-07-30,2,2746.6747199626952,North,Historical
2020-07-31,2,2076.4574612879205,North,Historical
2020-08-01,2,1492.1241815738426,North,Historical
2020-08-02,2,2047.1165528685945,North,Historical
2020-08-03,2,2038.9331003256402,North,Historical
2020-08-04,2,2193.826119555627,North,Historical
2020-08-05,2,2106.037489553832,North,Historical
2020-08-06,2,2380.969435212331,North,Historical
2020-08-07,2,1972.9627157272614,North,Historical
2020-08-08,2,1805.7690420674974,North,Historical
2020-08-09,2,1863.321617602016,North,Historical
2020-08-10,2,1833.599124110303,North,Historical
2020-08-11,2,2046.2799037415982,North,Historical
2020-08-12,2,2002.285221840071,North,Historical
2020-08-13,2,1993.7319087462974,North,Historical
2020-08-14,2,2238.160257030468,North,Historical
2020-08-15,2,1880.7556677176926,North,Historical
2020-08-16,2,1520.558421492408,North,Historical
2020-08-17,2,2030.003268405428,North,Historical
2020-08-18,2,2380.7557561325048,North,Historical
2020-08-19,2,1844.608444655541,North,Historical
2020-08-20,2,1989.2725856714944,North,Historical
2020-08-21,2,1786.1256759872292,North,Historical
2020-08-22,2,1839.0174523415565,North,Historical
2020-08-23,2,1458.8714627098418,North,Historical
2020-08-24,2,1616.7651718857244,North,Historical
2020-08-25,2,2025.7734772961865,North,Historical
2020-08-26,2,2288.876594296412,North,Historical
2020-08-27,2,1889.0912936084853,North,Historical
2020-08-28,2,1837.6251750616316,North,Historical
2020-08-29,2,1668.682348283439,North,Historical
2020-08-30,2,1601.5346193457224,North,Historical
2020-08-31,2,1569.6970434363786,North,Historical
2020-09-01,2,1637.3124701790953,North,Historical
2020-09-02,2,1801.4232945201932,North,Historical
2020-09-03,2,1573.629476994409,North,Historical
2020-09-04,2,1508.9053086435654,North,Historical
2020-09-05,2,1440.4188861133991,North,Historical
2020-09-06,2,1649.4616075628169,North,Historical
2020-09-07,2,2059.897133497774,North,Historical
2020-09-08,2,1653.3151213521696,North,Historical
2020-09-09,2,1794.7279098859754,North,Historical
2020-09-10,2,1629.4319499312794,North,Historical
2020-09-11,2,1533.370389848408,North,Historical
2020-09-12,2,1390.9060495028255,North,Historical
2020-09-13,2,1483.6900666439856,North,Historical
2020-09-14,2,1537.4033185435844,North,Historical
2020-09-15,2,1826.6377606621913,North,Historical
2020-09-16,2,1630.4454022293055,North,Historical
2020-09-17,2,1985.2124166045985,North,Historical
2020-09-18,2,1502.6313060403745,North,Historical
2020-09-19,2,1490.4356127378378,North,Historical
2020-09-20,2,1516.4170685306492,North,Historical
2020-09-21,2,1452.9176737458365,North,Historical
2020-09-22,2,1742.9425773787234,North,Historical
2020-09-23,2,2375.2412260552483,North,Historical
2020-09-24,2,1769.3427531417503,North,Historical
2020-09-25,2,1477.845192623592,North,Historical
2020-09-26,2,1431.1743268145312,North,Historical
2020-09-27,2,1478.521938858831,North,Historical
2020-09-28,2,1556.0967864828622,North,Historical
2020-09-29,2,1975.5682933177573,North,Historical
2020-09-30,2,1719.180471021584,North,Historical
2020-10-01,2,1935.7956929741579,North,Historical
2020-10-02,2,1794.2737187424443,North,Historical
2020-10-03,2,1470.478950601411,North,Historical
2020-10-04,2,1842.8350066313171,North,Historical
2020-10-05,2,1881.7645566835604,North,Historical
2020-10-06,2,2096.6785120748023,North,Historical
2020-10-07,2,2035.1018914912502,North,Historical
2020-10-08,2,1823.8411830853356,North,Historical
2020-10-09,2,1660.0176186580925,North,Historical
2020-10-10,2,1579.1491222755672,North,Historical
2020-10-11,2,1814.793441249272,North,Historical
2020-10-12,2,1927.3779990867213,North,Historical
2020-10-13,2,1986.6499964890393,North,Historical
2020-10-14,2,2022.5630185838038,North,Historical
2020-10-15,2,1849.1302528902402,North,Historical
2020-10-16,2,1643.3008329815898,North,Historical
2020-10-17,2,1900.9809426626764,North,Historical
2020-10-18,2,1633.1033069326656,North,Historical
2020-10-19,2,1861.0874622729793,North,Historical
2020-10-20,2,2019.3569701394629,North,Historical
2020-10-21,2,1690.9247446474624,North,Historical
2020-10-22,2,1775.9167739286406,North,Historical
2020-10-23,2,1750.521417356697,North,Historical
2020-10-24,2,2007.005699602739,North,Historical
2020-10-25,2,1616.1148583589106,North,Historical
2020-10-26,2,1939.084823535497,North,Historical
2020-10-27,2,2286.037837007838,North,Historical
2020-10-28,2,1830.6347135101773,North,Historical
2020-10-29,2,1780.407759791812,North,Historical
2020-10-30,2,1652.6358142913073,North,Historical
2020-10-31,2,1948.6420952526769,North,Historical
2020-11-01,2,2090.9572480033958,North,Historical
2020-11-02,2,1927.9565756173643,North,Historical
2020-11-03,2,2340.878337117363,North,Historical
2020-11-04,2,2321.694706620286,North,Historical
2020-11-05,2,2284.7864156006667,North,Historical
2020-11-06,2,1919.6305404644359,North,Historical
2020-11-07,2,1813.3713149774176,North,Historical
2020-11-08,2,1774.4115449830483,North,Historical
2020-11-09,2,1980.6905895195582,North,Historical
2020-11-10,2,2168.1751532982557,North,Historical
2020-11-11,2,2231.700868236849,North,Historical
2020-11-12,2,2004.2624626976592,North,Historical
2020-11-13,2,1965.7143800971144,North,Historical
2020-11-14,2,2004.4146511190875,North,Historical
2020-11-15,2,2056.3955849632357,North,Historical
2020-11-16,2,1960.0753425544065,North,Historical
2020-11-17,2,1862.130114815794,North,Historical
2020-11-18,2,2846.8211479078027,North,Historical
2020-11-19,2,2333.3381101669315,North,Historical
2020-11-20,2,1848.388456329723,North,Historical
2020-11-21,2,1995.9301058316528,North,Historical
2020-11-22,2,3041.792539606471,North,Historical
2020-11-23,2,2763.260506513938,North,Historical
2020-11-24,2,2911.556415936692,North,Historical
2020-11-25,2,2561.076879009482,North,Historical
2020-11-26,2,2926.773904045394,North,Historical
2020-11-27,2,2544.8317720749487,North,Historical
2020-11-28,2,2876.1089888048255,North,Historical
2020-11-29,2,2214.6442974677375,North,Historical
2020-11-30,2,2649.5959229446025,North,Historical
2020-12-01,2,2499.0665664766157,North,Historical
2020-12-02,2,2532.6707693054886,North,Historical
2020-12-03,2,2389.123838306479,North,Historical
2020-12-04,2,2367.720969795963,North,Historical
2020-12-05,2,2041.12296880705,North,Historical
2020-12-06,2,2155.596605417856,North,Historical
2020-12-07,2,2339.251612332272,North,Historical
2020-12-08,2,2379.822337283615,North,Historical
2020-12-09,2,2403.6676417031767,North,Historical
2020-12-10,2,2679.1390951634075,North,Historical
2020-12-11,2,2146.638061235218,North,Historical
2020-12-12,2,2127.698032091069,North,Historical
2020-12-13,2,2154.5264092661705,North,Historical
2020-12-14,2,2517.160639197897,North,Historical
2020-12-15,2,2824.3947687110867,North,Historical
2020-12-16,2,2656.5602135917866,North,Historical
2020-12-17,2,2751.6052938520274,North,Historical
2020-12-18,2,2346.7990953475028,North,Historical
2020-12-19,2,2391.660106847482,North,Historical
2020-12-20,2,2951.6860143475324,North,Historical
2020-12-21,2,2878.1582077417424,North,Historical
2020-12-22,2,2439.346589341079,North,Historical
2020-12-23,2,2491.379301273404,North,Historical
2020-12-24,2,3817.7152301396736,North,Historical
2020-12-25,2,4094.0380694861224,North,Historical
2020-12-26,2,2382.8144199851263,North,Historical
2020-12-27,2,2779.100804517452,North,Historical
2020-12-28,2,2502.2650109324823,North,Historical
2020-12-29,2,2912.5186047907237,North,Historical
2020-12-30,2,2702.5273004903934,North,Historical
2020-12-31,2,3639.2685591057066,North,Historical
2021-01-01,2,2939.0848744535465,North,Historical
2021-01-02,2,2988.3199145221324,North,Historical
2021-01-03,2,2536.2704334470795,North,Historical
2021-01-04,2,2817.608531579091,North,Historical
2021-01-05,2,3202.4057957191008,North,Historical
2021-01-06,2,3963.077416531946,North,Historical
2021-01-07,2,3413.350594687716,North,Historical
2021-01-08,2,2687.1259440519466,North,Historical
2021-01-09,2,3077.7474423605477,North,Historical
2021-01-10,2,2815.394431848636,North,Historical
2021-01-11,2,2979.110344805354,North,Historical
2021-01-12,2,3035.9188159478244,North,Historical
2021-01-13,2,3126.30572779769,North,Historical
2021-01-14,2,3128.9564708032613,North,Historical
2021-01-15,2,2969.3607341257107,North,Historical
2021-01-16,2,2893.0149102301975,North,Historical
2021-01-17,2,3267.1384098678163,North,Historical
2021-01-18,2,3070.2263108815814,North,Historical
2021-01-19,2,3143.9038102874983,North,Historical
2021-01-20,2,3433.838901948526,North,Historical
2021-01-21,2,3255.379376579135,North,Historical
2021-01-22,2,2877.8130358078392,North,Historical
2021-01-23,2,2957.1665572374723,North,Historical
2021-01-24,2,2594.998038801686,North,Historical
2021-01-25,2,2518.4882679247476,North,Historical
2021-01-26,2,3099.344052008991,North,Historical
2021-01-27,2,3171.4424951915544,North,Historical
2021-01-28,2,2871.065327560753,North,Historical
2021-01-29,2,2688.629128619493,North,Historical
2021-01-30,2,2828.4955253099065,North,Historical
2021-01-31,2,3135.8719615996906,North,Historical
2021-02-01,2,3136.2918396090104,North,Historical
2021-02-02,2,3344.2033321433,North,Historical
2021-02-03,2,3456.957564774232,North,Historical
2021-02-04,2,3735.378819887409,North,Historical
2021-02-05,2,3098.5834632272827,North,Historical
2021-02-06,2,2901.3855983290723,North,Historical
2021-02-07,2,3260.6349106426937,North,Historical
2021-02-08,2,3087.6379980489437,North,Historical
2021-02-09,2,3079.4628807191248,North,Historical
2021-02-10,2,3457.495159334093,North,Historical
2021-02-11,2,2978.7302112958128,North,Historical
2021-02-12,2,3145.8124020733712,North,Historical
2021-02-13,2,2980.8279165353474,North,Historical
2021-02-14,2,3503.3994819431873,North,Historical
2021-02-15,2,3484.153409117214,North,Historical
2021-02-16,2,3445.3980199044413,North,Historical
2021-02-17,2,3432.602219208502,North,Historical
2021-02-18,2,3140.267217583829,North,Historical
2021-02-19,2,3593.588933879963,North,Historical
2021-02-20,2,2774.721177154015,North,Historical
2021-02-21,2,2971.186402365552,North,Historical
2021-02-22,2,2986.420036171873,North,Historical
2021-02-23,2,3512.0561556060397,North,Historical
2021-02-24,2,2944.915219575147,North,Historical
2021-02-25,2,3178.2711112156935,North,Historical
2021-02-26,2,3381.0468014936023,North,Historical
2021-02-27,2,2632.7431012934812,North,Historical
2021-02-28,2,2785.5653744577244,North,Historical
2021-03-01,2,3342.9230234378574,North,Historical
2021-03-02,2,3614.7934267774895,North,Historical
2021-03-03,2,3674.317344887322,North,Historical
2021-03-04,2,3480.8975284829207,North,Historical
2021-03-05,2,3013.2864175213626,North,Historical
2021-03-06,2,3359.578921835029,North,Historical
2021-03-07,2,3149.161667185606,North,Historical
2021-03-08,2,3697.6542634261123,North,Historical
2021-03-09,2,3315.0961474830738,North,Historical
2021-03-10,2,3211.6971258974863,North,Historical
2021-03-11,2,3365.746419080389,North,Historical
2021-03-12,2,3086.600380544189,North,Historical
2021-03-13,2,3223.9305544817144,North,Historical
2021-03-14,2,2874.229366739612,North,Historical
2021-03-15,2,3323.4930031578047,North,Historical
2021-03-16,2,3533.6271641570693,North,Historical
2021-03-17,2,3448.1164907339726,North,Historical
2021-03-18,2,3381.5661784733484,North,Historical
2021-03-19,2,3030.4593124431844,North,Historical
2021-03-20,2,3154.8738504822772,North,Historical
2021-03-21,2,3080.9723053389766,North,Historical
2021-03-22,2,3385.087392739557,North,Historical
2021-03-23,2,3825.354749767466,North,Historical
2021-03-24,2,3376.5910769885386,North,Historical
2021-03-25,2,3286.319596047857,North,Historical
2021-03-26,2,3918.5439503640887,North,Historical
2021-03-27,2,3627.5655398160056,North,Historical
2021-03-28,2,3653.901240895572,North,Historical
2021-03-29,2,3290.112227453835,North,Historical
2021-03-30,2,3141.0129173961204,North,Historical
2021-03-31,2,3260.988704290346,North,Historical
2021-04-01,2,3186.104197279984,North,Historical
2021-04-02,2,3480.3655243586472,North,Historical
2021-04-03,2,3009.9652738539353,North,Historical
2021-04-04,2,3121.8277784692787,North,Historical
2021-04-05,2,3519.429515381767,North,Historical
2021-04-06,2,3484.252940025487,North,Historical
2021-04-07,2,3229.246494738737,North,Historical
2021-04-08,2,3685.2345449478353,North,Historical
2021-04-09,2,3527.721664118727,North,Historical
2021-04-10,2,3076.6963373321923,North,Historical
2021-04-11,2,3111.049365644492,North,Historical
2021-04-12,2,3719.3042415389396,North,Historical
2021-04-13,2,3374.6737414221984,North,Historical
2021-04-14,2,3613.575514105219,North,Historical
2021-04-15,2,3865.4686598720873,North,Historical
2021-04-16,2,3487.9849465093534,North,Historical
2021-04-17,2,2942.131197954866,North,Historical
2021-04-18,2,3231.863738134019,North,Historical
2021-04-19,2,3553.5562008876536,North,Historical
2021-04-20,2,3673.0629088083083,North,Historical
2021-04-21,2,3720.8368882239206,North,Historical
2021-04-22,2,3269.0380976010924,North,Historical
2021-04-23,2,3204.985077504591,North,Historical
2021-04-24,2,3328.0262984793176,North,Historical
2021-04-25,2,3134.4217489173716,North,Historical
2021-04-26,2,3549.2758659134106,North,Historical
2021-04-27,2,3518.8950017953266,North,Historical
2021-04-28,2,3274.2867764977195,North,Historical
2021-04-29,2,3364.9549217631597,North,Historical
2021-04-30,2,3185.7917814820767,North,Historical
2021-05-01,2,2842.6485941418005,North,Historical
2021-05-02,2,2725.1539408941717,North,Historical
2021-05-03,2,2902.0085066171755,North,Historical
2021-05-04,2,2993.1911496099524,North,Historical
2021-05-05,2,3020.778241967561,North,Historical
2021-05-06,2,3146.8290426691533,North,Historical
2021-05-07,2,3123.119739353032,North,Historical
2021-05-08,2,2744.8948870066415,North,Historical
2021-05-09,2,3066.1639492791383,North,Historical
2021-05-10,2,2978.215224108294,North,Historical
2021-05-11,2,3217.113659349811,North,Historical
2021-05-12,2,3321.0243860610076,North,Historical
2021-05-13,2,3158.711447676138,North,Historical
2021-05-14,2,3096.066938903169,North,Historical
2021-05-15,2,3395.347187119358,North,Historical
2021-05-16,2,3391.1140286048776,North,Historical
2021-05-17,2,3383.6743223863114,North,Historical
2021-05-18,2,3104.8356016646385,North,Historical
2021-05-19,2,3134.1413799056013,North,Historical
2021-05-20,2,3234.602404295017,North,Historical
2021-05-21,2,3487.1840160684965,North,Historical
2021-05-22,2,2820.440998754465,North,Historical
2021-05-23,2,2754.9637043486755,North,Historical
2021-05-24,2,2887.213053200639,North,Historical
2021-05-25,2,3450.8357435909115,North,Historical
2021-05-26,2,3097.066747728557,North,Historical
2021-05-27,2,3482.420351008792,North,Historical
2021-05-28,2,2892.4378288492503,North,Historical
2021-05-29,2,3191.233542702434,North,Historical
2021-05-30,2,2821.88814768594,North,Historical
2021-05-31,2,2993.931957645149,North,Historical
2021-06-01,2,3306.676808320056,North,Historical
2021-06-02,2,3057.0315333743965,North,Historical
2021-06-03,2,2924.2675773680403,North,Historical
2021-06-04,2,2819.894655181344,North,Historical
2021-06-05,2,2443.6855649522417,North,Historical
2021-06-06,2,2901.136373215184,North,Historical
2021-06-07,2,2605.099614526489,North,Historical
2021-06-08,2,3250.119393970127,North,Historical
2021-06-09,2,3393.229547608254,North,Historical
2021-06-10,2,2761.3179061296173,North,Historical
2021-06-11,2,2718.8189010347396,North,Historical
2021-06-12,2,2430.24594238526,North,Historical
2021-06-13,2,2597.136901808378,North,Historical
2021-06-14,2,2925.740571330152,North,Historical
2021-06-15,2,3075.915402785809,North,Historical
2021-06-16,2,2735.773703495841,North,Historical
2021-06-17,2,2768.015927591662,North,Historical
2021-06-18,2,2517.0678004517104,North,Historical
2021-06-19,2,2523.231422943263,North,Historical
2021-06-20,2,2868.819198771419,North,Historical
2021-06-21,2,2892.4743671639367,North,Historical
2021-06-22,2,2984.3648244340006,North,Historical
2021-06-23,2,3069.6326259543935,North,Historical
2021-06-24,2,3108.2030185761682,North,Historical
2021-06-25,2,2732.757209120523,North,Historical
2021-06-26,2,2198.3409984454424,North,Historical
2021-06-27,2,2186.940898348182,North,Historical
2021-06-28,2,3122.3930340128177,North,Historical
2021-06-29,2,2795.913163241736,North,Historical
2021-06-30,2,2530.7341283530873,North,Historical
2021-07-01,2,2372.570114527551,North,Historical
2021-07-02,2,2562.2036875854174,North,Historical
2021-07-03,2,2215.595661807526,North,Historical
2021-07-04,2,2880.062867743329,North,Historical
2021-07-05,2,2541.3396297693203,North,Historical
2021-07-06,2,2328.108507470305,North,Historical
2021-07-07,2,2688.7564172373986,North,Historical
2021-07-08,2,2407.9075139406655,North,Historical
2021-07-09,2,2282.614457383938,North,Historical
2021-07-10,2,2488.0809407093757,North,Historical
2021-07-11,2,2352.0376116358707,North,Historical
2021-07-12,2,2854.977919689883,North,Historical
2021-07-13,2,2572.3576964876875,North,Historical
2021-07-14,2,2795.3687429154907,North,Historical
2021-07-15,2,2745.478473746803,North,Historical
2021-07-16,2,2518.807821931072,North,Historical
2021-07-17,2,2461.161684910489,North,Historical
2021-07-18,2,2224.727404917642,North,Historical
2021-07-19,2,2422.529405295616,North,Historical
2021-07-20,2,2808.4289530472975,North,Historical
2021-07-21,2,2609.732266661623,North,Historical
2021-07-22,2,2553.5206775460824,North,Historical
2021-07-23,2,2321.679435929796,North,Historical
2021-07-24,2,2772.8842903565182,North,Historical
2021-07-25,2,2334.7238141815133,North,Historical
2021-07-26,2,2434.3490936969197,North,Historical
2021-07-27,2,2489.705413269112,North,Historical
2021-07-28,2,2079.4632977481588,North,Historical
2021-07-29,2,2204.669500960677,North,Historical
2021-07-30,2,2288.7818865014387,North,Historical
2021-07-31,2,2048.8410932323404,North,Historical
2021-08-01,2,1854.3144501313748,North,Historical
2021-08-02,2,2298.954431813524,North,Historical
2021-08-03,2,2246.290506921816,North,Historical
2021-08-04,2,2345.535430344964,North,Historical
2021-08-05,2,2230.2047497577882,North,Historical
2021-08-06,2,2132.0689866580083,North,Historical
2021-08-07,2,1702.3489118011562,North,Historical
2021-08-08,2,2101.525543628908,North,Historical
2021-08-09,2,1818.0365793515377,North,Historical
2021-08-10,2,2241.9211085710253,North,Historical
2021-08-11,2,2078.6245350084105,North,Historical
2021-08-12,2,2014.7192443937543,North,Historical
2021-08-13,2,1951.8448617608176,North,Historical
2021-08-14,2,1864.553369739923,North,Historical
2021-08-15,2,1938.337571936188,North,Historical
2021-08-16,2,1919.1512724826162,North,Historical
2021-08-17,2,2283.514947719068,North,Historical
2021-08-18,2,1981.2428582740151,North,Historical
2021-08-19,2,2136.1164765704884,North,Historical
2021-08-20,2,2430.6407067253517,North,Historical
2021-08-21,2,1909.3647174918788,North,Historical
2021-08-22,2,1470.2411551517166,North,Historical
2021-08-23,2,1741.2668734315002,North,Historical
2021-08-24,2,1987.82969377313,North,Historical
2021-08-25,2,1966.6063297033447,North,Historical
2021-08-26,2,1918.7839477395294,North,Historical
2021-08-27,2,1697.731188835145,North,Historical
2021-08-28,2,1605.5658807478585,North,Historical
2021-08-29,2,1726.841916282729,North,Historical
2021-08-30,2,2146.303562304865,North,Historical
2021-08-31,2,2146.748185463742,North,Historical
2021-09-01,2,2084.412583054248,North,Historical
2021-09-02,2,1678.3037431978069,North,Historical
2021-09-03,2,2232.4671269902215,North,Historical
2021-09-04,2,1592.9981793390866,North,Historical
2021-09-05,2,1619.6327774274027,North,Historical
2021-09-06,2,1890.7375862514953,North,Historical
2021-09-07,2,1911.28443920568,North,Historical
2021-09-08,2,2119.474411896965,North,Historical
2021-09-09,2,1887.3359168355719,North,Historical
2021-09-10,2,1765.9056855012218,North,Historical
2021-09-11,2,1428.3561668161644,North,Historical
2021-09-12,2,1341.717026022474,North,Historical
2021-09-13,2,1945.0375215287625,North,Historical
2021-09-14,2,1738.7291860979694,North,Historical
2021-09-15,2,2040.367052354802,North,Historical
2021-09-16,2,1857.961483285586,North,Historical
2021-09-17,2,2209.142747644994,North,Historical
2021-09-18,2,1905.1945164240417,North,Historical
2021-09-19,2,1509.790129443586,North,Historical
2021-09-20,2,1786.2122860668442,North,Historical
2021-09-21,2,1975.8215414535814,North,Historical
2021-09-22,2,1722.6926014096612,North,Historical
2021-09-23,2,1688.0670066303817,North,Historical
2021-09-24,2,1496.0355642155723,North,Historical
2021-09-25,2,1517.3813490536415,North,Historical
2021-09-26,2,1433.6168902890836,North,Historical
2021-09-27,2,1767.045618408024,North,Historical
2021-09-28,2,1972.5485700368613,North,Historical
2021-09-29,2,2318.3973788372027,North,Historical
2021-09-30,2,1781.347764556528,North,Historical
2021-10-01,2,1764.5630206481649,North,Historical
2021-10-02,2,1712.3998224866596,North,Historical
2021-10-03,2,2204.6059929835083,North,Historical
2021-10-04,2,1617.6202242806196,North,Historical
2021-10-05,2,2443.385692461704,North,Historical
2021-10-06,2,2061.7463480931588,North,Historical
2021-10-07,2,2027.975426844388,North,Historical
2021-10-08,2,1752.8769243983606,North,Historical
2021-10-09,2,1682.1401335128323,North,Historical
2021-10-10,2,1610.273873018975,North,Historical
2021-10-11,2,1808.8738993402615,North,Historical
2021-10-12,2,1717.8782497321026,North,Historical
2021-10-13,2,2093.9845111885406,North,Historical
2021-10-14,2,1878.4407461229662,North,Historical
2021-10-15,2,2071.1822107960797,North,Historical
2021-10-16,2,1729.6944992981742,North,Historical
2021-10-17,2,1747.2674513027832,North,Historical
2021-10-18,2,1784.5532074514147,North,Historical
2021-10-19,2,2489.8209159379976,North,Historical
2021-10-20,2,2025.2884672162716,North,Historical
2021-10-21,2,2015.355670730665,North,Historical
2021-10-22,2,1777.557141935444,North,Historical
2021-10-23,2,1690.2620736969573,North,Historical
2021-10-24,2,1672.8367827036684,North,Historical
2021-10-25,2,1764.3237836793753,North,Historical
2021-10-26,2,2299.3436530865433,North,Historical
2021-10-27,2,1796.023874524517,North,Historical
2021-10-28,2,1915.7404862624487,North,Historical
2021-10-29,2,1876.562483046134,North,Historical
2021-10-30,2,1787.8854932614777,North,Historical
2021-10-31,2,2033.1927248074476,North,Historical
2021-11-01,2,2229.277914666619,North,Historical
2021-11-02,2,2236.4890787528384,North,Historical
2021-11-03,2,2790.2099093616075,North,Historical
2021-11-04,2,2159.481326436818,North,Historical
2021-11-05,2,1901.9308213006755,North,Historical
2021-11-06,2,2094.063356400608,North,Historical
2021-11-07,2,1833.577053267574,North,Historical
2021-11-08,2,2050.4802210646094,North,Historical
2021-11-09,2,2877.087207599843,North,Historical
2021-11-10,2,1946.724401623313,North,Historical
2021-11-11,2,2202.4261629104344,North,Historical
2021-11-12,2,2023.6936036876268,North,Historical
2021-11-13,2,1932.2862449553577,North,Historical
2021-11-14,2,1606.867246501943,North,Historical
2021-11-15,2,2105.702464569205,North,Historical
2021-11-16,2,2199.409237512114,North,Historical
2021-11-17,2,2106.591951694768,North,Historical
2021-11-18,2,2258.2435973393417,North,Historical
2021-11-19,2,2349.731506988632,North,Historical
2021-11-20,2,2040.7331268966782,North,Historical
2021-11-21,2,2143.581980257014,North,Historical
2021-11-22,2,2512.274088120585,North,Historical
2021-11-23,2,2755.0088542678536,North,Historical
2021-11-24,2,3105.348853126059,North,Historical
2021-11-25,2,2806.3922211274403,North,Historical
2021-11-26,2,2762.137040162766,North,Historical
2021-11-27,2,2619.7408283407526,North,Historical
2021-11-28,2,2508.012923886266,North,Historical
2021-11-29,2,2166.7511900249183,North,Historical
2021-11-30,2,2445.562379016463,North,Historical
2021-12-01,2,2425.164352944708,North,Historical
2021-12-02,2,2502.4617526213315,North,Historical
2021-12-03,2,2346.743051712526,North,Historical
2021-12-04,2,2341.3701769174004,North,Historical
2021-12-05,2,2458.7210102325116,North,Historical
2021-12-06,2,2409.7790613511775,North,Historical
2021-12-07,2,2916.5755832985706,North,Historical
2021-12-08,2,2700.209499149648,North,Historical
2021-12-09,2,2765.3360483692973,North,Historical
2021-12-10,2,2516.638861291522,North,Historical
2021-12-11,2,2676.6818140838227,North,Historical
2021-12-12,2,2467.389067044095,North,Historical
2021-12-13,2,2422.5804916827083,North,Historical
2021-12-14,2,2682.8063115500527,North,Historical
2021-12-15,2,2758.0826571552248,North,Historical
2021-12-16,2,2652.2516409049695,North,Historical
2021-12-17,2,2418.285283615276,North,Historical
2021-12-18,2,3053.1206461504444,North,Historical
2021-12-19,2,2973.1465830036177,North,Historical
2021-12-20,2,2562.1826053147847,North,Historical
2021-12-21,2,2935.832894658482,North,Historical
2021-12-22,2,3047.9364311617323,North,Historical
2021-12-23,2,2884.862503434336,North,Historical
2021-12-24,2,3834.216997067171,North,Historical
2021-12-25,2,3179.862161920853,North,Historical
2021-12-26,2,2618.287207314201,North,Historical
2021-12-27,2,2671.3940874800846,North,Historical
2021-12-28,2,2927.925496972672,North,Historical
2021-12-29,2,3436.7952043895793,North,Historical
2021-12-30,2,3054.582084301609,North,Historical
2021-12-31,2,3657.6349577883716,North,Historical
2022-01-01,2,3239.2629301654497,North,Historical
2022-01-02,2,2849.0185587897713,North,Historical
2022-01-03,2,2759.7556492156177,North,Historical
2022-01-04,2,3355.827185643474,North,Historical
2022-01-05,2,3338.0895154558057,North,Historical
2022-01-06,2,3027.4488147035777,North,Historical
2022-01-07,2,3188.260824544546,North,Historical
2022-01-08,2,2775.1644374493794,North,Historical
2022-01-09,2,3282.2659149150672,North,Historical
2022-01-10,2,2604.0840437090383,North,Historical
2022-01-11,2,2966.562201105841,North,Historical
2022-01-12,2,3109.4743995617077,North,Historical
2022-01-13,2,2982.60230862778,North,Historical
2022-01-14,2,2986.3403763197575,North,Historical
2022-01-15,2,3081.386213507038,North,Historical
2022-01-16,2,3182.3105821391864,North,Historical
2022-01-17,2,3066.420374793216,North,Historical
2022-01-18,2,3209.541138372061,North,Historical
2022-01-19,2,3279.4009984175514,North,Historical
2022-01-20,2,3011.832263543113,North,Historical
2022-01-21,2,3163.872329358458,North,Historical
2022-01-22,2,2977.349319676593,North,Historical
2022-01-23,2,3140.1257098725596,North,Historical
2022-01-24,2,3083.229377956985,North,Historical
2022-01-25,2,3336.64756068309,North,Historical
2022-01-26,2,3131.2565152424654,North,Historical
2022-01-27,2,2952.5101460893734,North,Historical
2022-01-28,2,2840.5040247593506,North,Historical
2022-01-29,2,2893.088162409795,North,Historical
2022-01-30,2,3463.5302656065346,North,Historical
2022-01-31,2,3133.104790568155,North,Historical
2022-02-01,2,3533.1243180494075,North,Historical
2022-02-02,2,3287.075469391402,North,Historical
2022-02-03,2,3340.726467765006,North,Historical
2022-02-04,2,2892.6816254737655,North,Historical
2022-02-05,2,3174.0385592607245,North,Historical
2022-02-06,2,2585.114893111855,North,Historical
2022-02-07,2,3070.529919799165,North,Historical
2022-02-08,2,3321.8336514444627,North,Historical
2022-02-09,2,3483.150800466567,North,Historical
2022-02-10,2,3130.094079441511,North,Historical
2022-02-11,2,3112.0979938524865,North,Historical
2022-02-12,2,3291.7232671812308,North,Historical
2022-02-13,2,2956.681597831158,North,Historical
2022-02-14,2,3641.191679212641,North,Historical
2022-02-15,2,3469.143227255093,North,Historical
2022-02-16,2,3410.863517008673,North,Historical
2022-02-17,2,2968.813812235972,North,Historical
2022-02-18,2,3111.462351311624,North,Historical
2022-02-19,2,2971.4887239148798,North,Historical
2022-02-20,2,3239.1837415939926,North,Historical
2022-02-21,2,3350.578928650154,North,Historical
2022-02-22,2,3743.906835840072,North,Historical
2022-02-23,2,3167.5291759579045,North,Historical
2022-02-24,2,3330.2651195237227,North,Historical
2022-02-25,2,3112.6787145001545,North,Historical
2022-02-26,2,3319.6093989795268,North,Historical
2022-02-27,2,3031.736131138517,North,Historical
2022-02-28,2,3388.8317667776023,North,Historical
2022-03-01,2,3443.234262625319,North,Historical
2022-03-02,2,3467.2115633442945,North,Historical
2022-03-03,2,3453.779712557474,North,Historical
2022-03-04,2,3151.4713932163563,North,Historical
2022-03-05,2,3043.684512011492,North,Historical
2022-03-06,2,2988.225272413585,North,Historical
2022-03-07,2,3406.951355679452,North,Historical
2022-03-08,2,3404.885982856824,North,Historical
2022-03-09,2,3487.754563589418,North,Historical
2022-03-10,2,3524.884628641661,North,Historical
2022-03-11,2,3736.945977061086,North,Historical
2022-03-12,2,3271.053693427175,North,Historical
2022-03-13,2,3461.7029105187003,North,Historical
2022-03-14,2,3179.777071122245,North,Historical
2022-03-15,2,3327.348022500775,North,Historical
2022-03-16,2,3430.740965385082,North,Historical
2022-03-17,2,3023.56839031257,North,Historical
2022-03-18,2,3457.8798617795924,North,Historical
2022-03-19,2,2974.018678502983,North,Historical
2022-03-20,2,3286.3308986801085,North,Historical
2022-03-21,2,3247.514452234939,North,Historical
2022-03-22,2,3528.758387857233,North,Historical
2022-03-23,2,3604.802335050573,North,Historical
2022-03-24,2,3427.1499277114503,North,Historical
2022-03-25,2,3015.1647533995642,North,Historical
2022-03-26,2,3008.4486835179187,North,Historical
2022-03-27,2,2800.9955028110126,North,Historical
2022-03-28,2,3576.1990441004064,North,Historical
2022-03-29,2,4018.949773745445,North,Historical
2022-03-30,2,3593.5804930874633,North,Historical
2022-03-31,2,2846.9154926329124,North,Historical
2022-04-01,2,3215.155069794166,North,Historical
2022-04-02,2,3427.898081882754,North,Historical
2022-04-03,2,3389.7523233361167,North,Historical
2022-04-04,2,3526.6289056216224,North,Historical
2022-04-05,2,3815.4372430157246,North,Historical
2022-04-06,2,3438.153149461774,North,Historical
2022-04-07,2,3243.82969251748,North,Historical
2022-04-08,2,3261.5759357304946,North,Historical
2022-04-09,2,3602.535795835598,North,Historical
2022-04-10,2,3229.0375644278065,North,Historical
2022-04-11,2,3225.3717641727185,North,Historical
2022-04-12,2,3716.340322129773,North,Historical
2022-04-13,2,3433.588673014763,North,Historical
2022-04-14,2,3863.5254122012434,North,Historical
2022-04-15,2,3315.944307568846,North,Historical
2022-04-16,2,3203.449880103831,North,Historical
2022-04-17,2,3217.5143730303475,North,Historical
2022-04-18,2,3566.774085367952,North,Historical
2022-04-19,2,3707.9438678987344,North,Historical
2022-04-20,2,3625.1290680337643,North,Historical
2022-04-21,2,3379.3328528875018,North,Historical
2022-04-22,2,3290.3985969635037,North,Historical
2022-04-23,2,2829.517434275323,North,Historical
2022-04-24,2,3469.2346654000926,North,Historical
2022-04-25,2,3368.5633236008043,North,Historical
2022-04-26,2,3785.8792829717936,North,Historical
2022-04-27,2,3520.2200031569005,North,Historical
2022-04-28,2,3389.144248308594,North,Historical
2022-04-29,2,3445.2916806235244,North,Historical
2022-04-30,2,3165.2567555480814,North,Historical
2022-05-01,2,3754.461510621061,North,Historical
2022-05-02,2,3071.8054892709847,North,Historical
2022-05-03,2,3376.7807098578564,North,Historical
2022-05-04,2,3544.3775630114737,North,Historical
2022-05-05,2,3129.3981644669493,North,Historical
2022-05-06,2,3179.68613051317,North,Historical
2022-05-07,2,3127.8938669357935,North,Historical
2022-05-08,2,3321.4021748948117,North,Historical
2022-05-09,2,3009.872013465446,North,Historical
2022-05-10,2,3124.7076329776633,North,Historical
2022-05-11,2,3324.528424659632,North,Historical
2022-05-12,2,3122.7923045677644,North,Historical
2022-05-13,2,2801.118373462186,North,Historical
2022-05-14,2,2965.2524443985662,North,Historical
2022-05-15,2,2818.533862470634,North,Historical
2022-05-16,2,2896.241487878605,North,Historical
2022-05-17,2,3067.046428336066,North,Historical
2022-05-18,2,3468.332827953212,North,Historical
2022-05-19,2,2961.272988331452,North,Historical
2022-05-20,2,2984.3994775738133,North,Historical
2022-05-21,2,2928.2862817235273,North,Historical
2022-05-22,2,2782.3913205638473,North,Historical
2022-05-23,2,3040.326141564703,North,Historical
2022-05-24,2,3070.0261515005227,North,Historical
2022-05-25,2,3376.243487063385,North,Historical
2022-05-26,2,3289.091522177351,North,Historical
2022-05-27,2,3161.1867470236584,North,Historical
2022-05-28,2,3190.7352205172097,North,Historical
2022-05-29,2,2751.7029933755207,North,Historical
2022-05-30,2,3743.1222366677966,North,Historical
2022-05-31,2,3215.4512380325823,North,Historical
2022-06-01,2,3638.221114509362,North,Historical
2022-06-02,2,3068.274252958451,North,Historical
2022-06-03,2,2935.7752679159694,North,Historical
2022-06-04,2,2869.752226242777,North,Historical
2022-06-05,2,2776.3665624036953,North,Historical
2022-06-06,2,2737.682751413154,North,Historical
2022-06-07,2,3027.5977790495585,North,Historical
2022-06-08,2,2811.4674950989256,North,Historical
2022-06-09,2,2880.750718896933,North,Historical
2022-06-10,2,2794.507549583611,North,Historical
2022-06-11,2,2704.1735496561473,North,Historical
2022-06-12,2,2819.9376148279384,North,Historical
2022-06-13,2,2718.9065582710805,North,Historical
2022-06-14,2,3331.194823109416,North,Historical
2022-06-15,2,2953.8949759061256,North,Historical
2022-06-16,2,2915.6939509313456,North,Historical
2022-06-17,2,2701.285159556381,North,Historical
2022-06-18,2,2696.6933239459445,North,Historical
2022-06-19,2,2612.014569809732,North,Historical
2022-06-20,2,2953.361631815411,North,Historical
2022-06-21,2,3113.900609950871,North,Historical
2022-06-22,2,3147.507470131804,North,Historical
2022-06-23,2,2893.4954652507304,North,Historical
2022-06-24,2,3387.503829972241,North,Historical
2022-06-25,2,2529.476783953846,North,Historical
2022-06-26,2,2739.497200900884,North,Historical
2022-06-27,2,2767.3361909308987,North,Historical
2022-06-28,2,2919.1686695272247,North,Historical
2022-06-29,2,2813.4311369046995,North,Historical
2022-06-30,2,2986.8443986994,North,Historical
2022-07-01,2,2595.2739013527635,North,Historical
2022-07-02,2,2539.1468116450433,North,Historical
2022-07-03,2,2846.696559810457,North,Historical
2022-07-04,2,2802.2274318803975,North,Historical
2022-07-05,2,3149.35327229664,North,Historical
2022-07-06,2,2779.9381453656824,North,Historical
2022-07-07,2,2851.3603853159398,North,Historical
2022-07-08,2,2474.4153039609655,North,Historical
2022-07-09,2,2456.863970748965,North,Historical
2022-07-10,2,2143.5666354228765,North,Historical
2022-07-11,2,2636.5314678780082,North,Historical
2022-07-12,2,2716.338271542226,North,Historical
2022-07-13,2,2891.5548546366517,North,Historical
2022-07-14,2,2524.7763092020773,North,Historical
2022-07-15,2,2686.826561081302,North,Historical
2022-07-16,2,2318.457634978289,North,Historical
2022-07-17,2,2346.5012322704515,North,Historical
2022-07-18,2,2354.4162097023773,North,Historical
2022-07-19,2,2748.648571311566,North,Historical
2022-07-20,2,2470.102056399338,North,Historical
2022-07-21,2,2539.3188061223527,North,Historical
2022-07-22,2,2428.223319539251,North,Historical
2022-07-23,2,2121.9854785902107,North,Historical
2022-07-24,2,2277.5348385786324,North,Historical
2022-07-25,2,2421.1426536754625,North,Historical
2022-07-26,2,2525.7715573733135,North,Historical
2022-07-27,2,2310.5686595979955,North,Historical
2022-07-28,2,2331.3423695484366,North,Historical
2022-07-29,2,1935.9907917973223,North,Historical
2022-07-30,2,2256.062987482566,North,Historical
2022-07-31,2,2185.1400479990975,North,Historical
2022-08-01,2,2207.0629746950585,North,Historical
2022-08-02,2,2398.5767486341506,North,Historical
2022-08-03,2,2790.3236143096815,North,Historical
2022-08-04,2,2247.4118912276226,North,Historical
2022-08-05,2,2154.2646920174843,North,Historical
2022-08-06,2,1865.596705935023,North,Historical
2022-08-07,2,1849.7810020360916,North,Historical
2022-08-08,2,1928.5574810314488,North,Historical
2022-08-09,2,2157.8394587060384,North,Historical
2022-08-10,2,2309.407599752402,North,Historical
2022-08-11,2,2126.5043401116745,North,Historical
2022-08-12,2,1836.8508740327195,North,Historical
2022-08-13,2,2086.1194301444802,North,Historical
2022-08-14,2,1661.7200705250198,North,Historical
2022-08-15,2,2111.5186090041384,North,Historical
2022-08-16,2,2326.811628763947,North,Historical
2022-08-17,2,2307.4316156530786,North,Historical
2022-08-18,2,2072.1547763832427,North,Historical
2022-08-19,2,1868.8934682551367,North,Historical
2022-08-20,2,2036.993125674354,North,Historical
2022-08-21,2,1891.4081395784633,North,Historical
2022-08-22,2,1901.9806165851874,North,Historical
2022-08-23,2,2181.098029395096,North,Historical
2022-08-24,2,2090.0097121841018,North,Historical
2022-08-25,2,2184.6443980743,North,Historical
2022-08-26,2,1998.0237782099498,North,Historical
2022-08-27,2,1990.8324157438167,North,Historical
2022-08-28,2,1809.833822951899,North,Historical
2022-08-29,2,1722.8643291187225,North,Historical
2022-08-30,2,2120.830318072727,North,Historical
2022-08-31,2,2132.506384521342,North,Historical
2022-09-01,2,1845.2944907844133,North,Historical
2022-09-02,2,1911.8469090305275,North,Historical
2022-09-03,2,1489.7989115259063,North,Historical
2022-09-04,2,1566.3824658584929,North,Historical
2022-09-05,2,1678.4628089787673,North,Historical
2022-09-06,2,2172.3324194028487,North,Historical
2022-09-07,2,1885.8421462186318,North,Historical
2022-09-08,2,1807.7067479836514,North,Historical
2022-09-09,2,1394.4990814063594,North,Historical
2022-09-10,2,1775.7950719543685,North,Historical
2022-09-11,2,1547.0549140675782,North,Historical
2022-09-12,2,1535.1624041490513,North,Historical
2022-09-13,2,1849.169265258262,North,Historical
2022-09-14,2,1886.1965600280478,North,Historical
2022-09-15,2,1855.8081417651745,North,Historical
2022-09-16,2,1753.5843055661624,North,Historical
2022-09-17,2,1557.8105647366258,North,Historical
2022-09-18,2,1606.0892404501938,North,Historical
2022-09-19,2,1549.505978484282,North,Historical
2022-09-20,2,2272.790293180239,North,Historical
2022-09-21,2,1839.8062712001297,North,Historical
2022-09-22,2,1807.029899355144,North,Historical
2022-09-23,2,1624.6992555861923,North,Historical
2022-09-24,2,1632.220288026229,North,Historical
2022-09-25,2,1671.2847015905545,North,Historical
2022-09-26,2,1584.6760814434615,North,Historical
2022-09-27,2,1911.2259135273223,North,Historical
2022-09-28,2,1957.0200336891592,North,Historical
2022-09-29,2,1898.1565185790464,North,Historical
2022-09-30,2,1610.387902388198,North,Historical
2022-10-01,2,1584.3228417818777,North,Historical
2022-10-02,2,1848.0153237891022,North,Historical
2022-10-03,2,1670.4921897351262,North,Historical
2022-10-04,2,2011.6023337533456,North,Historical
2022-10-05,2,2139.344426599177,North,Historical
2022-10-06,2,1910.993999050592,North,Historical
2022-10-07,2,1849.5102691859372,North,Historical
2022-10-08,2,1939.6409522999857,North,Historical
2022-10-09,2,1914.0425357209672,North,Historical
2022-10-10,2,1880.0874126165506,North,Historical
2022-10-11,2,2056.8642163376426,North,Historical
2022-10-12,2,2060.72244219891,North,Historical
2022-10-13,2,1961.7004365137757,North,Historical
2022-10-14,2,1605.6886876447793,North,Historical
2022-10-15,2,1710.362504728034,North,Historical
2022-10-16,2,1805.0822816596276,North,Historical
2022-10-17,2,1909.9089745816973,North,Historical
2022-10-18,2,2158.693010805789,North,Historical
2022-10-19,2,2179.9510938600356,North,Historical
2022-10-20,2,1961.8199805211243,North,Historical
2022-10-21,2,2154.25643610443,North,Historical
2022-10-22,2,1702.3923310211303,North,Historical
2022-10-23,2,1704.8360821772224,North,Historical
2022-10-24,2,1850.4000023143117,North,Historical
2022-10-25,2,2002.5517816874585,North,Historical
2022-10-26,2,1992.9272205364214,North,Historical
2022-10-27,2,2072.2203969879365,North,Historical
2022-10-28,2,1592.7445266977497,North,Historical
2022-10-29,2,1594.7354588398912,North,Historical
2022-10-30,2,1847.0308211625093,North,Historical
2022-10-31,2,2136.3916709882806,North,Historical
2022-11-01,2,2309.2499232023247,North,Historical
2022-11-02,2,2412.076912612615,North,Historical
2022-11-03,2,2181.5340812434906,North,Historical
2022-11-04,2,1993.1994814939571,North,Historical
2022-11-05,2,1607.8986413323148,North,Historical
2022-11-06,2,1843.5980526722797,North,Historical
2022-11-07,2,2335.745129319726,North,Historical
2022-11-08,2,2295.0159826424683,North,Historical
2022-11-09,2,2392.8153097781274,North,Historical
2022-11-10,2,2084.1657113523206,North,Historical
2022-11-11,2,2255.040758437007,North,Historical
2022-11-12,2,2050.057673876358,North,Historical
2022-11-13,2,2099.812640967295,North,Historical
2022-11-14,2,2082.6374820560923,North,Historical
2022-11-15,2,2295.3660679420063,North,Historical
2022-11-16,2,2080.3472362870602,North,Historical
2022-11-17,2,2534.62709196531,North,Historical
2022-11-18,2,2010.3524775885446,North,Historical
2022-11-19,2,2009.8828039754658,North,Historical
2022-11-20,2,1885.8280332299119,North,Historical
2022-11-21,2,2220.523032146255,North,Historical
2022-11-22,2,2878.240355185438,North,Historical
2022-11-23,2,3552.5991404682527,North,Historical
2022-11-24,2,2836.1249204387695,North,Historical
2022-11-25,2,2853.855555365287,North,Historical
2022-11-26,2,2559.529717703234,North,Historical
2022-11-27,2,2651.9035789676223,North,Historical
2022-11-28,2,3284.301345884408,North,Historical
2022-11-29,2,2914.0824035342453,North,Historical
2022-11-30,2,2345.999927900007,North,Historical
2022-12-01,2,2469.6683912632984,North,Historical
2022-12-02,2,2369.3281321325853,North,Historical
2022-12-03,2,2279.1936266455878,North,Historical
2022-12-04,2,2268.8864405884983,North,Historical
2022-12-05,2,2950.9245849967665,North,Historical
2022-12-06,2,2687.440087510548,North,Historical
2022-12-07,2,2711.1358762046684,North,Historical
2022-12-08,2,2976.670333202033,North,Historical
2022-12-09,2,2464.5056537778414,North,Historical
2022-12-10,2,2539.4274674063045,North,Historical
2022-12-11,2,2284.7241409005437,North,Historical
2022-12-12,2,2593.7029265571173,North,Historical
2022-12-13,2,3166.081094010698,North,Historical
2022-12-14,2,2975.186859964641,North,Historical
2022-12-15,2,2934.5798561274687,North,Historical
2022-12-16,2,2666.049746537131,North,Historical
2022-12-17,2,2504.99152540729,North,Historical
2022-12-18,2,2787.546888167623,North,Historical
2022-12-19,2,2625.6406672416197,North,Historical
2022-12-20,2,3342.9243934201554,North,Historical
2022-12-21,2,2936.53040087609,North,Historical
2022-12-22,2,2867.70313831403,North,Historical
2022-12-23,2,2706.670222273972,North,Historical
2022-12-24,2,3755.872226925336,North,Historical
2022-12-25,2,3790.839448844916,North,Historical
2022-12-26,2,2584.561128967595,North,Historical
2022-12-27,2,2838.7339693360886,North,Historical
2022-12-28,2,3356.894963321658,North,Historical
2022-12-29,2,3234.232015614352,North,Historical
2022-12-30,2,2923.180448491423,North,Historical
2020-01-01,3,3978.3017716350137,North,Historical
2020-01-02,3,3399.483298851296,North,Historical
2020-01-03,3,3470.9239178944345,North,Historical
2020-01-04,3,3425.5514501904663,North,Historical
2020-01-05,3,3241.197539794649,North,Historical
2020-01-06,3,4096.348590942346,North,Historical
2020-01-07,3,4058.5971403641265,North,Historical
2020-01-08,3,3894.828191335085,North,Historical
2020-01-09,3,3521.5557103519423,North,Historical
2020-01-10,3,3600.6026575962705,North,Historical
2020-01-11,3,3454.8054096011438,North,Historical
2020-01-12,3,3583.265781709709,North,Historical
2020-01-13,3,3801.365412438,North,Historical
2020-01-14,3,3631.653947661306,North,Historical
2020-01-15,3,3642.84757866597,North,Historical
2020-01-16,3,3751.9070226130452,North,Historical
2020-01-17,3,3682.5271023637642,North,Historical
2020-01-18,3,3285.0111266919134,North,Historical
2020-01-19,3,3448.385315586783,North,Historical
2020-01-20,3,3257.328520024157,North,Historical
2020-01-21,3,3708.526694595589,North,Historical
2020-01-22,3,3830.1953490944516,North,Historical
2020-01-23,3,3855.182820188121,North,Historical
2020-01-24,3,3587.9744045377606,North,Historical
2020-01-25,3,3180.917956862614,North,Historical
2020-01-26,3,3362.5688219404437,North,Historical
2020-01-27,3,3607.5906952780892,North,Historical
2020-01-28,3,3951.047928763539,North,Historical
2020-01-29,3,3803.20906878047,North,Historical
2020-01-30,3,4039.195970111909,North,Historical
2020-01-31,3,3403.557956144082,North,Historical
2020-02-01,3,3388.216027315567,North,Historical
2020-02-02,3,3577.859155840466,North,Historical
2020-02-03,3,3964.032001978457,North,Historical
2020-02-04,3,3860.6274946648828,North,Historical
2020-02-05,3,4111.57839502146,North,Historical
2020-02-06,3,4165.973611156882,North,Historical
2020-02-07,3,3589.39740637936,North,Historical
2020-02-08,3,3527.47943236283,North,Historical
2020-02-09,3,3512.820165487379,North,Historical
2020-02-10,3,3992.4461161470304,North,Historical
2020-02-11,3,3886.178957835635,North,Historical
2020-02-12,3,4172.229359294379,North,Historical
2020-02-13,3,4101.149082997704,North,Historical
2020-02-14,3,3917.1942157634853,North,Historical
2020-02-15,3,3469.521340296198,North,Historical
2020-02-16,3,3638.087639405004,North,Historical
2020-02-17,3,4182.782773999477,North,Historical
2020-02-18,3,4138.266806184864,North,Historical
2020-02-19,3,3809.730002369497,North,Historical
2020-02-20,3,4253.086021626815,North,Historical
2020-02-21,3,3871.9286337472467,North,Historical
2020-02-22,3,3268.2564910781202,North,Historical
2020-02-23,3,3968.397299394248,North,Historical
2020-02-24,3,3981.3762643022887,North,Historical
2020-02-25,3,3952.817790635103,North,Historical
2020-02-26,3,3947.560818726915,North,Historical
2020-02-27,3,4245.41490143148,North,Historical
2020-02-28,3,3900.095900423417,North,Historical
2020-02-29,3,3601.6230161148706,North,Historical
2020-03-01,3,3686.1226845002493,North,Historical
2020-03-02,3,3926.1324180110933,North,Historical
2020-03-03,3,4243.131694417444,North,Historical
2020-03-04,3,4122.568902531556,North,Historical
2020-03-05,3,3689.9635264706058,North,Historical
2020-03-06,3,3903.683003299815,North,Historical
2020-03-07,3,3627.2002399940648,North,Historical
2020-03-08,3,4218.811852358323,North,Historical
2020-03-09,3,3606.367892077544,North,Historical
2020-03-10,3,4541.478780533288,North,Historical
2020-03-11,3,4236.18477174733,North,Historical
2020-03-12,3,4227.931752491532,North,Historical
2020-03-13,3,4115.21814265555,North,Historical
2020-03-14,3,3822.815208576461,North,Historical
2020-03-15,3,3542.9518987174147,North,Historical
2020-03-16,3,4045.829037313846,North,Historical
2020-03-17,3,3885.775170544429,North,Historical
2020-03-18,3,3989.36212203738,North,Historical
2020-03-19,3,4338.031952651595,North,Historical
2020-03-20,3,4255.244972750298,North,Historical
2020-03-21,3,4072.0254315345164,North,Historical
2020-03-22,3,3659.7450439901104,North,Historical
2020-03-23,3,3847.3325790671724,North,Historical
2020-03-24,3,4228.007605685555,North,Historical
2020-03-25,3,4197.706493848681,North,Historical
2020-03-26,3,3940.2793533920435,North,Historical
2020-03-27,3,3593.8752841030305,North,Historical
2020-03-28,3,3799.474319754696,North,Historical
2020-03-29,3,3783.6427374498953,North,Historical
2020-03-30,3,3715.335105591246,North,Historical
2020-03-31,3,4274.280943614078,North,Historical
2020-04-01,3,4408.6710097707255,North,Historical
2020-04-02,3,4092.5273574560197,North,Historical
2020-04-03,3,4012.8517921777056,North,Historical
2020-04-04,3,4633.068565723167,North,Historical
2020-04-05,3,3786.098596876066,North,Historical
2020-04-06,3,4069.0153300122984,North,Historical
2020-04-07,3,3619.2144032266656,North,Historical
2020-04-08,3,4391.762185652419,North,Historical
2020-04-09,3,3859.6372841303623,North,Historical
2020-04-10,3,4452.183566570264,North,Historical
2020-04-11,3,4165.721588755656,North,Historical
2020-04-12,3,3657.271558213917,North,Historical
2020-04-13,3,4007.5306851643372,North,Historical
2020-04-14,3,4202.72870040961,North,Historical
2020-04-15,3,4001.883411127251,North,Historical
2020-04-16,3,4353.061963269172,North,Historical
2020-04-17,3,3830.3923609859457,North,Historical
2020-04-18,3,4391.445720604539,North,Historical
2020-04-19,3,3461.3238749484153,North,Historical
2020-04-20,3,3981.9970903810936,North,Historical
2020-04-21,3,4194.254259472965,North,Historical
2020-04-22,3,4327.9243412558235,North,Historical
2020-04-23,3,4152.0443146148455,North,Historical
2020-04-24,3,4062.418536073008,North,Historical
2020-04-25,3,4434.986143703831,North,Historical
2020-04-26,3,4103.51112111846,North,Historical
2020-04-27,3,4138.874063874601,North,Historical
2020-04-28,3,4125.924960381669,North,Historical
2020-04-29,3,4385.578057595301,North,Historical
2020-04-30,3,4226.590441026337,North,Historical
2020-05-01,3,4029.885903345151,North,Historical
2020-05-02,3,4091.099061348484,North,Historical
2020-05-03,3,3249.5405575941086,North,Historical
2020-05-04,3,3912.573648248643,North,Historical
2020-05-05,3,4108.602493773205,North,Historical
2020-05-06,3,4254.0981734521765,North,Historical
2020-05-07,3,3213.536234323498,North,Historical
2020-05-08,3,4049.3514003694236,North,Historical
2020-05-09,3,3408.4873064053727,North,Historical
2020-05-10,3,3665.315273436107,North,Historical
2020-05-11,3,3690.1500119836473,North,Historical
2020-05-12,3,4185.144280140217,North,Historical
2020-05-13,3,4073.8563419693774,North,Historical
2020-05-14,3,3500.376055617993,North,Historical
2020-05-15,3,3611.399982105703,North,Historical
2020-05-16,3,4257.3848183254795,North,Historical
2020-05-17,3,3502.693149544005,North,Historical
2020-05-18,3,3619.7706639456283,North,Historical
2020-05-19,3,3799.0813720752813,North,Historical
2020-05-20,3,3767.401825288539,North,Historical
2020-05-21,3,3762.544776661234,North,Historical
2020-05-22,3,3618.9719414251394,North,Historical
2020-05-23,3,3386.180624903125,North,Historical
2020-05-24,3,3533.552767875842,North,Historical
2020-05-25,3,3998.4611825006828,North,Historical
2020-05-26,3,4243.124062844522,North,Historical
2020-05-27,3,4101.179376496598,North,Historical
2020-05-28,3,3487.4156575704114,North,Historical
2020-05-29,3,3846.634857753339,North,Historical
2020-05-30,3,3618.3395944629833,North,Historical
2020-05-31,3,3913.622606670486,North,Historical
2020-06-01,3,3556.2718339880066,North,Historical
2020-06-02,3,3589.5628124650925,North,Historical
2020-06-03,3,3903.742135231961,North,Historical
2020-06-04,3,3472.7722769091233,North,Historical
2020-06-05,3,3443.236848693326,North,Historical
2020-06-06,3,3415.680601727915,North,Historical
2020-06-07,3,3068.4999581404127,North,Historical
2020-06-08,3,3383.619848307622,North,Historical
2020-06-09,3,3635.137599613496,North,Historical
2020-06-10,3,3719.0546300122755,North,Historical
2020-06-11,3,3698.685157867466,North,Historical
2020-06-12,3,3606.408906064782,North,Historical
2020-06-13,3,3348.1261912638224,North,Historical
2020-06-14,3,3522.5439579276144,North,Historical
2020-06-15,3,2936.1557136010347,North,Historical
2020-06-16,3,3718.5208759810816,North,Historical
2020-06-17,3,3635.0370932980377,North,Historical
2020-06-18,3,3615.457383654133,North,Historical
2020-06-19,3,3180.0494633345165,North,Historical
2020-06-20,3,3153.287684768264,North,Historical
2020-06-21,3,3585.1996132873332,North,Historical
2020-06-22,3,2949.768638874683,North,Historical
2020-06-23,3,3727.8197562070623,North,Historical
2020-06-24,3,3627.348798115758,North,Historical
2020-06-25,3,3814.3299199375883,North,Historical
2020-06-26,3,3445.5898574842936,North,Historical
2020-06-27,3,3565.7989710002385,North,Historical
2020-06-28,3,3229.3947904473694,North,Historical
2020-06-29,3,3528.288608131495,North,Historical
2020-06-30,3,3690.4838670211084,North,Historical
2020-07-01,3,3526.0857018776296,North,Historical
2020-07-02,3,3276.994968159704,North,Historical
2020-07-03,3,3064.8241877281475,North,Historical
2020-07-04,3,3832.701398972522,North,Historical
2020-07-05,3,3177.2120768872514,North,Historical
2020-07-06,3,3175.3955371421075,North,Historical
2020-07-07,3,2963.3584344415444,North,Historical
2020-07-08,3,3354.619337069964,North,Historical
2020-07-09,3,3121.5423812840077,North,Historical
2020-07-10,3,3191.840341020048,North,Historical
2020-07-11,3,3124.788908363006,North,Historical
2020-07-12,3,2943.0497336166673,North,Historical
2020-07-13,3,3100.0080515634754,North,Historical
2020-07-14,3,3429.665880643351,North,Historical
2020-07-15,3,3442.23058055122,North,Historical
2020-07-16,3,3415.8445636295287,North,Historical
2020-07-17,3,3078.119852458054,North,Historical
2020-07-18,3,3205.5428869750876,North,Historical
2020-07-19,3,2820.059829230768,North,Historical
2020-07-20,3,2925.619353829866,North,Historical
2020-07-21,3,3199.8046770085984,North,Historical
2020-07-22,3,3323.5887264423004,North,Historical
2020-07-23,3,3226.548084620754,North,Historical
2020-07-24,3,2828.0732167389874,North,Historical
2020-07-25,3,2763.4095430669686,North,Historical
2020-07-26,3,2972.7582356047196,North,Historical
2020-07-27,3,2822.4973275314496,North,Historical
2020-07-28,3,3145.835918768921,North,Historical
2020-07-29,3,3287.1943218717547,North,Historical
2020-07-30,3,3008.426478394817,North,Historical
2020-07-31,3,2791.7010844243064,North,Historical
2020-08-01,3,2651.588337677584,North,Historical
2020-08-02,3,2525.113266831821,North,Historical
2020-08-03,3,2742.1420502661003,North,Historical
2020-08-04,3,3133.2182248780528,North,Historical
2020-08-05,3,2943.674438886747,North,Historical
2020-08-06,3,2881.4087756026515,North,Historical
2020-08-07,3,2642.1824936776225,North,Historical
2020-08-08,3,2845.4050470672423,North,Historical
2020-08-09,3,2700.2329049680166,North,Historical
2020-08-10,3,2680.2823315573046,North,Historical
2020-08-11,3,2954.213904617268,North,Historical
2020-08-12,3,2844.213702084639,North,Historical
2020-08-13,3,2665.273637773857,North,Historical
2020-08-14,3,2136.09844262878,North,Historical
2020-08-15,3,2297.2230583555556,North,Historical
2020-08-16,3,2678.7530972348272,North,Historical
2020-08-17,3,2680.1453902953235,North,Historical
2020-08-18,3,2850.6032520785625,North,Historical
2020-08-19,3,2672.38856336094,North,Historical
2020-08-20,3,2930.4807965952964,North,Historical
2020-08-21,3,2204.4104068665138,North,Historical
2020-08-22,3,2466.7465420734366,North,Historical
2020-08-23,3,2827.042319800056,North,Historical
2020-08-24,3,2776.2435967863616,North,Historical
2020-08-25,3,2622.516809288672,North,Historical
2020-08-26,3,2692.2951305168554,North,Historical
2020-08-27,3,2848.857009543263,North,Historical
2020-08-28,3,2581.113802252512,North,Historical
2020-08-29,3,2141.3505693837074,North,Historical
2020-08-30,3,2570.03009575471,North,Historical
2020-08-31,3,2457.7486491169075,North,Historical
2020-09-01,3,2693.516789553946,North,Historical
2020-09-02,3,2947.374913465244,North,Historical
2020-09-03,3,2430.3752516705126,North,Historical
2020-09-04,3,2442.1910420790737,North,Historical
2020-09-05,3,2378.0377929175443,North,Historical
2020-09-06,3,2397.4437148074812,North,Historical
2020-09-07,3,2325.465037209018,North,Historical
2020-09-08,3,2539.2150627994733,North,Historical
2020-09-09,3,2657.618899149138,North,Historical
2020-09-10,3,2589.006400107699,North,Historical
2020-09-11,3,2416.026525953668,North,Historical
2020-09-12,3,2148.9630446673955,North,Historical
2020-09-13,3,2286.0955832420564,North,Historical
2020-09-14,3,2609.6588026598483,North,Historical
2020-09-15,3,2352.3020528411557,North,Historical
2020-09-16,3,2369.110391900765,North,Historical
2020-09-17,3,2478.346907852325,North,Historical
2020-09-18,3,2155.231558818425,North,Historical
2020-09-19,3,2011.0342139590884,North,Historical
2020-09-20,3,2453.694798647243,North,Historical
2020-09-21,3,2467.228693822417,North,Historical
2020-09-22,3,2675.9401637717106,North,Historical
2020-09-23,3,2987.5664115099385,North,Historical
2020-09-24,3,2313.6863210725646,North,Historical
2020-09-25,3,2446.195780275884,North,Historical
2020-09-26,3,2501.729693239188,North,Historical
2020-09-27,3,2291.680350900233,North,Historical
2020-09-28,3,2339.9697672168413,North,Historical
2020-09-29,3,2315.573515947817,North,Historical
2020-09-30,3,2546.190373524739,North,Historical
2020-10-01,3,2668.1502229787084,North,Historical
2020-10-02,3,2538.7697806687474,North,Historical
2020-10-03,3,2214.75316379066,North,Historical
2020-10-04,3,2330.629132273551,North,Historical
2020-10-05,3,2511.1102102793843,North,Historical
2020-10-06,3,2669.303720527066,North,Historical
2020-10-07,3,2746.971795809503,North,Historical
2020-10-08,3,2553.4767380444255,North,Historical
2020-10-09,3,2444.555300551784,North,Historical
2020-10-10,3,2466.8907832508703,North,Historical
2020-10-11,3,2172.562700595109,North,Historical
2020-10-12,3,3032.4504654256393,North,Historical
2020-10-13,3,2866.61953851579,North,Historical
2020-10-14,3,2747.2596511265297,North,Historical
2020-10-15,3,2460.4381802544344,North,Historical
2020-10-16,3,2171.95295621466,North,Historical
2020-10-17,3,2411.2631694710894,North,Historical
2020-10-18,3,2384.2229669933495,North,Historical
2020-10-19,3,2641.004960406449,North,Historical
2020-10-20,3,2280.394506276293,North,Historical
2020-10-21,3,2921.595085092634,North,Historical
2020-10-22,3,3152.7039443484964,North,Historical
2020-10-23,3,2594.5186743544928,North,Historical
2020-10-24,3,2564.3112174995777,North,Historical
2020-10-25,3,2632.8697769730243,North,Historical
2020-10-26,3,2534.3399427780914,North,Historical
2020-10-27,3,2594.46078650779,North,Historical
2020-10-28,3,2556.0936643082664,North,Historical
2020-10-29,3,2798.7961896862635,North,Historical
2020-10-30,3,2522.3318946372874,North,Historical
2020-10-31,3,2578.831211669934,North,Historical
2020-11-01,3,2824.5435992463813,North,Historical
2020-11-02,3,2769.517553934798,North,Historical
2020-11-03,3,2838.5475521447506,North,Historical
2020-11-04,3,3063.953632369431,North,Historical
2020-11-05,3,2852.1634613153947,North,Historical
2020-11-06,3,2429.3114794877806,North,Historical
2020-11-07,3,2754.8892325214265,North,Historical
2020-11-08,3,2674.215597463612,North,Historical
2020-11-09,3,2826.382952567206,North,Historical
2020-11-10,3,2866.76534367084,North,Historical
2020-11-11,3,2947.3157593177502,North,Historical
2020-11-12,3,2798.778007341763,North,Historical
2020-11-13,3,2749.77059923837,North,Historical
2020-11-14,3,2597.606608467009,North,Historical
2020-11-15,3,2745.925112978318,North,Historical
2020-11-16,3,3025.304105282489,North,Historical
2020-11-17,3,3132.1440195784176,North,Historical
2020-11-18,3,3293.161659701476,North,Historical
2020-11-19,3,3024.564255420382,North,Historical
2020-11-20,3,3005.3107562874156,North,Historical
2020-11-21,3,2354.0639534132883,North,Historical
2020-11-22,3,3330.8376023696833,North,Historical
2020-11-23,3,3521.905796361145,North,Historical
2020-11-24,3,3880.860083106189,North,Historical
2020-11-25,3,3528.955478545488,North,Historical
2020-11-26,3,3514.4256643430276,North,Historical
2020-11-27,3,3354.9681399990645,North,Historical
2020-11-28,3,3351.25684921398,North,Historical
2020-11-29,3,2872.6084841887896,North,Historical
2020-11-30,3,2624.3550415327772,North,Historical
2020-12-01,3,3827.5124044847144,North,Historical
2020-12-02,3,3491.5563453094505,North,Historical
2020-12-03,3,3256.527379462421,North,Historical
2020-12-04,3,3481.354323693452,North,Historical
2020-12-05,3,2772.9551897301835,North,Historical
2020-12-06,3,3238.696406377502,North,Historical
2020-12-07,3,3142.139957642654,North,Historical
2020-12-08,3,3238.0625412134827,North,Historical
2020-12-09,3,3466.5852240079853,North,Historical
2020-12-10,3,3445.900573301526,North,Historical
2020-12-11,3,3259.8711313115296,North,Historical
2020-12-12,3,3029.4414127077157,North,Historical
2020-12-13,3,2923.6718476339265,North,Historical
2020-12-14,3,3106.8512398467205,North,Historical
2020-12-15,3,3126.0816313002883,North,Historical
2020-12-16,3,3445.4589360367395,North,Historical
2020-12-17,3,3512.2253971573277,North,Historical
2020-12-18,3,3262.881809330015,North,Historical
2020-12-19,3,3052.025837616312,North,Historical
2020-12-20,3,3591.512762230956,North,Historical
2020-12-21,3,3155.7076008284266,North,Historical
2020-12-22,3,3601.61065455037,North,Historical
2020-12-23,3,3326.643854982982,North,Historical
2020-12-24,3,4449.941135002534,North,Historical
2020-12-25,3,4347.44292211081,North,Historical
2020-12-26,3,3004.3266566452103,North,Historical
2020-12-27,3,3340.713778162893,North,Historical
2020-12-28,3,3745.135237382501,North,Historical
2020-12-29,3,3812.420655054773,North,Historical
2020-12-30,3,3884.7048346813654,North,Historical
2020-12-31,3,4510.999088031987,North,Historical
2021-01-01,3,3872.563284023382,North,Historical
2021-01-02,3,3498.630275791423,North,Historical
2021-01-03,3,3867.5807918808255,North,Historical
2021-01-04,3,3385.199337911892,North,Historical
2021-01-05,3,3500.784275674258,North,Historical
2021-01-06,3,4211.835156979369,North,Historical
2021-01-07,3,3717.986993975564,North,Historical
2021-01-08,3,4139.62156452253,North,Historical
2021-01-09,3,3649.162133738271,North,Historical
2021-01-10,3,4104.26225007425,North,Historical
2021-01-11,3,3808.2057170815347,North,Historical
2021-01-12,3,3996.5397537072645,North,Historical
2021-01-13,3,3894.8756789058193,North,Historical
2021-01-14,3,3735.7742201871515,North,Historical
2021-01-15,3,3467.7350043402203,North,Historical
2021-01-16,3,3547.0419584648052,North,Historical
2021-01-17,3,3865.5304055801657,North,Historical
2021-01-18,3,3954.5467310159574,North,Historical
2021-01-19,3,3894.909924853435,North,Historical
2021-01-20,3,4243.528596181156,North,Historical
2021-01-21,3,3990.960722567998,North,Historical
2021-01-22,3,3458.7644606333783,North,Historical
2021-01-23,3,3598.876001130006,North,Historical
2021-01-24,3,3540.439549699301,North,Historical
2021-01-25,3,3834.2199145942714,North,Historical
2021-01-26,3,4437.917295538095,North,Historical
2021-01-27,3,4173.4378374716425,North,Historical
2021-01-28,3,3640.251107295202,North,Historical
2021-01-29,3,3287.432516656972,North,Historical
2021-01-30,3,3433.2171678674263,North,Historical
2021-01-31,3,4033.8147689312586,North,Historical
2021-02-01,3,3963.685907247184,North,Historical
2021-02-02,3,3795.778907583619,North,Historical
2021-02-03,3,3974.014465486152,North,Historical
2021-02-04,3,4396.419194501204,North,Historical
2021-02-05,3,3816.99710422711,North,Historical
2021-02-06,3,3837.1667495056113,North,Historical
2021-02-07,3,4177.152541823076,North,Historical
2021-02-08,3,3935.328555739361,North,Historical
2021-02-09,3,4287.54458195389,North,Historical
2021-02-10,3,3806.7252693822884,North,Historical
2021-02-11,3,4101.776334948794,North,Historical
2021-02-12,3,3409.744795651353,North,Historical
2021-02-13,3,4134.403813824522,North,Historical
2021-02-14,3,4314.422064645792,North,Historical
2021-02-15,3,3769.872493650844,North,Historical
2021-02-16,3,4104.820761499176,North,Historical
2021-02-17,3,4052.6036221408153,North,Historical
2021-02-18,3,4243.183274871884,North,Historical
2021-02-19,3,4472.782393439888,North,Historical
2021-02-20,3,4169.079753785567,North,Historical
2021-02-21,3,4114.499206744983,North,Historical
2021-02-22,3,4039.36556669395,North,Historical
2021-02-23,3,3991.7978262221504,North,Historical
2021-02-24,3,4500.508836426486,North,Historical
2021-02-25,3,3895.916849942849,North,Historical
2021-02-26,3,3793.044204661553,North,Historical
2021-02-27,3,3531.1604342761116,North,Historical
2021-02-28,3,3821.9657277459182,North,Historical
2021-03-01,3,3946.029080529564,North,Historical
2021-03-02,3,4241.190516204627,North,Historical
2021-03-03,3,4354.168073071549,North,Historical
2021-03-04,3,4170.548387971831,North,Historical
2021-03-05,3,3663.0822700140607,North,Historical
2021-03-06,3,3600.5815791516798,North,Historical
2021-03-07,3,3723.8778660748435,North,Historical
2021-03-08,3,4231.5644612155575,North,Historical
2021-03-09,3,4103.04782749514,North,Historical
2021-03-10,3,3625.9166490983207,North,Historical
2021-03-11,3,3880.3304972990436,North,Historical
2021-03-12,3,3573.0780429993983,North,Historical
2021-03-13,3,3886.773305994777,North,Historical
2021-03-14,3,4137.537536767572,North,Historical
2021-03-15,3,4674.121536009902,North,Historical
2021-03-16,3,4041.6741314458527,North,Historical
2021-03-17,3,4177.215239869528,North,Historical
2021-03-18,3,4451.447134329351,North,Historical
2021-03-19,3,3955.4362740797887,North,Historical
2021-03-20,3,3902.741605812334,North,Historical
2021-03-21,3,4141.729926531585,North,Historical
2021-03-22,3,4086.323547833669,North,Historical
2021-03-23,3,4173.684867891765,North,Historical
2021-03-24,3,4692.224276762215,North,Historical
2021-03-25,3,4063.5343346411155,North,Historical
2021-03-26,3,3894.8327375626322,North,Historical
2021-03-27,3,4011.4310482584697,North,Historical
2021-03-28,3,3792.113734471839,North,Historical
2021-03-29,3,4789.295722825125,North,Historical
2021-03-30,3,4286.915857369044,North,Historical
2021-03-31,3,4300.334920155304,North,Historical
2021-04-01,3,4062.3244564855067,North,Historical
2021-04-02,3,4345.329298154714,North,Historical
2021-04-03,3,3651.437445283983,North,Historical
2021-04-04,3,4006.4164898455106,North,Historical
2021-04-05,3,4747.76061634273,North,Historical
2021-04-06,3,4030.291765324569,North,Historical
2021-04-07,3,4215.057558020722,North,Historical
2021-04-08,3,3898.9183910016154,North,Historical
2021-04-09,3,3676.6475104433794,North,Historical
2021-04-10,3,4143.02069504421,North,Historical
2021-04-11,3,4178.211473889435,North,Historical
2021-04-12,3,3892.6443343890082,North,Historical
2021-04-13,3,4419.875393185016,North,Historical
2021-04-14,3,4553.326049762797,North,Historical
2021-04-15,3,4943.768793163252,North,Historical
2021-04-16,3,3984.766899301602,North,Historical
2021-04-17,3,4250.47680890432,North,Historical
2021-04-18,3,4050.8466273228705,North,Historical
2021-04-19,3,3966.033084037587,North,Historical
2021-04-20,3,4912.2874818409355,North,Historical
2021-04-21,3,4221.820920881048,North,Historical
2021-04-22,3,4355.261515969461,North,Historical
2021-04-23,3,4200.39473525678,North,Historical
2021-04-24,3,4010.1251973320655,North,Historical
2021-04-25,3,4365.235126192327,North,Historical
2021-04-26,3,3967.1209121768825,North,Historical
2021-04-27,3,4634.458942924169,North,Historical
2021-04-28,3,4344.686489911346,North,Historical
2021-04-29,3,4425.581015586163,North,Historical
2021-04-30,3,3862.8991114240575,North,Historical
2021-05-01,3,3602.806693316218,North,Historical
2021-05-02,3,3785.398172156703,North,Historical
2021-05-03,3,4455.461106367488,North,Historical
2021-05-04,3,4192.954161336163,North,Historical
2021-05-05,3,3962.873250671916,North,Historical
2021-05-06,3,4103.531883738536,North,Historical
2021-05-07,3,3849.3533224464754,North,Historical
2021-05-08,3,3400.0274290335915,North,Historical
2021-05-09,3,4209.754375857218,North,Historical
2021-05-10,3,4178.532353305856,North,Historical
2021-05-11,3,3778.2375598089316,North,Historical
2021-05-12,3,3899.5764440248167,North,Historical
2021-05-13,3,3548.490849775444,North,Historical
2021-05-14,3,3895.2564236479066,North,Historical
2021-05-15,3,3671.6960936264886,North,Historical
2021-05-16,3,3654.160540173021,North,Historical
2021-05-17,3,3701.514584709275,North,Historical
2021-05-18,3,3906.4577194946078,North,Historical
2021-05-19,3,3753.471966038481,North,Historical
2021-05-20,3,4396.393551207919,North,Historical
2021-05-21,3,3837.692947310459,North,Historical
2021-05-22,3,3758.5577406099205,North,Historical
2021-05-23,3,3671.3175968230235,North,Historical
2021-05-24,3,3622.3288772793408,North,Historical
2021-05-25,3,4012.1942194152875,North,Historical
2021-05-26,3,3697.4522947457062,North,Historical
2021-05-27,3,3992.487965829632,North,Historical
2021-05-28,3,3623.2299948221817,North,Historical
2021-05-29,3,3719.599285128313,North,Historical
2021-05-30,3,3515.648594934553,North,Historical
2021-05-31,3,4046.6281954595224,North,Historical
2021-06-01,3,3828.458251130364,North,Historical
2021-06-02,3,3973.270447922178,North,Historical
2021-06-03,3,3780.9800719955,North,Historical
2021-06-04,3,3600.74833224429,North,Historical
2021-06-05,3,3469.079497320881,North,Historical
2021-06-06,3,3365.0692794033293,North,Historical
2021-06-07,3,3463.5590361533564,North,Historical
2021-06-08,3,4332.480038480482,North,Historical
2021-06-09,3,3441.496670793098,North,Historical
2021-06-10,3,3730.6378684746537,North,Historical
2021-06-11,3,3487.162611806602,North,Historical
2021-06-12,3,3458.6927471287104,North,Historical
2021-06-13,3,3664.607380358667,North,Historical
2021-06-14,3,3377.127720451644,North,Historical
2021-06-15,3,3857.7709368367323,North,Historical
2021-06-16,3,3703.2764758338276,North,Historical
2021-06-17,3,4376.31647796815,North,Historical
2021-06-18,3,3226.686555250563,North,Historical
2021-06-19,3,3223.0306335469845,North,Historical
2021-06-20,3,3376.66163866487,North,Historical
2021-06-21,3,3390.9635812280503,North,Historical
2021-06-22,3,3660.4925142996294,North,Historical
2021-06-23,3,3672.900935578043,North,Historical
2021-06-24,3,3594.7352166361775,North,Historical
2021-06-25,3,3551.7153337524437,North,Historical
2021-06-26,3,3126.786970845943,North,Historical
2021-06-27,3,3336.623556879423,North,Historical
2021-06-28,3,3792.689880701731,North,Historical
2021-06-29,3,3677.1214326547943,North,Historical
2021-06-30,3,3854.7992502578177,North,Historical
2021-07-01,3,3591.6918679122045,North,Historical
2021-07-02,3,3604.2004237025594,North,Historical
2021-07-03,3,3347.6114990719175,North,Historical
2021-07-04,3,3131.2489385509757,North,Historical
2021-07-05,3,3426.979034245129,North,Historical
2021-07-06,3,3155.9973604811826,North,Historical
2021-07-07,3,3573.196267508677,North,Historical
2021-07-08,3,3489.6558595349293,North,Historical
2021-07-09,3,3375.3379014218135,North,Historical
2021-07-10,3,3221.3519219838554,North,Historical
2021-07-11,3,3342.706387540511,North,Historical
2021-07-12,3,3164.204882850965,North,Historical
2021-07-13,3,3105.29205790952,North,Historical
2021-07-14,3,3456.46411312512,North,Historical
2021-07-15,3,3621.7252236290497,North,Historical
2021-07-16,3,3127.603798532169,North,Historical
2021-07-17,3,2825.3076668913814,North,Historical
2021-07-18,3,2940.126120684947,North,Historical
2021-07-19,3,3282.799141921558,North,Historical
2021-07-20,3,3097.8337503916227,North,Historical
2021-07-21,3,3341.7206817041642,North,Historical
2021-07-22,3,3252.742909954542,North,Historical
2021-07-23,3,3068.705004533997,North,Historical
2021-07-24,3,3369.956324124992,North,Historical
2021-07-25,3,3186.2448919261506,North,Historical
2021-07-26,3,4051.2053586506713,North,Historical
2021-07-27,3,3657.323511357369,North,Historical
2021-07-28,3,2729.474915977843,North,Historical
2021-07-29,3,3202.304642365828,North,Historical
2021-07-30,3,2804.111452172995,North,Historical
2021-07-31,3,2930.531320977144,North,Historical
2021-08-01,3,2737.8916935031357,North,Historical
2021-08-02,3,3226.9335368678267,North,Historical
2021-08-03,3,3655.153378170037,North,Historical
2021-08-04,3,3036.6729995242636,North,Historical
2021-08-05,3,2702.767439238584,North,Historical
2021-08-06,3,2578.459101889477,North,Historical
2021-08-07,3,2772.4137188238888,North,Historical
2021-08-08,3,2673.2738858060134,North,Historical
2021-08-09,3,2690.9240363456593,North,Historical
2021-08-10,3,2912.5416392483744,North,Historical
2021-08-11,3,2999.8774904575844,North,Historical
2021-08-12,3,2781.4579072402094,North,Historical
2021-08-13,3,2568.8764804738166,North,Historical
2021-08-14,3,2729.476264099454,North,Historical
2021-08-15,3,2464.045782906686,North,Historical
2021-08-16,3,3034.8398131664553,North,Historical
2021-08-17,3,3076.2216916710217,North,Historical
2021-08-18,3,2863.509534923907,North,Historical
2021-08-19,3,2986.5933022123622,North,Historical
2021-08-20,3,2867.197470334759,North,Historical
2021-08-21,3,2577.3215191555014,North,Historical
2021-08-22,3,2319.948955384541,North,Historical
2021-08-23,3,2916.4270498104497,North,Historical
2021-08-24,3,3095.020805281516,North,Historical
2021-08-25,3,2880.790570266574,North,Historical
2021-08-26,3,2923.714385181231,North,Historical
2021-08-27,3,2240.439837325974,North,Historical
2021-08-28,3,2202.7701643654523,North,Historical
2021-08-29,3,2441.5090555634306,North,Historical
2021-08-30,3,2533.37477724225,North,Historical
2021-08-31,3,2768.9990027974086,North,Historical
2021-09-01,3,2852.7645412849943,North,Historical
2021-09-02,3,2637.751176851095,North,Historical
2021-09-03,3,2320.627185117653,North,Historical
2021-09-04,3,2570.8362048392587,North,Historical
2021-09-05,3,2341.0238931281256,North,Historical
2021-09-06,3,2168.4988804926656,North,Historical
2021-09-07,3,2583.391242523846,North,Historical
2021-09-08,3,2633.116653965826,North,Historical
2021-09-09,3,2740.9928090644944,North,Historical
2021-09-10,3,2602.952521845948,North,Historical
2021-09-11,3,2844.7078083944252,North,Historical
2021-09-12,3,2600.4338370369614,North,Historical
2021-09-13,3,2674.273713570932,North,Historical
2021-09-14,3,2872.313821328275,North,Historical
2021-09-15,3,2975.2522586878335,North,Historical
2021-09-16,3,2732.0854520741586,North,Historical
2021-09-17,3,2842.153296208253,North,Historical
2021-09-18,3,1890.3399619138374,North,Historical
2021-09-19,3,2403.5440618379253,North,Historical
2021-09-20,3,2158.6765043010346,North,Historical
2021-09-21,3,2559.583713789801,North,Historical
2021-09-22,3,2684.751664484932,North,Historical
2021-09-23,3,2634.4103630669388,North,Historical
2021-09-24,3,2409.1401770421444,North,Historical
2021-09-25,3,2068.882853956238,North,Historical
2021-09-26,3,2087.4604252178783,North,Historical
2021-09-27,3,2675.0542570294724,North,Historical
2021-09-28,3,2782.649836778872,North,Historical
2021-09-29,3,2749.902893252099,North,Historical
2021-09-30,3,2567.48430583262,North,Historical
2021-10-01,3,2523.164729171531,North,Historical
2021-10-02,3,2427.652223754448,North,Historical
2021-10-03,3,2256.855801832763,North,Historical
2021-10-04,3,2580.815377962435,North,Historical
2021-10-05,3,2699.704225144682,North,Historical
2021-10-06,3,2767.8993139973436,North,Historical
2021-10-07,3,2778.4376851518387,North,Historical
2021-10-08,3,2582.023889481292,North,Historical
2021-10-09,3,2330.792825834445,North,Historical
2021-10-10,3,2436.4683439271885,North,Historical
2021-10-11,3,2861.659243147215,North,Historical
2021-10-12,3,2868.3120996843977,North,Historical
2021-10-13,3,2647.9156870518227,North,Historical
2021-10-14,3,2782.320738169132,North,Historical
2021-10-15,3,2707.3391396976376,North,Historical
2021-10-16,3,2257.5381397613987,North,Historical
2021-10-17,3,2213.541037422492,North,Historical
2021-10-18,3,2642.82258200361,North,Historical
2021-10-19,3,2926.9212050553338,North,Historical
2021-10-20,3,2829.1124862818942,North,Historical
2021-10-21,3,2663.4463410621897,North,Historical
2021-10-22,3,2612.3984983065925,North,Historical
2021-10-23,3,2613.145712260609,North,Historical
2021-10-24,3,2437.7656418382735,North,Historical
2021-10-25,3,2590.713017887515,North,Historical
2021-10-26,3,2691.7772185275594,North,Historical
2021-10-27,3,2956.5747479014844,North,Historical
2021-10-28,3,2903.5565379395925,North,Historical
2021-10-29,3,2544.8483944823424,North,Historical
2021-10-30,3,2453.554331435657,North,Historical
2021-10-31,3,2768.101612943418,North,Historical
2021-11-01,3,2887.325422768335,North,Historical
2021-11-02,3,3466.4599921631598,North,Historical
2021-11-03,3,3220.593613306951,North,Historical
2021-11-04,3,3417.7910673183546,North,Historical
2021-11-05,3,3072.8073221285717,North,Historical
2021-11-06,3,2944.305405067329,North,Historical
2021-11-07,3,2871.179247116582,North,Historical
2021-11-08,3,3206.1009212415843,North,Historical
2021-11-09,3,3210.1960048848205,North,Historical
2021-11-10,3,2985.1715368399346,North,Historical
2021-11-11,3,2861.5760121404724,North,Historical
2021-11-12,3,2911.6140526259032,North,Historical
2021-11-13,3,2813.9804947190387,North,Historical
2021-11-14,3,2308.434914812798,North,Historical
2021-11-15,3,2544.6187084589656,North,Historical
2021-11-16,3,3239.4936930273807,North,Historical
2021-11-17,3,3303.715073839104,North,Historical
2021-11-18,3,3274.199171575122,North,Historical
2021-11-19,3,2930.5495549071293,North,Historical
2021-11-20,3,2530.047098577966,North,Historical
2021-11-21,3,2814.7461992800204,North,Historical
2021-11-22,3,3625.5161048909645,North,Historical
2021-11-23,3,3514.691472098164,North,Historical
2021-11-24,3,3568.0130931014396,North,Historical
2021-11-25,3,3519.73636841434,North,Historical
2021-11-26,3,3482.024982404243,North,Historical
2021-11-27,3,3342.3074948738176,North,Historical
2021-11-28,3,3863.4996424633473,North,Historical
2021-11-29,3,2770.9008914952283,North,Historical
2021-11-30,3,3346.3823791790874,North,Historical
2021-12-01,3,3611.662237693753,North,Historical
2021-12-02,3,3216.2022768937586,North,Historical
2021-12-03,3,2612.868254265206,North,Historical
2021-12-04,3,3382.416803588268,North,Historical
2021-12-05,3,3024.1814691396025,North,Historical
2021-12-06,3,3526.9606038299416,North,Historical
2021-12-07,3,3510.6562887861237,North,Historical
2021-12-08,3,3673.743753642222,North,Historical
2021-12-09,3,3414.298722163299,North,Historical
2021-12-10,3,3720.770342266434,North,Historical
2021-12-11,3,3431.667353571842,North,Historical
2021-12-12,3,2938.1501938164806,North,Historical
2021-12-13,3,3899.0677575556892,North,Historical
2021-12-14,3,3290.0183622232726,North,Historical
2021-12-15,3,3473.940597323061,North,Historical
2021-12-16,3,3399.535483365316,North,Historical
2021-12-17,3,3321.2808204024277,North,Historical
2021-12-18,3,3295.476494949221,North,Historical
2021-12-19,3,3157.0141636237727,North,Historical
2021-12-20,3,3414.9143082560945,North,Historical
2021-12-21,3,3489.4740285320613,North,Historical
2021-12-22,3,3630.688679854754,North,Historical
2021-12-23,3,3481.65138887821,North,Historical
2021-12-24,3,4634.271386253993,North,Historical
2021-12-25,3,4168.043925905226,North,Historical
2021-12-26,3,3822.934541389388,North,Historical
2021-12-27,3,3509.8705455476215,North,Historical
2021-12-28,3,3977.961464034877,North,Historical
2021-12-29,3,3318.411876580405,North,Historical
2021-12-30,3,3562.8926194456235,North,Historical
2021-12-31,3,4245.6271028147685,North,Historical
2022-01-01,3,3560.940191247401,North,Historical
2022-01-02,3,3712.2893225220746,North,Historical
2022-01-03,3,3923.4432963460727,North,Historical
2022-01-04,3,3791.870180185375,North,Historical
2022-01-05,3,3761.341809349613,North,Historical
2022-01-06,3,4168.521078594321,North,Historical
2022-01-07,3,3677.8736078193783,North,Historical
2022-01-08,3,3377.5789143755223,North,Historical
2022-01-09,3,3608.3893670225943,North,Historical
2022-01-10,3,3354.114018609638,North,Historical
2022-01-11,3,3706.398284849089,North,Historical
2022-01-12,3,3933.173025220687,North,Historical
2022-01-13,3,4150.971276459622,North,Historical
2022-01-14,3,4590.687441542434,North,Historical
2022-01-15,3,3457.8775748741546,North,Historical
2022-01-16,3,3558.4210697244116,North,Historical
2022-01-17,3,3495.54845413788,North,Historical
2022-01-18,3,3987.516592840931,North,Historical
2022-01-19,3,4139.759247828437,North,Historical
2022-01-20,3,4017.319001171858,North,Historical
2022-01-21,3,3934.4881086332557,North,Historical
2022-01-22,3,3801.443182352955,North,Historical
2022-01-23,3,3671.1839729441162,North,Historical
2022-01-24,3,3867.6871072469394,North,Historical
2022-01-25,3,3847.602599291189,North,Historical
2022-01-26,3,3962.307040529922,North,Historical
2022-01-27,3,4042.381743795415,North,Historical
2022-01-28,3,4059.187536105533,North,Historical
2022-01-29,3,3573.9631401960737,North,Historical
2022-01-30,3,3887.88264590313,North,Historical
2022-01-31,3,4330.246546177403,North,Historical
2022-02-01,3,4066.1487416035807,North,Historical
2022-02-02,3,4020.0853687052054,North,Historical
2022-02-03,3,3918.160160359457,North,Historical
2022-02-04,3,3786.701117238679,North,Historical
2022-02-05,3,3323.2305888504275,North,Historical
2022-02-06,3,3671.8778604442414,North,Historical
2022-02-07,3,3968.51739365492,North,Historical
2022-02-08,3,4043.9612280144815,North,Historical
2022-02-09,3,4025.8432374990134,North,Historical
2022-02-10,3,4132.030665191987,North,Historical
2022-02-11,3,3661.782022577954,North,Historical
2022-02-12,3,3764.8912121969875,North,Historical
2022-02-13,3,3505.6789997760384,North,Historical
2022-02-14,3,4169.742068595901,North,Historical
2022-02-15,3,3939.1857397818985,North,Historical
2022-02-16,3,4055.4973906508803,North,Historical
2022-02-17,3,4529.958019818058,North,Historical
2022-02-18,3,3977.342779375384,North,Historical
2022-02-19,3,3549.288774857848,North,Historical
2022-02-20,3,3906.7005781400007,North,Historical
2022-02-21,3,4028.7731533265696,North,Historical
2022-02-22,3,4498.168407227256,North,Historical
2022-02-23,3,4202.4749436500815,North,Historical
2022-02-24,3,4223.6013527725845,North,Historical
2022-02-25,3,3719.9620954506395,North,Historical
2022-02-26,3,4030.4103731046043,North,Historical
2022-02-27,3,3832.5901276068776,North,Historical
2022-02-28,3,4027.39234263193,North,Historical
2022-03-01,3,4262.877452134799,North,Historical
2022-03-02,3,4161.719379545744,North,Historical
2022-03-03,3,3859.90011871571,North,Historical
2022-03-04,3,4231.541264904723,North,Historical
2022-03-05,3,3942.532165593629,North,Historical
2022-03-06,3,4224.6645718651625,North,Historical
2022-03-07,3,4266.811584585258,North,Historical
2022-03-08,3,4636.507576527945,North,Historical
2022-03-09,3,4767.298330612587,North,Historical
2022-03-10,3,4324.870471043763,North,Historical
2022-03-11,3,3803.8908467671254,North,Historical
2022-03-12,3,4018.7003518050424,North,Historical
2022-03-13,3,3858.467847436069,North,Historical
2022-03-14,3,4204.085088752215,North,Historical
2022-03-15,3,3922.868811001167,North,Historical
2022-03-16,3,3972.3199044332873,North,Historical
2022-03-17,3,4183.8199671110315,North,Historical
2022-03-18,3,4428.714627078036,North,Historical
2022-03-19,3,4044.738803291481,North,Historical
2022-03-20,3,4030.4235284749157,North,Historical
2022-03-21,3,4295.42755936962,North,Historical
2022-03-22,3,4107.272885786019,North,Historical
2022-03-23,3,3894.103429909694,North,Historical
2022-03-24,3,3824.004679814344,North,Historical
2022-03-25,3,4116.476454729957,North,Historical
2022-03-26,3,4350.0081782890675,North,Historical
2022-03-27,3,3569.951514582447,North,Historical
2022-03-28,3,4242.401595115534,North,Historical
2022-03-29,3,4636.514506251475,North,Historical
2022-03-30,3,3991.513939413368,North,Historical
2022-03-31,3,4317.407090618659,North,Historical
2022-04-01,3,4011.4203762629727,North,Historical
2022-04-02,3,3797.9750649012644,North,Historical
2022-04-03,3,3730.7452407353494,North,Historical
2022-04-04,3,4160.83096355953,North,Historical
2022-04-05,3,4234.0101406713065,North,Historical
2022-04-06,3,4575.897871117753,North,Historical
2022-04-07,3,4180.288384615293,North,Historical
2022-04-08,3,4448.7597371533775,North,Historical
2022-04-09,3,4549.185379154025,North,Historical
2022-04-10,3,4034.8215675041606,North,Historical
2022-04-11,3,3937.636575300776,North,Historical
2022-04-12,3,4177.480138158489,North,Historical
2022-04-13,3,3979.7904404323867,North,Historical
2022-04-14,3,3889.4806464054363,North,Historical
2022-04-15,3,3540.030212124665,North,Historical
2022-04-16,3,4019.8225845457296,North,Historical
2022-04-17,3,4296.698087961525,North,Historical
2022-04-18,3,3816.490654119531,North,Historical
2022-04-19,3,4335.272194098907,North,Historical
2022-04-20,3,4256.4567903610705,North,Historical
2022-04-21,3,3796.665502994108,North,Historical
2022-04-22,3,4293.739527555794,North,Historical
2022-04-23,3,3791.115251096342,North,Historical
2022-04-24,3,3823.2404767762787,North,Historical
2022-04-25,3,4103.824014101018,North,Historical
2022-04-26,3,4354.346314963001,North,Historical
2022-04-27,3,4447.292207114365,North,Historical
2022-04-28,3,4437.638229388796,North,Historical
2022-04-29,3,4172.309136047917,North,Historical
2022-04-30,3,4245.9027502572,North,Historical
2022-05-01,3,3867.342455267354,North,Historical
2022-05-02,3,4391.926059006142,North,Historical
2022-05-03,3,4005.317670344179,North,Historical
2022-05-04,3,5085.954159099468,North,Historical
2022-05-05,3,4487.61980711247,North,Historical
2022-05-06,3,4354.448446115009,North,Historical
2022-05-07,3,4383.801603356699,North,Historical
2022-05-08,3,3830.0468149545263,North,Historical
2022-05-09,3,3806.575936859805,North,Historical
2022-05-10,3,4168.923215919261,North,Historical
2022-05-11,3,4252.155062358503,North,Historical
2022-05-12,3,4096.656484880004,North,Historical
2022-05-13,3,3663.7785540362866,North,Historical
2022-05-14,3,3543.324896190069,North,Historical
2022-05-15,3,3699.829422793294,North,Historical
2022-05-16,3,4264.845512906724,North,Historical
2022-05-17,3,4194.8961092490545,North,Historical
2022-05-18,3,3825.1004206810653,North,Historical
2022-05-19,3,4052.0372722432803,North,Historical
2022-05-20,3,3744.501881788612,North,Historical
2022-05-21,3,3584.872498001572,North,Historical
2022-05-22,3,3727.2968576811663,North,Historical
2022-05-23,3,3945.1026486864753,North,Historical
2022-05-24,3,3825.281955521405,North,Historical
2022-05-25,3,4451.8431286103405,North,Historical
2022-05-26,3,4385.3999928672,North,Historical
2022-05-27,3,3984.6160211899746,North,Historical
2022-05-28,3,3687.7319458959114,North,Historical
2022-05-29,3,3882.9624724901255,North,Historical
2022-05-30,3,3995.813287323156,North,Historical
2022-05-31,3,3811.2730446993637,North,Historical
2022-06-01,3,4255.958050874579,North,Historical
2022-06-02,3,3864.3588409452195,North,Historical
2022-06-03,3,3679.623867424467,North,Historical
2022-06-04,3,3484.8991920573308,North,Historical
2022-06-05,3,3493.6631118290184,North,Historical
2022-06-06,3,3437.237445934501,North,Historical
2022-06-07,3,4189.147269863155,North,Historical
2022-06-08,3,3910.36579954064,North,Historical
2022-06-09,3,3558.4260015729,North,Historical
2022-06-10,3,3484.051018882227,North,Historical
2022-06-11,3,4088.9894804680116,North,Historical
2022-06-12,3,3656.2538050385847,North,Historical
2022-06-13,3,3420.8188865648967,North,Historical
2022-06-14,3,3916.6845487034257,North,Historical
2022-06-15,3,3616.6904916252724,North,Historical
2022-06-16,3,3705.5885982909817,North,Historical
2022-06-17,3,3954.4030412047864,North,Historical
2022-06-18,3,3400.073271779399,North,Historical
2022-06-19,3,3696.6164164753914,North,Historical
2022-06-20,3,3271.31701431813,North,Historical
2022-06-21,3,3976.9000100941525,North,Historical
2022-06-22,3,3580.1594973444853,North,Historical
2022-06-23,3,3709.063857889746,North,Historical
2022-06-24,3,4012.613095152517,North,Historical
2022-06-25,3,3688.5309616953014,North,Historical
2022-06-26,3,3513.5184970182277,North,Historical
2022-06-27,3,3486.374342833912,North,Historical
2022-06-28,3,3635.7652678346444,North,Historical
2022-06-29,3,3581.569384066036,North,Historical
2022-06-30,3,4245.736209532008,North,Historical
2022-07-01,3,3764.7964326973743,North,Historical
2022-07-02,3,3165.367046727337,North,Historical
2022-07-03,3,3697.365819835618,North,Historical
2022-07-04,3,4567.051551432564,North,Historical
2022-07-05,3,3487.8845501066808,North,Historical
2022-07-06,3,3423.896645554619,North,Historical
2022-07-07,3,3409.763605272177,North,Historical
2022-07-08,3,3517.1448497497977,North,Historical
2022-07-09,3,3254.541266015555,North,Historical
2022-07-10,3,3126.6688937519643,North,Historical
2022-07-11,3,3504.468293924235,North,Historical
2022-07-12,3,3538.18528137037,North,Historical
2022-07-13,3,3754.4381282764725,North,Historical
2022-07-14,3,3642.804736176288,North,Historical
2022-07-15,3,3083.6659928767194,North,Historical
2022-07-16,3,3059.6282957884832,North,Historical
2022-07-17,3,2877.0903412478756,North,Historical
2022-07-18,3,3522.247818229943,North,Historical
2022-07-19,3,3171.7839275542706,North,Historical
2022-07-20,3,3481.126815988356,North,Historical
2022-07-21,3,3236.9852426861084,North,Historical
2022-07-22,3,3086.552245496407,North,Historical
2022-07-23,3,3117.9235153192362,North,Historical
2022-07-24,3,3176.9392176542387,North,Historical
2022-07-25,3,3418.44170803797,North,Historical
2022-07-26,3,3459.612829877819,North,Historical
2022-07-27,3,3582.9251649284192,North,Historical
2022-07-28,3,3432.6197013575734,North,Historical
2022-07-29,3,2987.093194576932,North,Historical
2022-07-30,3,2863.640709881049,North,Historical
2022-07-31,3,2900.2921607823696,North,Historical
2022-08-01,3,3276.362305677184,North,Historical
2022-08-02,3,3015.501956050532,North,Historical
2022-08-03,3,3362.2788100731264,North,Historical
2022-08-04,3,3046.0984224939743,North,Historical
2022-08-05,3,3028.9071009475892,North,Historical
2022-08-06,3,3084.6381434494156,North,Historical
2022-08-07,3,3122.7256004666556,North,Historical
2022-08-08,3,2548.293555723508,North,Historical
2022-08-09,3,3273.5013857350914,North,Historical
2022-08-10,3,3011.0933330819607,North,Historical
2022-08-11,3,2735.0651483891133,North,Historical
2022-08-12,3,2829.9462764705727,North,Historical
2022-08-13,3,2395.9514826587965,North,Historical
2022-08-14,3,2703.482988689634,North,Historical
2022-08-15,3,3086.4018913684677,North,Historical
2022-08-16,3,2866.5108599169307,North,Historical
2022-08-17,3,2717.750446796343,North,Historical
2022-08-18,3,2714.397737163901,North,Historical
2022-08-19,3,2599.1871928615524,North,Historical
2022-08-20,3,3304.3077095145986,North,Historical
2022-08-21,3,2586.0911548763593,North,Historical
2022-08-22,3,2751.5647644275373,North,Historical
2022-08-23,3,3082.4016241276686,North,Historical
2022-08-24,3,2801.19465298883,North,Historical
2022-08-25,3,3037.732582276325,North,Historical
2022-08-26,3,2888.617749885576,North,Historical
2022-08-27,3,2571.5985306996904,North,Historical
2022-08-28,3,2482.731718123386,North,Historical
2022-08-29,3,2813.248240378719,North,Historical
2022-08-30,3,2648.1640152655527,North,Historical
2022-08-31,3,2522.9246397661955,North,Historical
2022-09-01,3,2776.292005100877,North,Historical
2022-09-02,3,2431.2687509404823,North,Historical
2022-09-03,3,2653.9721474445028,North,Historical
2022-09-04,3,2412.8836029211056,North,Historical
2022-09-05,3,2466.8425838777675,North,Historical
2022-09-06,3,2432.9986596777444,North,Historical
2022-09-07,3,3174.737637908247,North,Historical
2022-09-08,3,2488.3299306770286,North,Historical
2022-09-09,3,2510.2253768260703,North,Historical
2022-09-10,3,2378.570252555896,North,Historical
2022-09-11,3,2605.474294486754,North,Historical
2022-09-12,3,2776.647349265235,North,Historical
2022-09-13,3,2846.01878496694,North,Historical
2022-09-14,3,2645.3337670873266,North,Historical
2022-09-15,3,2564.2230522729765,North,Historical
2022-09-16,3,2501.01989227986,North,Historical
2022-09-17,3,3054.6616378736508,North,Historical
2022-09-18,3,2909.6357951973196,North,Historical
2022-09-19,3,2657.282595049415,North,Historical
2022-09-20,3,2660.0738611691168,North,Historical
2022-09-21,3,2899.9294906232662,North,Historical
2022-09-22,3,2721.7232833268895,North,Historical
2022-09-23,3,2699.9820013124067,North,Historical
2022-09-24,3,2453.6716620450643,North,Historical
2022-09-25,3,2639.632575096273,North,Historical
2022-09-26,3,2921.3268670540756,North,Historical
2022-09-27,3,2559.7061232630726,North,Historical
2022-09-28,3,2948.1018765454237,North,Historical
2022-09-29,3,2854.5787437865038,North,Historical
2022-09-30,3,2838.9767811462625,North,Historical
2022-10-01,3,2693.733948362307,North,Historical
2022-10-02,3,2986.9321788764532,North,Historical
2022-10-03,3,2771.2775901752666,North,Historical
2022-10-04,3,2768.3890594453837,North,Historical
2022-10-05,3,2937.463225630998,North,Historical
2022-10-06,3,2529.5829016304056,North,Historical
2022-10-07,3,2740.415613805418,North,Historical
2022-10-08,3,2771.6435953477603,North,Historical
2022-10-09,3,2485.224229113129,North,Historical
2022-10-10,3,2637.0953146690595,North,Historical
2022-10-11,3,2641.117164106396,North,Historical
2022-10-12,3,2923.141231002459,North,Historical
2022-10-13,3,2677.8180722994234,North,Historical
2022-10-14,3,2520.9301112223984,North,Historical
2022-10-15,3,2290.7665273490134,North,Historical
2022-10-16,3,2479.550613196735,North,Historical
2022-10-17,3,2581.4058383733804,North,Historical
2022-10-18,3,2646.0304254483613,North,Historical
2022-10-19,3,3218.0646511894233,North,Historical
2022-10-20,3,3039.5337474347475,North,Historical
2022-10-21,3,2534.8340053320703,North,Historical
2022-10-22,3,2583.71296251844,North,Historical
2022-10-23,3,2600.3018481356276,North,Historical
2022-10-24,3,2723.26129277865,North,Historical
2022-10-25,3,2727.1423847280184,North,Historical
2022-10-26,3,2997.093668450542,North,Historical
2022-10-27,3,2977.801329144149,North,Historical
2022-10-28,3,2786.9813383819487,North,Historical
2022-10-29,3,2689.156291909985,North,Historical
2022-10-30,3,2938.618964731718,North,Historical
2022-10-31,3,2808.94605235136,North,Historical
2022-11-01,3,3207.3046343852197,North,Historical
2022-11-02,3,3180.7617683498743,North,Historical
2022-11-03,3,3266.021180822651,North,Historical
2022-11-04,3,3021.9320207385476,North,Historical
2022-11-05,3,2209.5811150572326,North,Historical
2022-11-06,3,2768.8417431798903,North,Historical
2022-11-07,3,2696.425435486037,North,Historical
2022-11-08,3,3214.772573093086,North,Historical
2022-11-09,3,3334.5140878624206,North,Historical
2022-11-10,3,3102.3777258483337,North,Historical
2022-11-11,3,2857.5891322698994,North,Historical
2022-11-12,3,3080.990831524524,North,Historical
2022-11-13,3,2750.5911359853017,North,Historical
2022-11-14,3,2950.281139290286,North,Historical
2022-11-15,3,2800.5034379450763,North,Historical
2022-11-16,3,2939.60467359042,North,Historical
2022-11-17,3,3070.5661116267906,North,Historical
2022-11-18,3,2987.0879014912066,North,Historical
2022-11-19,3,2810.2781844865212,North,Historical
2022-11-20,3,2588.029742669407,North,Historical
2022-11-21,3,2887.9836469409483,North,Historical
2022-11-22,3,4628.193478971747,North,Historical
2022-11-23,3,3855.2699862996587,North,Historical
2022-11-24,3,4023.4284215650637,North,Historical
2022-11-25,3,3615.14939536667,North,Historical
2022-11-26,3,3135.2996932177,North,Historical
2022-11-27,3,3775.679078067906,North,Historical
2022-11-28,3,3398.7557600611717,North,Historical
2022-11-29,3,3473.0898246313,North,Historical
2022-11-30,3,2598.8954637460884,North,Historical
2022-12-01,3,3620.438208910688,North,Historical
2022-12-02,3,3082.1202852138135,North,Historical
2022-12-03,3,3138.741899980794,North,Historical
2022-12-04,3,2951.855358571274,North,Historical
2022-12-05,3,3353.9678573447013,North,Historical
2022-12-06,3,3648.773163915921,North,Historical
2022-12-07,3,4552.094679835966,North,Historical
2022-12-08,3,3680.5942284649745,North,Historical
2022-12-09,3,3337.3318115462102,North,Historical
2022-12-10,3,3117.618637099598,North,Historical
2022-12-11,3,3249.7976150807613,North,Historical
2022-12-12,3,3092.469384112585,North,Historical
2022-12-13,3,3505.1171173174403,North,Historical
2022-12-14,3,3544.245241792155,North,Historical
2022-12-15,3,3249.055375405934,North,Historical
2022-12-16,3,3811.31983966759,North,Historical
2022-12-17,3,3418.995801927334,North,Historical
2022-12-18,3,3803.8703557571766,North,Historical
2022-12-19,3,3560.070761557839,North,Historical
2022-12-20,3,3882.2367093107323,North,Historical
2022-12-21,3,3743.7968154223186,North,Historical
2022-12-22,3,3905.302652388602,North,Historical
2022-12-23,3,3549.156922452245,North,Historical
2022-12-24,3,4592.8309933738465,North,Historical
2022-12-25,3,4380.0449445067115,North,Historical
2022-12-26,3,3648.835158830378,North,Historical
2022-12-27,3,3488.8443814775706,North,Historical
2022-12-28,3,3675.946780744413,North,Historical
2022-12-29,3,4056.3531635479253,North,Historical
2022-12-30,3,4135.981419046187,North,Historical
2020-01-01,4,2935.919652416721,South,Historical
2020-01-02,4,2930.4973441186758,South,Historical
2020-01-03,4,2597.474435555608,South,Historical
2020-01-04,4,2600.9715811856477,South,Historical
2020-01-05,4,2377.6591245119284,South,Historical
2020-01-06,4,2789.420844604852,South,Historical
2020-01-07,4,3345.7881976393833,South,Historical
2020-01-08,4,2824.427544106979,South,Historical
2020-01-09,4,3051.11884050219,South,Historical
2020-01-10,4,2656.7435613447483,South,Historical
2020-01-11,4,2574.7673536266348,South,Historical
2020-01-12,4,2501.5346197984722,South,Historical
2020-01-13,4,3573.7452151143298,South,Historical
2020-01-14,4,3064.3542645632633,South,Historical
2020-01-15,4,3042.7299836172324,South,Historical
2020-01-16,4,2928.494222957776,South,Historical
2020-01-17,4,3001.29616274101,South,Historical
2020-01-18,4,2852.166132747705,South,Historical
2020-01-19,4,2693.278391189006,South,Historical
2020-01-20,4,3474.305609144794,South,Historical
2020-01-21,4,2974.527822062314,South,Historical
2020-01-22,4,3258.146859981123,South,Historical
2020-01-23,4,2544.3228620727077,South,Historical
2020-01-24,4,3039.8041868125474,South,Historical
2020-01-25,4,2812.864706711614,South,Historical
2020-01-26,4,3030.3467945208486,South,Historical
2020-01-27,4,2996.0605290693015,South,Historical
2020-01-28,4,3051.713687663032,South,Historical
2020-01-29,4,3510.779790883299,South,Historical
2020-01-30,4,3102.697190571128,South,Historical
2020-01-31,4,2883.0027135806085,South,Historical
2020-02-01,4,2858.84983221567,South,Historical
2020-02-02,4,2965.2965974286517,South,Historical
2020-02-03,4,3093.884860117758,South,Historical
2020-02-04,4,3405.8461249701422,South,Historical
2020-02-05,4,3396.2005894688427,South,Historical
2020-02-06,4,3456.640708961848,South,Historical
2020-02-07,4,3217.114981005957,South,Historical
2020-02-08,4,2789.898202832126,South,Historical
2020-02-09,4,3179.2624226226867,South,Historical
2020-02-10,4,3000.2067541472193,South,Historical
2020-02-11,4,3526.247177341288,South,Historical
2020-02-12,4,3403.5655469308704,South,Historical
2020-02-13,4,3273.6678978839104,South,Historical
2020-02-14,4,3169.1562443880057,South,Historical
2020-02-15,4,3118.0142628813555,South,Historical
2020-02-16,4,2996.4467659841957,South,Historical
2020-02-17,4,3388.2501251946533,South,Historical
2020-02-18,4,3432.616586691383,South,Historical
2020-02-19,4,3372.237789860471,South,Historical
2020-02-20,4,3354.8210748134093,South,Historical
2020-02-21,4,3229.401716996632,South,Historical
2020-02-22,4,2966.893167143157,South,Historical
2020-02-23,4,3115.073391097513,South,Historical
2020-02-24,4,3147.691526108729,South,Historical
2020-02-25,4,3173.559825802853,South,Historical
2020-02-26,4,3448.3108458571614,South,Historical
2020-02-27,4,3685.8532101056576,South,Historical
2020-02-28,4,3305.8704035893925,South,Historical
2020-02-29,4,2822.633605819175,South,Historical
2020-03-01,4,3617.0965246027135,South,Historical
2020-03-02,4,3865.531929344477,South,Historical
2020-03-03,4,3323.541904485128,South,Historical
2020-03-04,4,3234.6696668243344,South,Historical
2020-03-05,4,3662.8732968395743,South,Historical
2020-03-06,4,2838.024094027642,South,Historical
2020-03-07,4,2992.059206746523,South,Historical
2020-03-08,4,3284.175637590214,South,Historical
2020-03-09,4,3107.7478882910427,South,Historical
2020-03-10,4,3293.8876631567623,South,Historical
2020-03-11,4,3443.65020534713,South,Historical
2020-03-12,4,3350.5190855099863,South,Historical
2020-03-13,4,3211.571265879435,South,Historical
2020-03-14,4,3110.9879612882087,South,Historical
2020-03-15,4,3393.0425317348304,South,Historical
2020-03-16,4,3317.4636643126787,South,Historical
2020-03-17,4,3117.608691665238,South,Historical
2020-03-18,4,3708.875419267316,South,Historical
2020-03-19,4,3322.638495513041,South,Historical
2020-03-20,4,3600.6605036271735,South,Historical
2020-03-21,4,2755.540201085903,South,Historical
2020-03-22,4,2996.47233021054,South,Historical
2020-03-23,4,3371.5819009296138,South,Historical
2020-03-24,4,3674.851955531216,South,Historical
2020-03-25,4,3242.633033139819,South,Historical
2020-03-26,4,3384.4690563905906,South,Historical
2020-03-27,4,3129.4801280160377,South,Historical
2020-03-28,4,3088.2897511640676,South,Historical
2020-03-29,4,3143.787976062779,South,Historical
2020-03-30,4,3454.1531329793215,South,Historical
2020-03-31,4,3611.126547866888,South,Historical
2020-04-01,4,3490.561689756573,South,Historical
2020-04-02,4,3407.4786459515867,South,Historical
2020-04-03,4,3252.6293424014884,South,Historical
2020-04-04,4,3029.1720362359056,South,Historical
2020-04-05,4,3097.6851672343373,South,Historical
2020-04-06,4,3308.431178174217,South,Historical
2020-04-07,4,3541.190830758734,South,Historical
2020-04-08,4,3664.0250223498483,South,Historical
2020-04-09,4,3714.167845984873,South,Historical
2020-04-10,4,3526.8045707192487,South,Historical
2020-04-11,4,3850.497932450955,South,Historical
2020-04-12,4,3162.8017182283975,South,Historical
2020-04-13,4,3161.7525693215266,South,Historical
2020-04-14,4,3422.989417124407,South,Historical
2020-04-15,4,3425.9413395041947,South,Historical
2020-04-16,4,3491.315715698562,South,Historical
2020-04-17,4,3331.4214547024567,South,Historical
2020-04-18,4,2725.798164660739,South,Historical
2020-04-19,4,3466.3448613428745,South,Historical
2020-04-20,4,3349.3020884173407,South,Historical
2020-04-21,4,3333.0597745283876,South,Historical
2020-04-22,4,3702.7968547907653,South,Historical
2020-04-23,4,3313.2418978464266,South,Historical
2020-04-24,4,2828.3876915466044,South,Historical
2020-04-25,4,3126.907325618145,South,Historical
2020-04-26,4,3420.342209220838,South,Historical
2020-04-27,4,3133.0798015028354,South,Historical
2020-04-28,4,3293.620751406228,South,Historical
2020-04-29,4,3354.495601530838,South,Historical
2020-04-30,4,3404.4711134673294,South,Historical
2020-05-01,4,2645.856523690217,South,Historical
2020-05-02,4,3245.014359658599,South,Historical
2020-05-03,4,2808.330757033681,South,Historical
2020-05-04,4,3081.9956312024915,South,Historical
2020-05-05,4,3569.380317161029,South,Historical
2020-05-06,4,3115.150384366847,South,Historical
2020-05-07,4,2897.3946240419846,South,Historical
2020-05-08,4,3084.4425284353365,South,Historical
2020-05-09,4,2921.0690433856685,South,Historical
2020-05-10,4,2996.107669839678,South,Historical
2020-05-11,4,3226.524484205745,South,Historical
2020-05-12,4,3447.212872540968,South,Historical
2020-05-13,4,3390.557927103401,South,Historical
2020-05-14,4,3358.971143172441,South,Historical
2020-05-15,4,3279.304371374824,South,Historical
2020-05-16,4,2794.88874826942,South,Historical
2020-05-17,4,2864.1232607424035,South,Historical
2020-05-18,4,3096.8871075444367,South,Historical
2020-05-19,4,3122.0091304154594,South,Historical
2020-05-20,4,3575.154840099135,South,Historical
2020-05-21,4,3238.0717624725344,South,Historical
2020-05-22,4,3087.655860644182,South,Historical
2020-05-23,4,2847.7951517804095,South,Historical
2020-05-24,4,2733.085133010299,South,Historical
2020-05-25,4,2778.80954428159,South,Historical
2020-05-26,4,3784.4078284588322,South,Historical
2020-05-27,4,3253.9998339613257,South,Historical
2020-05-28,4,3241.4343394075577,South,Historical
2020-05-29,4,3484.966136178453,South,Historical
2020-05-30,4,2787.056247009387,South,Historical
2020-05-31,4,2709.250509123663,South,Historical
2020-06-01,4,2959.2189882292355,South,Historical
2020-06-02,4,2998.5081978311287,South,Historical
2020-06-03,4,3159.1570645657685,South,Historical
2020-06-04,4,2911.8629329884907,South,Historical
2020-06-05,4,2535.916671308386,South,Historical
2020-06-06,4,2757.260268660742,South,Historical
2020-06-07,4,2731.4965304615466,South,Historical
2020-06-08,4,3011.7230774306713,South,Historical
2020-06-09,4,2788.047846143326,South,Historical
2020-06-10,4,2973.5435816312515,South,Historical
2020-06-11,4,3046.1949896635556,South,Historical
2020-06-12,4,2947.7877788596834,South,Historical
2020-06-13,4,2941.127351411961,South,Historical
2020-06-14,4,2416.2892736261865,South,Historical
2020-06-15,4,2889.831352479379,South,Historical
2020-06-16,4,2959.312991689342,South,Historical
2020-06-17,4,3087.847318113799,South,Historical
2020-06-18,4,2839.6143369555543,South,Historical
2020-06-19,4,2626.6508941373836,South,Historical
2020-06-20,4,2469.7005141495665,South,Historical
2020-06-21,4,2553.426206465714,South,Historical
2020-06-22,4,2831.879209719207,South,Historical
2020-06-23,4,2827.1029955816653,South,Historical
2020-06-24,4,2861.1437998730244,South,Historical
2020-06-25,4,2744.926576401821,South,Historical
2020-06-26,4,2627.408851970141,South,Historical
2020-06-27,4,2706.5576063239378,South,Historical
2020-06-28,4,2352.436920180361,South,Historical
2020-06-29,4,2807.9233896271817,South,Historical
2020-06-30,4,2996.478883795338,South,Historical
2020-07-01,4,2733.5269285757445,South,Historical
2020-07-02,4,2594.067309729696,South,Historical
2020-07-03,4,2542.3650065212346,South,Historical
2020-07-04,4,3189.478959350023,South,Historical
2020-07-05,4,2734.155174954875,South,Historical
2020-07-06,4,2534.6650635715446,South,Historical
2020-07-07,4,2682.965488011373,South,Historical
2020-07-08,4,2543.49132777672,South,Historical
2020-07-09,4,2810.9856506558012,South,Historical
2020-07-10,4,2398.1292906361064,South,Historical
2020-07-11,4,2163.2524361870187,South,Historical
2020-07-12,4,2093.9918916705856,South,Historical
2020-07-13,4,2559.1527407629783,South,Historical
2020-07-14,4,2777.7234915650506,South,Historical
2020-07-15,4,2551.219462559254,South,Historical
2020-07-16,4,2635.7893396121785,South,Historical
2020-07-17,4,2304.0667106014134,South,Historical
2020-07-18,4,2240.9396354668793,South,Historical
2020-07-19,4,2240.9879868179655,South,Historical
2020-07-20,4,2263.4506720757518,South,Historical
2020-07-21,4,2529.4864247805417,South,Historical
2020-07-22,4,2608.664975849778,South,Historical
2020-07-23,4,2255.7667923103404,South,Historical
2020-07-24,4,2345.4780537515658,South,Historical
2020-07-25,4,1996.4099824951618,South,Historical
2020-07-26,4,2072.8772512804994,South,Historical
2020-07-27,4,2393.4445151203126,South,Historical
2020-07-28,4,2565.3969294430294,South,Historical
2020-07-29,4,2593.803872783206,South,Historical
2020-07-30,4,2390.0879779649454,South,Historical
2020-07-31,4,2057.0982369439457,South,Historical
2020-08-01,4,2026.471102428087,South,Historical
2020-08-02,4,1887.1396188572865,South,Historical
2020-08-03,4,2365.643001983566,South,Historical
2020-08-04,4,2466.850170963475,South,Historical
2020-08-05,4,2741.7532857916053,South,Historical
2020-08-06,4,2233.6702742326265,South,Historical
2020-08-07,4,2012.9542043261436,South,Historical
2020-08-08,4,1780.5718210911486,South,Historical
2020-08-09,4,2020.3243771165698,South,Historical
2020-08-10,4,1836.031250294171,South,Historical
2020-08-11,4,2319.5185314725472,South,Historical
2020-08-12,4,2210.8681149789004,South,Historical
2020-08-13,4,2045.8433976523247,South,Historical
2020-08-14,4,1764.768103556402,South,Historical
2020-08-15,4,1704.7023268211892,South,Historical
2020-08-16,4,1692.045580977003,South,Historical
2020-08-17,4,2066.6821768510895,South,Historical
2020-08-18,4,2348.4830214868275,South,Historical
2020-08-19,4,2178.1040119253666,South,Historical
2020-08-20,4,2074.5810678284756,South,Historical
2020-08-21,4,1943.7479295845646,South,Historical
2020-08-22,4,1703.7259559407478,South,Historical
2020-08-23,4,1767.4615700594613,South,Historical
2020-08-24,4,1769.040859434506,South,Historical
2020-08-25,4,1907.3812572616996,South,Historical
2020-08-26,4,1903.2391157381871,South,Historical
2020-08-27,4,1832.0883178792676,South,Historical
2020-08-28,4,2029.0893374637496,South,Historical
2020-08-29,4,1611.997932975524,South,Historical
2020-08-30,4,1496.6986827052917,South,Historical
2020-08-31,4,2313.7237739814054,South,Historical
2020-09-01,4,1834.9609245863487,South,Historical
2020-09-02,4,2174.1753703788113,South,Historical
2020-09-03,4,1755.6785422281448,South,Historical
2020-09-04,4,1828.3500724842127,South,Historical
2020-09-05,4,1963.2665925747228,South,Historical
2020-09-06,4,1600.5129927730259,South,Historical
2020-09-07,4,1565.4600144855938,South,Historical
2020-09-08,4,1875.3529569139334,South,Historical
2020-09-09,4,2000.26522231552,South,Historical
2020-09-10,4,1801.0710259432212,South,Historical
2020-09-11,4,1611.546011118619,South,Historical
2020-09-12,4,1625.114943307943,South,Historical
2020-09-13,4,1488.5747245737484,South,Historical
2020-09-14,4,1802.8727340438575,South,Historical
2020-09-15,4,1795.147895853018,South,Historical
2020-09-16,4,2223.4197875072887,South,Historical
2020-09-17,4,1686.7043956603243,South,Historical
2020-09-18,4,1658.3755956776354,South,Historical
2020-09-19,4,1398.7686725202761,South,Historical
2020-09-20,4,1512.4020832198287,South,Historical
2020-09-21,4,1761.852153172023,South,Historical
2020-09-22,4,1725.9584928814054,South,Historical
2020-09-23,4,1702.1979627952853,South,Historical
2020-09-24,4,2339.438185600996,South,Historical
2020-09-25,4,2096.549385328474,South,Historical
2020-09-26,4,1710.444482372022,South,Historical
2020-09-27,4,1687.301654142078,South,Historical
2020-09-28,4,1816.237085484136,South,Historical
2020-09-29,4,1683.3957365251554,South,Historical
2020-09-30,4,2123.0286149671047,South,Historical
2020-10-01,4,1890.443868632648,South,Historical
2020-10-02,4,1756.5350401157136,South,Historical
2020-10-03,4,1579.138661593777,South,Historical
2020-10-04,4,1779.5675376294284,South,Historical
2020-10-05,4,1829.3709488613688,South,Historical
2020-10-06,4,2144.6073979687358,South,Historical
2020-10-07,4,2099.239592350517,South,Historical
2020-10-08,4,2011.9164160616058,South,Historical
2020-10-09,4,2112.911794064072,South,Historical
2020-10-10,4,1604.618221937991,South,Historical
2020-10-11,4,1609.9615997557462,South,Historical
2020-10-12,4,1989.0906446972826,South,Historical
2020-10-13,4,1943.2015561812022,South,Historical
2020-10-14,4,2393.0527051833697,South,Historical
2020-10-15,4,1717.3311239675086,South,Historical
2020-10-16,4,1607.9506857877072,South,Historical
2020-10-17,4,1720.2502805031165,South,Historical
2020-10-18,4,1849.0294148235432,South,Historical
2020-10-19,4,1723.1827815439462,South,Historical
2020-10-20,4,1686.885470464105,South,Historical
2020-10-21,4,2043.8926297691748,South,Historical
2020-10-22,4,2560.051028073722,South,Historical
2020-10-23,4,1884.9891577508265,South,Historical
2020-10-24,4,1435.6643481332035,South,Historical
2020-10-25,4,2108.2875993692087,South,Historical
2020-10-26,4,1713.18319288823,South,Historical
2020-10-27,4,2078.2473403256517,South,Historical
2020-10-28,4,2007.3026478149018,South,Historical
2020-10-29,4,1996.0741060053228,South,Historical
2020-10-30,4,2092.708045885837,South,Historical
2020-10-31,4,2769.136157704359,South,Historical
2020-11-01,4,1990.6945142103004,South,Historical
2020-11-02,4,2082.650374574594,South,Historical
2020-11-03,4,2155.596670348268,South,Historical
2020-11-04,4,2188.3788168743818,South,Historical
2020-11-05,4,2244.069248645564,South,Historical
2020-11-06,4,2139.0640215161097,South,Historical
2020-11-07,4,2544.7619503847695,South,Historical
2020-11-08,4,2093.9624333857746,South,Historical
2020-11-09,4,2335.4203715373687,South,Historical
2020-11-10,4,2248.462365692005,South,Historical
2020-11-11,4,2260.8836648198107,South,Historical
2020-11-12,4,2524.798240773019,South,Historical
2020-11-13,4,1941.0360953808217,South,Historical
2020-11-14,4,2400.9783587542383,South,Historical
2020-11-15,4,2510.517322895926,South,Historical
2020-11-16,4,2375.8861999550636,South,Historical
2020-11-17,4,2251.8928982672,South,Historical
2020-11-18,4,2404.4192515396035,South,Historical
2020-11-19,4,2630.262451740348,South,Historical
2020-11-20,4,2103.924146124456,South,Historical
2020-11-21,4,1909.4410179346294,South,Historical
2020-11-22,4,3362.1924746513496,South,Historical
2020-11-23,4,2730.4854763382664,South,Historical
2020-11-24,4,3043.595460563418,South,Historical
2020-11-25,4,3186.338921884187,South,Historical
2020-11-26,4,2911.169433031711,South,Historical
2020-11-27,4,2770.8215534548394,South,Historical
2020-11-28,4,2636.117961359242,South,Historical
2020-11-29,4,1965.7183083691446,South,Historical
2020-11-30,4,2409.7753753189254,South,Historical
2020-12-01,4,2667.626955231052,South,Historical
2020-12-02,4,2570.905522316213,South,Historical
2020-12-03,4,2452.787411223641,South,Historical
2020-12-04,4,2386.100223920705,South,Historical
2020-12-05,4,2080.8756342212864,South,Historical
2020-12-06,4,2574.499135753717,South,Historical
2020-12-07,4,2606.8285923684225,South,Historical
2020-12-08,4,2631.4148610621774,South,Historical
2020-12-09,4,2831.468342524859,South,Historical
2020-12-10,4,2993.383258158401,South,Historical
2020-12-11,4,2634.3384026833623,South,Historical
2020-12-12,4,2121.869126685182,South,Historical
2020-12-13,4,2498.76661762599,South,Historical
2020-12-14,4,2766.446065217881,South,Historical
2020-12-15,4,2783.699318185919,South,Historical
2020-12-16,4,3204.618236164879,South,Historical
2020-12-17,4,2873.0465909948175,South,Historical
2020-12-18,4,2524.181504996143,South,Historical
2020-12-19,4,2318.4744962168593,South,Historical
2020-12-20,4,2406.9946831739703,South,Historical
2020-12-21,4,2515.825359201786,South,Historical
2020-12-22,4,3613.9711135341677,South,Historical
2020-12-23,4,2960.814892131117,South,Historical
2020-12-24,4,3832.8204879229916,South,Historical
2020-12-25,4,3412.8328062821656,South,Historical
2020-12-26,4,2563.834959874784,South,Historical
2020-12-27,4,2554.2510310662074,South,Historical
2020-12-28,4,2889.6345091358216,South,Historical
2020-12-29,4,2926.6484999806366,South,Historical
2020-12-30,4,3169.2599865825046,South,Historical
2020-12-31,4,3725.8559767359075,South,Historical
2021-01-01,4,3214.0992641357147,South,Historical
2021-01-02,4,3015.713612610569,South,Historical
2021-01-03,4,2631.81461463662,South,Historical
2021-01-04,4,3715.9781986155313,South,Historical
2021-01-05,4,3072.963084410998,South,Historical
2021-01-06,4,3627.0858711641804,South,Historical
2021-01-07,4,2881.7425644194727,South,Historical
2021-01-08,4,3030.655189561639,South,Historical
2021-01-09,4,2738.3905607578567,South,Historical
2021-01-10,4,2857.9579759963312,South,Historical
2021-01-11,4,2930.6429731690337,South,Historical
2021-01-12,4,3375.089954336938,South,Historical
2021-01-13,4,3346.361432361053,South,Historical
2021-01-14,4,3152.281409629844,South,Historical
2021-01-15,4,2963.3933356912944,South,Historical
2021-01-16,4,2753.0742749574397,South,Historical
2021-01-17,4,2875.208487077341,South,Historical
2021-01-18,4,3391.5922708268736,South,Historical
2021-01-19,4,3642.01432282929,South,Historical
2021-01-20,4,3442.935878996737,South,Historical
2021-01-21,4,3299.5040480312446,South,Historical
2021-01-22,4,3120.6550563215837,South,Historical
2021-01-23,4,3020.3703112172175,South,Historical
2021-01-24,4,3377.1069215633584,South,Historical
2021-01-25,4,3100.323523359689,South,Historical
2021-01-26,4,3209.4971825126536,South,Historical
2021-01-27,4,3578.506705246512,South,Historical
2021-01-28,4,3160.1345195622275,South,Historical
2021-01-29,4,3430.977013311477,South,Historical
2021-01-30,4,2897.161579008378,South,Historical
2021-01-31,4,3209.1554062625346,South,Historical
2021-02-01,4,3070.4987141160136,South,Historical
2021-02-02,4,3280.367295268141,South,Historical
2021-02-03,4,3787.8866942111354,South,Historical
2021-02-04,4,3177.6138100444737,South,Historical
2021-02-05,4,3070.0421059555615,South,Historical
2021-02-06,4,2834.253525937139,South,Historical
2021-02-07,4,3514.1155741098623,South,Historical
2021-02-08,4,3691.509327881924,South,Historical
2021-02-09,4,3571.4003885758557,South,Historical
2021-02-10,4,3369.19793573234,South,Historical
2021-02-11,4,3449.42980272292,South,Historical
2021-02-12,4,3216.4029380569464,South,Historical
2021-02-13,4,2864.118186189562,South,Historical
2021-02-14,4,3344.0568145475067,South,Historical
2021-02-15,4,3352.214489689572,South,Historical
2021-02-16,4,3346.569218659778,South,Historical
2021-02-17,4,3293.683120576605,South,Historical
2021-02-18,4,3305.206425171931,South,Historical
2021-02-19,4,3565.611592700636,South,Historical
2021-02-20,4,2999.012040966043,South,Historical
2021-02-21,4,2915.1775850346057,South,Historical
2021-02-22,4,3485.7262133173926,South,Historical
2021-02-23,4,3701.6756056619342,South,Historical
2021-02-24,4,3546.0114567096407,South,Historical
2021-02-25,4,3484.999574663368,South,Historical
2021-02-26,4,3302.4420936506754,South,Historical
2021-02-27,4,3734.849771295266,South,Historical
2021-02-28,4,3373.968179286498,South,Historical
2021-03-01,4,3712.4691306780587,South,Historical
2021-03-02,4,3695.4747177567515,South,Historical
2021-03-03,4,3254.031379380944,South,Historical
2021-03-04,4,3419.097439169927,South,Historical
2021-03-05,4,3561.866519258681,South,Historical
2021-03-06,4,3282.4571131569965,South,Historical
2021-03-07,4,3195.2535048720424,South,Historical
2021-03-08,4,3234.7956102861576,South,Historical
2021-03-09,4,3634.441853451671,South,Historical
2021-03-10,4,3348.1015415608076,South,Historical
2021-03-11,4,3554.9211103975877,South,Historical
2021-03-12,4,3083.4252693239573,South,Historical
2021-03-13,4,3697.629805328069,South,Historical
2021-03-14,4,3075.9250348357036,South,Historical
2021-03-15,4,3372.699299192832,South,Historical
2021-03-16,4,3244.2128582668565,South,Historical
2021-03-17,4,3324.6669774130196,South,Historical
2021-03-18,4,3295.640314061795,South,Historical
2021-03-19,4,3380.1783649793592,South,Historical
2021-03-20,4,2902.3657073210293,South,Historical
2021-03-21,4,3651.3762554029586,South,Historical
2021-03-22,4,3488.4105513636696,South,Historical
2021-03-23,4,3770.963582951915,South,Historical
2021-03-24,4,3438.0864736086314,South,Historical
2021-03-25,4,3408.555020738574,South,Historical
2021-03-26,4,3048.062872801085,South,Historical
2021-03-27,4,3135.912842856546,South,Historical
2021-03-28,4,3601.822418680069,South,Historical
2021-03-29,4,3687.664590441696,South,Historical
2021-03-30,4,3486.1734947279924,South,Historical
2021-03-31,4,3653.3854770538865,South,Historical
2021-04-01,4,3408.1473339698546,South,Historical
2021-04-02,4,3357.3494859495436,South,Historical
2021-04-03,4,3415.9750726740554,South,Historical
2021-04-04,4,3040.479205776247,South,Historical
2021-04-05,4,3597.7877950215507,South,Historical
2021-04-06,4,3495.3492213400546,South,Historical
2021-04-07,4,3508.6584991138143,South,Historical
2021-04-08,4,3374.485209580299,South,Historical
2021-04-09,4,3259.983929891565,South,Historical
2021-04-10,4,2949.315986217448,South,Historical
2021-04-11,4,3181.361445886439,South,Historical
2021-04-12,4,3313.044019663445,South,Historical
2021-04-13,4,3691.3955296562663,South,Historical
2021-04-14,4,4003.2980840774917,South,Historical
2021-04-15,4,3441.242908198126,South,Historical
2021-04-16,4,3567.9656685098316,South,Historical
2021-04-17,4,3370.3008124092107,South,Historical
2021-04-18,4,3384.5682448458724,South,Historical
2021-04-19,4,3981.749413461022,South,Historical
2021-04-20,4,3302.659232066138,South,Historical
2021-04-21,4,3771.6893839089466,South,Historical
2021-04-22,4,3644.3715854818,South,Historical
2021-04-23,4,3468.091608583889,South,Historical
2021-04-24,4,3097.755132358606,South,Historical
2021-04-25,4,3542.7980947188316,South,Historical
2021-04-26,4,3479.5782669964674,South,Historical
2021-04-27,4,3461.5783281819236,South,Historical
2021-04-28,4,3688.1840275744257,South,Historical
2021-04-29,4,3620.99904733405,South,Historical
2021-04-30,4,3544.1361515912304,South,Historical
2021-05-01,4,2689.4342719672286,South,Historical
2021-05-02,4,3264.9438839863683,South,Historical
2021-05-03,4,3116.3286222902734,South,Historical
2021-05-04,4,3191.047369446832,South,Historical
2021-05-05,4,3217.5269666718036,South,Historical
2021-05-06,4,3695.176466710047,South,Historical
2021-05-07,4,3056.131820077562,South,Historical
2021-05-08,4,2980.8191379989416,South,Historical
2021-05-09,4,2908.944439192892,South,Historical
2021-05-10,4,3197.164294075974,South,Historical
2021-05-11,4,3449.455752108416,South,Historical
2021-05-12,4,2979.098710220491,South,Historical
2021-05-13,4,3110.4341348499934,South,Historical
2021-05-14,4,3268.8008720548733,South,Historical
2021-05-15,4,3343.5300495028787,South,Historical
2021-05-16,4,3266.606896511879,South,Historical
2021-05-17,4,3457.7928498583888,South,Historical
2021-05-18,4,3123.238898599637,South,Historical
2021-05-19,4,3636.8034647486847,South,Historical
2021-05-20,4,2853.148920446502,South,Historical
2021-05-21,4,2786.8953805977,South,Historical
2021-05-22,4,2866.023307944881,South,Historical
2021-05-23,4,2970.579023233399,South,Historical
2021-05-24,4,2816.777171617631,South,Historical
2021-05-25,4,3176.5935462384105,South,Historical
2021-05-26,4,3937.1392194753385,South,Historical
2021-05-27,4,3264.9711640814307,South,Historical
2021-05-28,4,3083.5315029709627,South,Historical
2021-05-29,4,2964.3098846119606,South,Historical
2021-05-30,4,3099.4930021847467,South,Historical
2021-05-31,4,3333.277820918024,South,Historical
2021-06-01,4,3076.1693853642123,South,Historical
2021-06-02,4,3122.9942244313015,South,Historical
2021-06-03,4,2782.660813572589,South,Historical
2021-06-04,4,2865.9521713303297,South,Historical
2021-06-05,4,2883.7122249055005,South,Historical
2021-06-06,4,2914.8819176932866,South,Historical
2021-06-07,4,3112.7880538781787,South,Historical
2021-06-08,4,3088.4003409508714,South,Historical
2021-06-09,4,3143.745228832309,South,Historical
2021-06-10,4,3421.964358078488,South,Historical
2021-06-11,4,2998.8949420773556,South,Historical
2021-06-12,4,2755.1372997995577,South,Historical
2021-06-13,4,2615.6557166253024,South,Historical
2021-06-14,4,2924.6917595096497,South,Historical
2021-06-15,4,3163.9800324758426,South,Historical
2021-06-16,4,2829.04859763487,South,Historical
2021-06-17,4,3398.3790498565654,South,Historical
2021-06-18,4,2791.520220056116,South,Historical
2021-06-19,4,2673.995630853475,South,Historical
2021-06-20,4,3245.361519678992,South,Historical
2021-06-21,4,2787.2228783468013,South,Historical
2021-06-22,4,3249.9532065040867,South,Historical
2021-06-23,4,3530.9719885775958,South,Historical
2021-06-24,4,2961.1260460261346,South,Historical
2021-06-25,4,2935.991455154163,South,Historical
2021-06-26,4,2372.7455007980684,South,Historical
2021-06-27,4,2412.1698200661654,South,Historical
2021-06-28,4,2972.860880505727,South,Historical
2021-06-29,4,3020.4621593096203,South,Historical
2021-06-30,4,2750.8793229931657,South,Historical
2021-07-01,4,2487.749394875469,South,Historical
2021-07-02,4,2613.752480132348,South,Historical
2021-07-03,4,2325.808537791304,South,Historical
2021-07-04,4,2814.2400196997214,South,Historical
2021-07-05,4,2598.158705403262,South,Historical
2021-07-06,4,2732.2646093875965,South,Historical
2021-07-07,4,2657.79712985852,South,Historical
2021-07-08,4,2638.699059981486,South,Historical
2021-07-09,4,2538.2894901920326,South,Historical
2021-07-10,4,2573.7557894714687,South,Historical
2021-07-11,4,2516.3209163532624,South,Historical
2021-07-12,4,2390.3676470216674,South,Historical
2021-07-13,4,2576.9431509809683,South,Historical
2021-07-14,4,2867.8849222787344,South,Historical
2021-07-15,4,2554.6992743905557,South,Historical
2021-07-16,4,2360.655928737027,South,Historical
2021-07-17,4,2790.2656019527576,South,Historical
2021-07-18,4,2854.8958302977117,South,Historical
2021-07-19,4,2554.592046576705,South,Historical
2021-07-20,4,2668.711684498938,South,Historical
2021-07-21,4,2632.6618980781927,South,Historical
2021-07-22,4,2736.7045891698467,South,Historical
2021-07-23,4,2305.1873818951517,South,Historical
2021-07-24,4,2609.812484003028,South,Historical
2021-07-25,4,2175.8513554191004,South,Historical
2021-07-26,4,2338.89312446976,South,Historical
2021-07-27,4,2400.8927070671007,South,Historical
2021-07-28,4,2491.8326302171545,South,Historical
2021-07-29,4,2396.853090952985,South,Historical
2021-07-30,4,2270.005469277261,South,Historical
2021-07-31,4,1971.700281582958,South,Historical
2021-08-01,4,2190.7524181880294,South,Historical
2021-08-02,4,2561.8181243863137,South,Historical
2021-08-03,4,2173.524195289471,South,Historical
2021-08-04,4,2469.7266118826174,South,Historical
2021-08-05,4,2122.09898288524,South,Historical
2021-08-06,4,2166.4303442549194,South,Historical
2021-08-07,4,2035.721359708868,South,Historical
2021-08-08,4,1876.764527950545,South,Historical
2021-08-09,4,2171.856658773162,South,Historical
2021-08-10,4,2361.444568485188,South,Historical
2021-08-11,4,2222.761213827066,South,Historical
2021-08-12,4,2541.9369760613886,South,Historical
2021-08-13,4,2567.610175946047,South,Historical
2021-08-14,4,1845.5748035311437,South,Historical
2021-08-15,4,1775.4984036531703,South,Historical
2021-08-16,4,2073.260332041959,South,Historical
2021-08-17,4,2570.100645131733,South,Historical
2021-08-18,4,2215.538648334239,South,Historical
2021-08-19,4,1924.3673474187722,South,Historical
2021-08-20,4,2029.6529165476584,South,Historical
2021-08-21,4,2164.2815120330683,South,Historical
2021-08-22,4,1823.1959138696898,South,Historical
2021-08-23,4,1849.7458380684404,South,Historical
2021-08-24,4,1876.4267043544714,South,Historical
2021-08-25,4,2063.7250591061897,South,Historical
2021-08-26,4,2139.5012071834926,South,Historical
2021-08-27,4,2086.863119855664,South,Historical
2021-08-28,4,1880.9671218373603,South,Historical
2021-08-29,4,1872.597709564152,South,Historical
2021-08-30,4,1770.6788194100654,South,Historical
2021-08-31,4,2139.4713169370066,South,Historical
2021-09-01,4,2350.2582906491484,South,Historical
2021-09-02,4,1870.5932675361603,South,Historical
2021-09-03,4,1590.9992769119115,South,Historical
2021-09-04,4,1489.5451169834373,South,Historical
2021-09-05,4,1706.483847931714,South,Historical
2021-09-06,4,1790.819933506882,South,Historical
2021-09-07,4,1962.2593079945425,South,Historical
2021-09-08,4,2276.8548401797157,South,Historical
2021-09-09,4,2061.607068515025,South,Historical
2021-09-10,4,1700.171902069291,South,Historical
2021-09-11,4,1813.2929767259318,South,Historical
2021-09-12,4,1697.7580012806798,South,Historical
2021-09-13,4,1893.1339643953372,South,Historical
2021-09-14,4,2146.6675529708723,South,Historical
2021-09-15,4,2145.378392822936,South,Historical
2021-09-16,4,1752.5971308183232,South,Historical
2021-09-17,4,1490.442410808842,South,Historical
2021-09-18,4,1672.89591953576,South,Historical
2021-09-19,4,1477.8099013290662,South,Historical
2021-09-20,4,1901.9782598422755,South,Historical
2021-09-21,4,1972.1995177675487,South,Historical
2021-09-22,4,1999.2522040225597,South,Historical
2021-09-23,4,1904.9587785393358,South,Historical
2021-09-24,4,2091.8876917475322,South,Historical
2021-09-25,4,1774.9652363101254,South,Historical
2021-09-26,4,1600.3713549188005,South,Historical
2021-09-27,4,1762.7951108661425,South,Historical
2021-09-28,4,2290.937256088583,South,Historical
2021-09-29,4,1877.618078075478,South,Historical
2021-09-30,4,1922.2893692064629,South,Historical
2021-10-01,4,2116.9335566283958,South,Historical
2021-10-02,4,2048.2337214938098,South,Historical
2021-10-03,4,1627.5561751265827,South,Historical
2021-10-04,4,2221.253809884306,South,Historical
2021-10-05,4,1756.368421146449,South,Historical
2021-10-06,4,1993.9296854770123,South,Historical
2021-10-07,4,2127.35698783853,South,Historical
2021-10-08,4,1967.058343722983,South,Historical
2021-10-09,4,1859.2481517893557,South,Historical
2021-10-10,4,1769.2979897099308,South,Historical
2021-10-11,4,2016.8754157840237,South,Historical
2021-10-12,4,2117.3904848004636,South,Historical
2021-10-13,4,1762.3866289766504,South,Historical
2021-10-14,4,1847.9035803893019,South,Historical
2021-10-15,4,1846.4080495895594,South,Historical
2021-10-16,4,1746.153839785608,South,Historical
2021-10-17,4,1748.9017583843806,South,Historical
2021-10-18,4,1905.434334339005,South,Historical
2021-10-19,4,2163.6086348297667,South,Historical
2021-10-20,4,2299.170433412907,South,Historical
2021-10-21,4,1954.2515985381028,South,Historical
2021-10-22,4,1997.7878307586727,South,Historical
2021-10-23,4,1806.5541134723164,South,Historical
2021-10-24,4,1714.9865808171996,South,Historical
2021-10-25,4,2059.083910700545,South,Historical
2021-10-26,4,2059.29937124538,South,Historical
2021-10-27,4,2277.3602263429484,South,Historical
2021-10-28,4,2022.9628653338755,South,Historical
2021-10-29,4,1998.5579655583097,South,Historical
2021-10-30,4,1972.1161109545578,South,Historical
2021-10-31,4,1981.4966206295885,South,Historical
2021-11-01,4,2054.9664892320525,South,Historical
2021-11-02,4,2376.4593943451837,South,Historical
2021-11-03,4,2393.66219323161,South,Historical
2021-11-04,4,2317.2347596718464,South,Historical
2021-11-05,4,2409.5231304430595,South,Historical
2021-11-06,4,2140.626196036499,South,Historical
2021-11-07,4,2013.9341962044393,South,Historical
2021-11-08,4,2218.861135854464,South,Historical
2021-11-09,4,2165.5226469021295,South,Historical
2021-11-10,4,2307.959640091855,South,Historical
2021-11-11,4,2608.230818985008,South,Historical
2021-11-12,4,2626.352092660822,South,Historical
2021-11-13,4,1692.695330152204,South,Historical
2021-11-14,4,2218.4558542842797,South,Historical
2021-11-15,4,2003.6676752645435,South,Historical
2021-11-16,4,2807.2798699428117,South,Historical
2021-11-17,4,2442.6652312687524,South,Historical
2021-11-18,4,2301.5982627408675,South,Historical
2021-11-19,4,2202.962218418073,South,Historical
2021-11-20,4,2102.3955744386058,South,Historical
2021-11-21,4,1943.456846060275,South,Historical
2021-11-22,4,3145.133853370848,South,Historical
2021-11-23,4,2774.991557548177,South,Historical
2021-11-24,4,3105.448436458337,South,Historical
2021-11-25,4,3272.666712782925,South,Historical
2021-11-26,4,2706.9711389401928,South,Historical
2021-11-27,4,2466.4673023276323,South,Historical
2021-11-28,4,2858.350393853301,South,Historical
2021-11-29,4,2322.831232525731,South,Historical
2021-11-30,4,2548.804601226928,South,Historical
2021-12-01,4,2511.4981839814213,South,Historical
2021-12-02,4,2471.3817409355624,South,Historical
2021-12-03,4,2652.627381708939,South,Historical
2021-12-04,4,3127.969142429529,South,Historical
2021-12-05,4,2376.2854623452313,South,Historical
2021-12-06,4,2538.138464028224,South,Historical
2021-12-07,4,2740.8112470119713,South,Historical
2021-12-08,4,2812.0971564340853,South,Historical
2021-12-09,4,3221.17872789087,South,Historical
2021-12-10,4,2843.513933761202,South,Historical
2021-12-11,4,2216.4847348491453,South,Historical
2021-12-12,4,2537.3715392716836,South,Historical
2021-12-13,4,2708.7073959885706,South,Historical
2021-12-14,4,2898.474266275001,South,Historical
2021-12-15,4,3086.4698136453,South,Historical
2021-12-16,4,2627.4174596619214,South,Historical
2021-12-17,4,2900.4146734560322,South,Historical
2021-12-18,4,2557.118903545256,South,Historical
2021-12-19,4,2542.240189183464,South,Historical
2021-12-20,4,2871.1665900982357,South,Historical
2021-12-21,4,3161.069264662952,South,Historical
2021-12-22,4,3072.4975333651337,South,Historical
2021-12-23,4,2663.584025062063,South,Historical
2021-12-24,4,3531.6222908752834,South,Historical
2021-12-25,4,3661.413215107031,South,Historical
2021-12-26,4,2808.6853032390754,South,Historical
2021-12-27,4,2954.0743860360667,South,Historical
2021-12-28,4,3328.5093933253606,South,Historical
2021-12-29,4,3167.2280924551546,South,Historical
2021-12-30,4,2817.1840408316543,South,Historical
2021-12-31,4,3516.5845398384495,South,Historical
2022-01-01,4,2636.409590408169,South,Historical
2022-01-02,4,2792.203803777281,South,Historical
2022-01-03,4,2848.397416203729,South,Historical
2022-01-04,4,3150.698969625645,South,Historical
2022-01-05,4,3273.805078397404,South,Historical
2022-01-06,4,3046.2502678635574,South,Historical
2022-01-07,4,3657.2922626153468,South,Historical
2022-01-08,4,2696.427407903893,South,Historical
2022-01-09,4,3114.1745595576695,South,Historical
2022-01-10,4,2990.034382262127,South,Historical
2022-01-11,4,3444.6072154499234,South,Historical
2022-01-12,4,3158.1953509608793,South,Historical
2022-01-13,4,3463.36897989139,South,Historical
2022-01-14,4,3012.5372780978146,South,Historical
2022-01-15,4,2902.6934563037807,South,Historical
2022-01-16,4,3029.4455016235356,South,Historical
2022-01-17,4,2986.7082940124374,South,Historical
2022-01-18,4,3405.2756998548675,South,Historical
2022-01-19,4,3278.2657908486385,South,Historical
2022-01-20,4,3153.6450741446306,South,Historical
2022-01-21,4,3355.859131419299,South,Historical
2022-01-22,4,2858.1749322551073,South,Historical
2022-01-23,4,2845.196531076609,South,Historical
2022-01-24,4,3281.512652235098,South,Historical
2022-01-25,4,3151.6031589518316,South,Historical
2022-01-26,4,3158.180337846519,South,Historical
2022-01-27,4,3285.7839987268235,South,Historical
2022-01-28,4,3029.7751997139153,South,Historical
2022-01-29,4,2988.16511526556,South,Historical
2022-01-30,4,3028.030191555738,South,Historical
2022-01-31,4,3125.0612939644957,South,Historical
2022-02-01,4,3403.8964867092895,South,Historical
2022-02-02,4,3667.1212719127966,South,Historical
2022-02-03,4,3313.0853327386108,South,Historical
2022-02-04,4,2924.4174109262904,South,Historical
2022-02-05,4,3385.096651912665,South,Historical
2022-02-06,4,3160.783956983201,South,Historical
2022-02-07,4,3051.940042391297,South,Historical
2022-02-08,4,3450.0344308422204,South,Historical
2022-02-09,4,3518.733454441862,South,Historical
2022-02-10,4,3279.024022217547,South,Historical
2022-02-11,4,3344.0746705436563,South,Historical
2022-02-12,4,3161.7987457071745,South,Historical
2022-02-13,4,3405.324041779729,South,Historical
2022-02-14,4,3633.484148495038,South,Historical
2022-02-15,4,3348.913463346363,South,Historical
2022-02-16,4,3603.538864037213,South,Historical
2022-02-17,4,3147.3098677911107,South,Historical
2022-02-18,4,3158.9316623184313,South,Historical
2022-02-19,4,3903.266377034061,South,Historical
2022-02-20,4,3160.1382974138596,South,Historical
2022-02-21,4,3175.776178371116,South,Historical
2022-02-22,4,3538.4981613509995,South,Historical
2022-02-23,4,4014.667253409691,South,Historical
2022-02-24,4,3445.0855183902877,South,Historical
2022-02-25,4,3343.7762957040845,South,Historical
2022-02-26,4,2831.045118127707,South,Historical
2022-02-27,4,2926.81427533483,South,Historical
2022-02-28,4,3307.207432321559,South,Historical
2022-03-01,4,3705.6504359858486,South,Historical
2022-03-02,4,3418.419737275749,South,Historical
2022-03-03,4,3581.8288466808144,South,Historical
2022-03-04,4,2961.0419464433257,South,Historical
2022-03-05,4,3863.433118933608,South,Historical
2022-03-06,4,3201.940622149933,South,Historical
2022-03-07,4,3273.740675744337,South,Historical
2022-03-08,4,3631.367911938839,South,Historical
2022-03-09,4,4403.254056149676,South,Historical
2022-03-10,4,3254.9636420591773,South,Historical
2022-03-11,4,3021.1534487533568,South,Historical
2022-03-12,4,3435.0220100059673,South,Historical
2022-03-13,4,3198.653152636172,South,Historical
2022-03-14,4,3451.755287062575,South,Historical
2022-03-15,4,3645.5196153661846,South,Historical
2022-03-16,4,3615.5158057481303,South,Historical
2022-03-17,4,3623.2332394912414,South,Historical
2022-03-18,4,3553.8262883058223,South,Historical
2022-03-19,4,3085.8127069293005,South,Historical
2022-03-20,4,2919.2764412785546,South,Historical
2022-03-21,4,3394.1484766436547,South,Historical
2022-03-22,4,3632.2856770711724,South,Historical
2022-03-23,4,3629.586857892405,South,Historical
2022-03-24,4,3656.7615399145934,South,Historical
2022-03-25,4,3697.1843988117585,South,Historical
2022-03-26,4,3982.3801895888882,South,Historical
2022-03-27,4,3388.1284592159795,South,Historical
2022-03-28,4,3412.219197739019,South,Historical
2022-03-29,4,3460.8253823527916,South,Historical
2022-03-30,4,3854.392198844533,South,Historical
2022-03-31,4,3571.5424905382074,South,Historical
2022-04-01,4,3692.067996950524,South,Historical
2022-04-02,4,3549.730780703332,South,Historical
2022-04-03,4,3448.103488207265,South,Historical
2022-04-04,4,3545.455831209526,South,Historical
2022-04-05,4,3517.6382188678967,South,Historical
2022-04-06,4,3495.9383617940866,South,Historical
2022-04-07,4,3150.4699394675904,South,Historical
2022-04-08,4,3415.403366872338,South,Historical
2022-04-09,4,3307.403001554272,South,Historical
2022-04-10,4,3413.3186197878513,South,Historical
2022-04-11,4,3399.8146802129386,South,Historical
2022-04-12,4,3592.805698119611,South,Historical
2022-04-13,4,3677.8012575769094,South,Historical
2022-04-14,4,3511.903888338134,South,Historical
2022-04-15,4,3264.4706105757023,South,Historical
2022-04-16,4,3190.9144114289284,South,Historical
2022-04-17,4,3256.6590707338883,South,Historical
2022-04-18,4,3523.6770887458856,South,Historical
2022-04-19,4,3337.9100758979052,South,Historical
2022-04-20,4,3911.2228222481112,South,Historical
2022-04-21,4,3744.60620285801,South,Historical
2022-04-22,4,3505.491807387695,South,Historical
2022-04-23,4,3173.8390143602505,South,Historical
2022-04-24,4,3812.0979290493365,South,Historical
2022-04-25,4,3351.2803551216866,South,Historical
2022-04-26,4,3646.27026555315,South,Historical
2022-04-27,4,3763.204855537802,South,Historical
2022-04-28,4,3724.433547058039,South,Historical
2022-04-29,4,3276.1344510322006,South,Historical
2022-04-30,4,2872.293105166197,South,Historical
2022-05-01,4,3468.8151484044115,South,Historical
2022-05-02,4,3446.5688335691625,South,Historical
2022-05-03,4,3562.446124292696,South,Historical
2022-05-04,4,3418.4815145517855,South,Historical
2022-05-05,4,3285.9719839768345,South,Historical
2022-05-06,4,3541.776297941971,South,Historical
2022-05-07,4,3414.2999240166064,South,Historical
2022-05-08,4,2697.195440268067,South,Historical
2022-05-09,4,3328.7950777271994,South,Historical
2022-05-10,4,3596.053285088834,South,Historical
2022-05-11,4,3281.9954788440277,South,Historical
2022-05-12,4,3505.7730614663387,South,Historical
2022-05-13,4,3222.9806965014013,South,Historical
2022-05-14,4,2939.8869060770126,South,Historical
2022-05-15,4,3093.4552241971246,South,Historical
2022-05-16,4,3173.4548289346453,South,Historical
2022-05-17,4,3262.8973208532,South,Historical
2022-05-18,4,3407.311720741288,South,Historical
2022-05-19,4,3630.874690588415,South,Historical
2022-05-20,4,3275.932225466867,South,Historical
2022-05-21,4,3434.929433167618,South,Historical
2022-05-22,4,2931.209915848261,South,Historical
2022-05-23,4,2987.3418260015806,South,Historical
2022-05-24,4,3541.679718949239,South,Historical
2022-05-25,4,3829.708363574742,South,Historical
2022-05-26,4,3212.5047634374982,South,Historical
2022-05-27,4,3176.7605318436695,South,Historical
2022-05-28,4,2888.4229786843835,South,Historical
2022-05-29,4,3065.6692826065055,South,Historical
2022-05-30,4,3173.7301877325867,South,Historical
2022-05-31,4,3533.4034190009133,South,Historical
2022-06-01,4,3658.091994086393,South,Historical
2022-06-02,4,2881.1112306582777,South,Historical
2022-06-03,4,2771.2262772852914,South,Historical
2022-06-04,4,2892.3031055285387,South,Historical
2022-06-05,4,3126.137665021641,South,Historical
2022-06-06,4,2799.7195587871183,South,Historical
2022-06-07,4,3039.3736418075937,South,Historical
2022-06-08,4,3196.561469030309,South,Historical
2022-06-09,4,2864.62767164401,South,Historical
2022-06-10,4,3298.4223752023204,South,Historical
2022-06-11,4,2992.3344160562847,South,Historical
2022-06-12,4,2769.695424959174,South,Historical
2022-06-13,4,3171.8543013289104,South,Historical
2022-06-14,4,2821.148401065136,South,Historical
2022-06-15,4,3726.8459025363177,South,Historical
2022-06-16,4,2994.3296225270306,South,Historical
2022-06-17,4,3199.6676614922712,South,Historical
2022-06-18,4,2811.248342794068,South,Historical
2022-06-19,4,2751.343502146754,South,Historical
2022-06-20,4,3049.894007233303,South,Historical
2022-06-21,4,2976.8872475273956,South,Historical
2022-06-22,4,2819.78902642137,South,Historical
2022-06-23,4,2675.220486460775,South,Historical
2022-06-24,4,3171.601669487199,South,Historical
2022-06-25,4,3263.911053161541,South,Historical
2022-06-26,4,2561.5742571879,South,Historical
2022-06-27,4,2757.2972813343104,South,Historical
2022-06-28,4,3132.352411672317,South,Historical
2022-06-29,4,3207.949096655401,South,Historical
2022-06-30,4,2782.5719894243584,South,Historical
2022-07-01,4,2721.15346484732,South,Historical
2022-07-02,4,2550.443406847475,South,Historical
2022-07-03,4,2601.683735883856,South,Historical
2022-07-04,4,2612.7157142470414,South,Historical
2022-07-05,4,2954.7739441700887,South,Historical
2022-07-06,4,2862.98654593084,South,Historical
2022-07-07,4,2731.1660607747685,South,Historical
2022-07-08,4,2707.709810296508,South,Historical
2022-07-09,4,2810.9149149440746,South,Historical
2022-07-10,4,2668.340963045514,South,Historical
2022-07-11,4,2759.235338213944,South,Historical
2022-07-12,4,2701.83175650704,South,Historical
2022-07-13,4,2697.880673253244,South,Historical
2022-07-14,4,2906.3274271270247,South,Historical
2022-07-15,4,2769.590141323539,South,Historical
2022-07-16,4,2433.744249728019,South,Historical
2022-07-17,4,2999.707387572441,South,Historical
2022-07-18,4,2428.5839785955086,South,Historical
2022-07-19,4,2794.814160248306,South,Historical
2022-07-20,4,2584.954291298377,South,Historical
2022-07-21,4,2636.2874897996194,South,Historical
2022-07-22,4,2577.2362623506624,South,Historical
2022-07-23,4,2139.4952069201936,South,Historical
2022-07-24,4,2325.416942337502,South,Historical
2022-07-25,4,2167.3255465234756,South,Historical
2022-07-26,4,3293.581279755252,South,Historical
2022-07-27,4,3221.551007434264,South,Historical
2022-07-28,4,2691.411118393919,South,Historical
2022-07-29,4,2362.343609934018,South,Historical
2022-07-30,4,2050.337770846254,South,Historical
2022-07-31,4,2000.4215331032228,South,Historical
2022-08-01,4,2310.4894501144495,South,Historical
2022-08-02,4,2425.080486037905,South,Historical
2022-08-03,4,2585.1713111632066,South,Historical
2022-08-04,4,2272.5955723716083,South,Historical
2022-08-05,4,2035.3360570447237,South,Historical
2022-08-06,4,1953.2991247180676,South,Historical
2022-08-07,4,2227.402362762394,South,Historical
2022-08-08,4,2352.094707667524,South,Historical
2022-08-09,4,2465.790493208486,South,Historical
2022-08-10,4,2335.2434511891115,South,Historical
2022-08-11,4,2257.461469163879,South,Historical
2022-08-12,4,2226.4987318983945,South,Historical
2022-08-13,4,1953.2024431027032,South,Historical
2022-08-14,4,1948.935753362176,South,Historical
2022-08-15,4,2000.8305394192896,South,Historical
2022-08-16,4,2415.1897761118757,South,Historical
2022-08-17,4,2355.848182329293,South,Historical
2022-08-18,4,2104.1127826481857,South,Historical
2022-08-19,4,2248.3273464081026,South,Historical
2022-08-20,4,1783.7847184258842,South,Historical
2022-08-21,4,1887.9195226633233,South,Historical
2022-08-22,4,2157.825145877744,South,Historical
2022-08-23,4,2123.981691749872,South,Historical
2022-08-24,4,2127.4187422195596,South,Historical
2022-08-25,4,2167.868492074745,South,Historical
2022-08-26,4,2045.9323253900798,South,Historical
2022-08-27,4,2055.139304376672,South,Historical
2022-08-28,4,1976.409374693979,South,Historical
2022-08-29,4,1885.2066562364244,South,Historical
2022-08-30,4,2048.337467607966,South,Historical
2022-08-31,4,2205.364196391156,South,Historical
2022-09-01,4,1973.1783986098035,South,Historical
2022-09-02,4,1422.9361004562911,South,Historical
2022-09-03,4,1838.3440899310094,South,Historical
2022-09-04,4,1780.006510313146,South,Historical
2022-09-05,4,1949.2378715791772,South,Historical
2022-09-06,4,2175.9958016049836,South,Historical
2022-09-07,4,2088.839397992087,South,Historical
2022-09-08,4,2262.783423235922,South,Historical
2022-09-09,4,1818.3094141421097,South,Historical
2022-09-10,4,1624.6128534712752,South,Historical
2022-09-11,4,1612.0396955033998,South,Historical
2022-09-12,4,1879.813930964273,South,Historical
2022-09-13,4,2278.036051704116,South,Historical
2022-09-14,4,2058.2947220303627,South,Historical
2022-09-15,4,2107.394993160826,South,Historical
2022-09-16,4,1923.8283538078942,South,Historical
2022-09-17,4,1481.5364418346794,South,Historical
2022-09-18,4,1551.8151712950496,South,Historical
2022-09-19,4,1928.155551419775,South,Historical
2022-09-20,4,1970.0304114953844,South,Historical
2022-09-21,4,1948.055237484864,South,Historical
2022-09-22,4,1841.3367392415057,South,Historical
2022-09-23,4,1744.5952325369212,South,Historical
2022-09-24,4,1530.2429167120458,South,Historical
2022-09-25,4,1754.302615578636,South,Historical
2022-09-26,4,1899.8865217958046,South,Historical
2022-09-27,4,2036.2457691843513,South,Historical
2022-09-28,4,2348.5080918553144,South,Historical
2022-09-29,4,1984.4499695043648,South,Historical
2022-09-30,4,1644.7586162924545,South,Historical
2022-10-01,4,2211.2513591891393,South,Historical
2022-10-02,4,1828.4468568584311,South,Historical
2022-10-03,4,1920.0827879834828,South,Historical
2022-10-04,4,2509.2261302242537,South,Historical
2022-10-05,4,2069.401677057332,South,Historical
2022-10-06,4,1990.1805636806864,South,Historical
2022-10-07,4,1861.291548038367,South,Historical
2022-10-08,4,1942.3388030269139,South,Historical
2022-10-09,4,1628.0407518627126,South,Historical
2022-10-10,4,1797.099961482247,South,Historical
2022-10-11,4,2303.9695106843287,South,Historical
2022-10-12,4,2424.8128254700973,South,Historical
2022-10-13,4,2012.843025116081,South,Historical
2022-10-14,4,1900.2354085382017,South,Historical
2022-10-15,4,1784.5392994854797,South,Historical
2022-10-16,4,1897.897698891428,South,Historical
2022-10-17,4,2170.677556482633,South,Historical
2022-10-18,4,2064.5731833891336,South,Historical
2022-10-19,4,2107.571473500405,South,Historical
2022-10-20,4,2111.849073936915,South,Historical
2022-10-21,4,1960.543234735263,South,Historical
2022-10-22,4,1949.799517496031,South,Historical
2022-10-23,4,1820.1393187598214,South,Historical
2022-10-24,4,2172.169182558452,South,Historical
2022-10-25,4,1997.6398648359286,South,Historical
2022-10-26,4,2275.5287274788784,South,Historical
2022-10-27,4,2124.361527613734,South,Historical
2022-10-28,4,2214.9012454025583,South,Historical
2022-10-29,4,2144.124871904178,South,Historical
2022-10-30,4,1891.014375540343,South,Historical
2022-10-31,4,2280.5734056314363,South,Historical
2022-11-01,4,2468.59142838703,South,Historical
2022-11-02,4,2661.479456381661,South,Historical
2022-11-03,4,2250.691377261796,South,Historical
2022-11-04,4,2258.435795373904,South,Historical
2022-11-05,4,2319.3352825057927,South,Historical
2022-11-06,4,2082.2264973882247,South,Historical
2022-11-07,4,2126.8877958975995,South,Historical
2022-11-08,4,2291.412778819044,South,Historical
2022-11-09,4,2127.006707404535,South,Historical
2022-11-10,4,2311.278897921678,South,Historical
2022-11-11,4,2062.585781927865,South,Historical
2022-11-12,4,2032.3965226286214,South,Historical
2022-11-13,4,1892.175574864574,South,Historical
2022-11-14,4,2455.0558124872387,South,Historical
2022-11-15,4,2356.996494060135,South,Historical
2022-11-16,4,2324.28848650646,South,Historical
2022-11-17,4,2367.3504373731184,South,Historical
2022-11-18,4,2149.742890619173,South,Historical
2022-11-19,4,2213.7428052939017,South,Historical
2022-11-20,4,2262.521749225383,South,Historical
2022-11-21,4,2232.012256232782,South,Historical
2022-11-22,4,2952.3085476263896,South,Historical
2022-11-23,4,3099.5531864486047,South,Historical
2022-11-24,4,3568.024705342387,South,Historical
2022-11-25,4,3034.470363145888,South,Historical
2022-11-26,4,2453.348611022458,South,Historical
2022-11-27,4,2927.0805117044524,South,Historical
2022-11-28,4,3520.449793220158,South,Historical
2022-11-29,4,2515.2477405343566,South,Historical
2022-11-30,4,2682.678468626306,South,Historical
2022-12-01,4,2798.4168373609205,South,Historical
2022-12-02,4,2625.9791333083517,South,Historical
2022-12-03,4,2321.8703561817456,South,Historical
2022-12-04,4,2536.519742705123,South,Historical
2022-12-05,4,2483.109202397106,South,Historical
2022-12-06,4,2482.7813186147187,South,Historical
2022-12-07,4,2933.3590826344066,South,Historical
2022-12-08,4,2451.286181155097,South,Historical
2022-12-09,4,2727.090540871926,South,Historical
2022-12-10,4,2540.3456579787003,South,Historical
2022-12-11,4,2751.6000251032697,South,Historical
2022-12-12,4,2843.7874723773434,South,Historical
2022-12-13,4,2730.787356875525,South,Historical
2022-12-14,4,2815.578155214832,South,Historical
2022-12-15,4,2905.224097833417,South,Historical
2022-12-16,4,2887.9985328775247,South,Historical
2022-12-17,4,2536.1167765388373,South,Historical
2022-12-18,4,2704.3368452542454,South,Historical
2022-12-19,4,2935.2719713310594,South,Historical
2022-12-20,4,2935.728641460749,South,Historical
2022-12-21,4,3060.696040911545,South,Historical
2022-12-22,4,2895.351926833793,South,Historical
2022-12-23,4,3823.5130359979416,South,Historical
2022-12-24,4,3612.3062171265083,South,Historical
2022-12-25,4,4031.418689915708,South,Historical
2022-12-26,4,2953.4851787758475,South,Historical
2022-12-27,4,3846.7765076127876,South,Historical
2022-12-28,4,3554.4751873786354,South,Historical
2022-12-29,4,3191.0740440371856,South,Historical
2022-12-30,4,2768.1562422542684,South,Historical
2020-01-01,5,3720.161144001114,South,Historical
2020-01-02,5,4240.955178947494,South,Historical
2020-01-03,5,3648.756862221857,South,Historical
2020-01-04,5,3719.454051674612,South,Historical
2020-01-05,5,3543.9885805484337,South,Historical
2020-01-06,5,3413.528130187023,South,Historical
2020-01-07,5,3805.53443431867,South,Historical
2020-01-08,5,3960.999442229348,South,Historical
2020-01-09,5,3733.9329746263884,South,Historical
2020-01-10,5,3480.2564099899782,South,Historical
2020-01-11,5,3375.5860943161692,South,Historical
2020-01-12,5,3600.664469375403,South,Historical
2020-01-13,5,3584.4754226261944,South,Historical
2020-01-14,5,4226.667824474415,South,Historical
2020-01-15,5,4028.5741907896577,South,Historical
2020-01-16,5,3957.763590600564,South,Historical
2020-01-17,5,3653.8718723217366,South,Historical
2020-01-18,5,3249.0373985386723,South,Historical
2020-01-19,5,3393.9968476158915,South,Historical
2020-01-20,5,4068.6207712464725,South,Historical
2020-01-21,5,4287.041845963663,South,Historical
2020-01-22,5,4322.709707149997,South,Historical
2020-01-23,5,3716.766371753212,South,Historical
2020-01-24,5,3886.3469700383016,South,Historical
2020-01-25,5,3817.795038949753,South,Historical
2020-01-26,5,4273.278770165064,South,Historical
2020-01-27,5,4083.9352112352544,South,Historical
2020-01-28,5,4168.8357149738995,South,Historical
2020-01-29,5,3982.6599171980483,South,Historical
2020-01-30,5,3972.4889137952996,South,Historical
2020-01-31,5,3859.4577837040038,South,Historical
2020-02-01,5,3744.50618916617,South,Historical
2020-02-02,5,3731.190027138657,South,Historical
2020-02-03,5,3568.8417605477985,South,Historical
2020-02-04,5,3965.499128248577,South,Historical
2020-02-05,5,4190.706215842082,South,Historical
2020-02-06,5,4414.550384251104,South,Historical
2020-02-07,5,3804.8283819932644,South,Historical
2020-02-08,5,3645.6248579823687,South,Historical
2020-02-09,5,3609.2128005543204,South,Historical
2020-02-10,5,4218.263196565556,South,Historical
2020-02-11,5,4233.941682076374,South,Historical
2020-02-12,5,4485.580888908563,South,Historical
2020-02-13,5,4192.849891574732,South,Historical
2020-02-14,5,4529.40437635723,South,Historical
2020-02-15,5,3555.8431681904617,South,Historical
2020-02-16,5,3569.8541897339023,South,Historical
2020-02-17,5,3865.127696668847,South,Historical
2020-02-18,5,4205.654089390703,South,Historical
2020-02-19,5,3913.0606474023166,South,Historical
2020-02-20,5,4224.7209994597515,South,Historical
2020-02-21,5,3942.904970627028,South,Historical
2020-02-22,5,3645.7466542025886,South,Historical
2020-02-23,5,4028.2938226298515,South,Historical
2020-02-24,5,3737.216075579858,South,Historical
2020-02-25,5,4322.481621698407,South,Historical
2020-02-26,5,4042.0402173688303,South,Historical
2020-02-27,5,3923.4542902359744,South,Historical
2020-02-28,5,3904.5310284874663,South,Historical
2020-02-29,5,3709.891789926619,South,Historical
2020-03-01,5,3799.8826871307947,South,Historical
2020-03-02,5,3633.7049833342453,South,Historical
2020-03-03,5,3739.95330053069,South,Historical
2020-03-04,5,4393.439818100764,South,Historical
2020-03-05,5,4128.699761412826,South,Historical
2020-03-06,5,4224.792383629297,South,Historical
2020-03-07,5,3414.9892910226226,South,Historical
2020-03-08,5,3834.1143644141357,South,Historical
2020-03-09,5,3846.178667084988,South,Historical
2020-03-10,5,4048.0624071670604,South,Historical
2020-03-11,5,4071.9197284369047,South,Historical
2020-03-12,5,3849.0995557768124,South,Historical
2020-03-13,5,3977.0588943520825,South,Historical
2020-03-14,5,3776.2566629103662,South,Historical
2020-03-15,5,4024.1620856780946,South,Historical
2020-03-16,5,4261.383160613964,South,Historical
2020-03-17,5,4298.531089415258,South,Historical
2020-03-18,5,4059.116945717036,South,Historical
2020-03-19,5,3638.0391849038065,South,Historical
2020-03-20,5,3929.0655133679147,South,Historical
2020-03-21,5,3970.213279848316,South,Historical
2020-03-22,5,3580.0219174853346,South,Historical
2020-03-23,5,4387.234933348407,South,Historical
2020-03-24,5,4665.328099992512,South,Historical
2020-03-25,5,4267.962921726967,South,Historical
2020-03-26,5,4191.873372908838,South,Historical
2020-03-27,5,4134.2806901740605,South,Historical
2020-03-28,5,3854.3472454367484,South,Historical
2020-03-29,5,4041.6476463668387,South,Historical
2020-03-30,5,3788.7096885626606,South,Historical
2020-03-31,5,4555.353181572393,South,Historical
2020-04-01,5,4422.514953536752,South,Historical
2020-04-02,5,3951.4000878878933,South,Historical
2020-04-03,5,3463.292400839254,South,Historical
2020-04-04,5,4106.782508261379,South,Historical
2020-04-05,5,4304.824665403249,South,Historical
2020-04-06,5,4387.497897285398,South,Historical
2020-04-07,5,4390.85514085241,South,Historical
2020-04-08,5,4305.460513734102,South,Historical
2020-04-09,5,4559.049051554713,South,Historical
2020-04-10,5,3733.6853174798775,South,Historical
2020-04-11,5,3685.5590604044455,South,Historical
2020-04-12,5,3510.1660529059254,South,Historical
2020-04-13,5,4165.675298764835,South,Historical
2020-04-14,5,4736.790547247727,South,Historical
2020-04-15,5,4307.093621338235,South,Historical
2020-04-16,5,4071.196165278346,South,Historical
2020-04-17,5,4304.389688832614,South,Historical
2020-04-18,5,3689.6610153019,South,Historical
2020-04-19,5,4010.4011127593476,South,Historical
2020-04-20,5,3762.4066342153938,South,Historical
2020-04-21,5,4550.867985762701,South,Historical
2020-04-22,5,4263.88088536123,South,Historical
2020-04-23,5,3853.417882978891,South,Historical
2020-04-24,5,3930.101685938146,South,Historical
2020-04-25,5,4113.502757618373,South,Historical
2020-04-26,5,4185.778271763373,South,Historical
2020-04-27,5,3858.4078378938307,South,Historical
2020-04-28,5,4167.325694644791,South,Historical
2020-04-29,5,4751.4981145316,South,Historical
2020-04-30,5,4187.135384064065,South,Historical
2020-05-01,5,3805.474250365937,South,Historical
2020-05-02,5,3675.6499559090166,South,Historical
2020-05-03,5,4304.3250180768055,South,Historical
2020-05-04,5,3468.78341342773,South,Historical
2020-05-05,5,4226.736747150111,South,Historical
2020-05-06,5,3753.5241804578086,South,Historical
2020-05-07,5,3650.652603384838,South,Historical
2020-05-08,5,4377.671847721203,South,Historical
2020-05-09,5,3304.638989109466,South,Historical
2020-05-10,5,3598.3126429730705,South,Historical
2020-05-11,5,3882.4460482118575,South,Historical
2020-05-12,5,4202.996597163946,South,Historical
2020-05-13,5,4084.785098528253,South,Historical
2020-05-14,5,4003.5624433473276,South,Historical
2020-05-15,5,3547.544307387123,South,Historical
2020-05-16,5,3862.771421309937,South,Historical
2020-05-17,5,3490.1552637150435,South,Historical
2020-05-18,5,3690.01403098472,South,Historical
2020-05-19,5,3764.4715269855606,South,Historical
2020-05-20,5,4183.780858538712,South,Historical
2020-05-21,5,3774.2308482993885,South,Historical
2020-05-22,5,3450.293089124123,South,Historical
2020-05-23,5,3830.4391087711924,South,Historical
2020-05-24,5,3550.434318659938,South,Historical
2020-05-25,5,3535.7131321143133,South,Historical
2020-05-26,5,3801.214164388647,South,Historical
2020-05-27,5,4271.459174287399,South,Historical
2020-05-28,5,3577.9502670853817,South,Historical
2020-05-29,5,4152.5336399131875,South,Historical
2020-05-30,5,3884.401302687041,South,Historical
2020-05-31,5,3860.401694086057,South,Historical
2020-06-01,5,4181.588028929024,South,Historical
2020-06-02,5,3495.997766116432,South,Historical
2020-06-03,5,3767.083492122239,South,Historical
2020-06-04,5,3604.5228925042406,South,Historical
2020-06-05,5,3429.150215043906,South,Historical
2020-06-06,5,4000.2919802086344,South,Historical
2020-06-07,5,3386.2355522130433,South,Historical
2020-06-08,5,3577.34401549776,South,Historical
2020-06-09,5,3361.7266789547693,South,Historical
2020-06-10,5,4063.9309140582122,South,Historical
2020-06-11,5,3856.689341606999,South,Historical
2020-06-12,5,3340.565815997502,South,Historical
2020-06-13,5,3479.185641487108,South,Historical
2020-06-14,5,3184.3596213159503,South,Historical
2020-06-15,5,3978.4387364450254,South,Historical
2020-06-16,5,3222.6096231438514,South,Historical
2020-06-17,5,3927.38417434731,South,Historical
2020-06-18,5,3600.460625451158,South,Historical
2020-06-19,5,3597.3026140144757,South,Historical
2020-06-20,5,3152.7497065363073,South,Historical
2020-06-21,5,3254.2627016080733,South,Historical
2020-06-22,5,3310.0088200384107,South,Historical
2020-06-23,5,3757.0174068865404,South,Historical
2020-06-24,5,3770.607546583812,South,Historical
2020-06-25,5,3061.7800981609676,South,Historical
2020-06-26,5,3469.299959163139,South,Historical
2020-06-27,5,3450.8157687301677,South,Historical
2020-06-28,5,3740.8775335044124,South,Historical
2020-06-29,5,3620.734392632003,South,Historical
2020-06-30,5,3589.2167126130767,South,Historical
2020-07-01,5,3976.794514337912,South,Historical
2020-07-02,5,3005.283942528657,South,Historical
2020-07-03,5,3750.1007477732205,South,Historical
2020-07-04,5,3709.199706974125,South,Historical
2020-07-05,5,3077.6150802020725,South,Historical
2020-07-06,5,3358.1593664679917,South,Historical
2020-07-07,5,3685.9940258552933,South,Historical
2020-07-08,5,3835.1141093133265,South,Historical
2020-07-09,5,3627.524681788571,South,Historical
2020-07-10,5,3374.027258398886,South,Historical
2020-07-11,5,3132.3136445959617,South,Historical
2020-07-12,5,3324.1546513165927,South,Historical
2020-07-13,5,3514.775372257681,South,Historical
2020-07-14,5,3125.802119022667,South,Historical
2020-07-15,5,3239.9969745250387,South,Historical
2020-07-16,5,3224.726980400532,South,Historical
2020-07-17,5,3342.534728652161,South,Historical
2020-07-18,5,2966.698118938191,South,Historical
2020-07-19,5,3025.343827313666,South,Historical
2020-07-20,5,3294.3530172291853,South,Historical
2020-07-21,5,3110.156427069463,South,Historical
2020-07-22,5,3440.536125161792,South,Historical
2020-07-23,5,3138.4992246761094,South,Historical
2020-07-24,5,2784.7673098493465,South,Historical
2020-07-25,5,3564.5906398406287,South,Historical
2020-07-26,5,3486.519483113638,South,Historical
2020-07-27,5,3267.731964553636,South,Historical
2020-07-28,5,3179.8479115492196,South,Historical
2020-07-29,5,3274.875596618771,South,Historical
2020-07-30,5,3082.5613484972887,South,Historical
2020-07-31,5,2997.949099794599,South,Historical
2020-08-01,5,2642.916357464417,South,Historical
2020-08-02,5,3480.114981517516,South,Historical
2020-08-03,5,3494.5647887362334,South,Historical
2020-08-04,5,3463.1974993237427,South,Historical
2020-08-05,5,3106.731078753059,South,Historical
2020-08-06,5,2907.0024828620403,South,Historical
2020-08-07,5,2505.4567736807007,South,Historical
2020-08-08,5,2690.0709112315176,South,Historical
2020-08-09,5,2787.135317853476,South,Historical
2020-08-10,5,2689.8145040163745,South,Historical
2020-08-11,5,2906.7924602124917,South,Historical
2020-08-12,5,2811.5553469150855,South,Historical
2020-08-13,5,2901.987732861176,South,Historical
2020-08-14,5,2708.191969189333,South,Historical
2020-08-15,5,2529.353549703516,South,Historical
2020-08-16,5,3046.014616596592,South,Historical
2020-08-17,5,2778.7899387980387,South,Historical
2020-08-18,5,2955.552076994938,South,Historical
2020-08-19,5,3270.9476986742907,South,Historical
2020-08-20,5,2899.8323132053197,South,Historical
2020-08-21,5,2894.6792494513425,South,Historical
2020-08-22,5,2985.421809323742,South,Historical
2020-08-23,5,2602.7016409406847,South,Historical
2020-08-24,5,2350.377906953614,South,Historical
2020-08-25,5,3051.4820985040365,South,Historical
2020-08-26,5,2664.610919878938,South,Historical
2020-08-27,5,2634.8830697759704,South,Historical
2020-08-28,5,3197.7055687391967,South,Historical
2020-08-29,5,2405.0926967189707,South,Historical
2020-08-30,5,2642.3873750298685,South,Historical
2020-08-31,5,2448.279947261403,South,Historical
2020-09-01,5,2639.6900578002064,South,Historical
2020-09-02,5,3255.837518694385,South,Historical
2020-09-03,5,2790.367004680227,South,Historical
2020-09-04,5,2203.26834783053,South,Historical
2020-09-05,5,2492.471492254352,South,Historical
2020-09-06,5,2338.4200129502115,South,Historical
2020-09-07,5,2627.850077691656,South,Historical
2020-09-08,5,2622.0420606812227,South,Historical
2020-09-09,5,3363.549248300978,South,Historical
2020-09-10,5,2478.4129931836796,South,Historical
2020-09-11,5,2514.1849780364264,South,Historical
2020-09-12,5,2460.8008565369164,South,Historical
2020-09-13,5,2350.5793651412996,South,Historical
2020-09-14,5,2633.9280587664584,South,Historical
2020-09-15,5,2545.6981473128963,South,Historical
2020-09-16,5,2614.4957877048378,South,Historical
2020-09-17,5,2591.017423433102,South,Historical
2020-09-18,5,2839.646924083366,South,Historical
2020-09-19,5,2599.84572424977,South,Historical
2020-09-20,5,2578.8981381056087,South,Historical
2020-09-21,5,2410.6958679357854,South,Historical
2020-09-22,5,2684.010141034482,South,Historical
2020-09-23,5,2576.021589275671,South,Historical
2020-09-24,5,2460.952594397341,South,Historical
2020-09-25,5,2638.7072541560683,South,Historical
2020-09-26,5,2198.190654998036,South,Historical
2020-09-27,5,2344.4201945919644,South,Historical
2020-09-28,5,2620.6906458033536,South,Historical
2020-09-29,5,3133.961027032261,South,Historical
2020-09-30,5,2957.802305691266,South,Historical
2020-10-01,5,2286.02188693329,South,Historical
2020-10-02,5,2538.6578525189434,South,Historical
2020-10-03,5,2151.276122936516,South,Historical
2020-10-04,5,2384.1094606340935,South,Historical
2020-10-05,5,2459.069550230915,South,Historical
2020-10-06,5,2863.629471550269,South,Historical
2020-10-07,5,2871.9890541989007,South,Historical
2020-10-08,5,2589.0092006124605,South,Historical
2020-10-09,5,2950.7565683606,South,Historical
2020-10-10,5,2546.9791357530826,South,Historical
2020-10-11,5,2583.41429437034,South,Historical
2020-10-12,5,2733.6739389885065,South,Historical
2020-10-13,5,2914.8129665156866,South,Historical
2020-10-14,5,3214.6912697858374,South,Historical
2020-10-15,5,2719.616029265693,South,Historical
2020-10-16,5,2049.5163923754058,South,Historical
2020-10-17,5,2757.8557945331822,South,Historical
2020-10-18,5,2593.441693789382,South,Historical
2020-10-19,5,2719.3619402762756,South,Historical
2020-10-20,5,3161.8513441275786,South,Historical
2020-10-21,5,2602.8833330911634,South,Historical
2020-10-22,5,2803.1127721299927,South,Historical
2020-10-23,5,2434.407566368028,South,Historical
2020-10-24,5,2252.950102392991,South,Historical
2020-10-25,5,2579.8896740774608,South,Historical
2020-10-26,5,2639.8016697122252,South,Historical
2020-10-27,5,2952.8258107138427,South,Historical
2020-10-28,5,2670.603047323277,South,Historical
2020-10-29,5,2876.101708590963,South,Historical
2020-10-30,5,3033.4972501301063,South,Historical
2020-10-31,5,2447.5986382563547,South,Historical
2020-11-01,5,2917.3370544112954,South,Historical
2020-11-02,5,2802.315275813331,South,Historical
2020-11-03,5,3048.6988425350496,South,Historical
2020-11-04,5,3334.0312899701635,South,Historical
2020-11-05,5,3097.5574408891143,South,Historical
2020-11-06,5,2690.901833868011,South,Historical
2020-11-07,5,2889.473811123836,South,Historical
2020-11-08,5,2798.597383654662,South,Historical
2020-11-09,5,3015.8875456395676,South,Historical
2020-11-10,5,2788.6021396259016,South,Historical
2020-11-11,5,3341.0766862662604,South,Historical
2020-11-12,5,3224.0117014845478,South,Historical
2020-11-13,5,3166.2296827058826,South,Historical
2020-11-14,5,2908.466356869273,South,Historical
2020-11-15,5,3195.27656799537,South,Historical
2020-11-16,5,2757.3289724161923,South,Historical
2020-11-17,5,3186.851455337032,South,Historical
2020-11-18,5,3640.1769883778097,South,Historical
2020-11-19,5,2905.263656206257,South,Historical
2020-11-20,5,3351.907598641247,South,Historical
2020-11-21,5,2927.2907194039185,South,Historical
2020-11-22,5,3600.2302383227516,South,Historical
2020-11-23,5,3415.65906457864,South,Historical
2020-11-24,5,3714.332894383111,South,Historical
2020-11-25,5,3800.1992115545686,South,Historical
2020-11-26,5,3430.458026006584,South,Historical
2020-11-27,5,3709.0475228627247,South,Historical
2020-11-28,5,3802.885666282266,South,Historical
2020-11-29,5,3090.048567502037,South,Historical
2020-11-30,5,3203.6676936881126,South,Historical
2020-12-01,5,3536.207538126929,South,Historical
2020-12-02,5,3355.65084448218,South,Historical
2020-12-03,5,3239.3995840192024,South,Historical
2020-12-04,5,3242.552535611011,South,Historical
2020-12-05,5,2996.5428662933673,South,Historical
2020-12-06,5,2923.121526393223,South,Historical
2020-12-07,5,3268.346119967017,South,Historical
2020-12-08,5,3211.9151368759103,South,Historical
2020-12-09,5,3567.033181854244,South,Historical
2020-12-10,5,3641.7899197712836,South,Historical
2020-12-11,5,3177.483524530897,South,Historical
2020-12-12,5,2863.931474122798,South,Historical
2020-12-13,5,3502.3564679399633,South,Historical
2020-12-14,5,3235.9872045739567,South,Historical
2020-12-15,5,3753.037432386236,South,Historical
2020-12-16,5,3956.6315550364507,South,Historical
2020-12-17,5,3558.4409812452673,South,Historical
2020-12-18,5,3461.6531846814014,South,Historical
2020-12-19,5,3320.316057596963,South,Historical
2020-12-20,5,3102.4416515196435,South,Historical
2020-12-21,5,3780.8914904317367,South,Historical
2020-12-22,5,3650.1208044107248,South,Historical
2020-12-23,5,3897.839393876833,South,Historical
2020-12-24,5,4722.385201905328,South,Historical
2020-12-25,5,4636.2594936669675,South,Historical
2020-12-26,5,3425.567869802946,South,Historical
2020-12-27,5,3391.319702283343,South,Historical
2020-12-28,5,3650.2332761390826,South,Historical
2020-12-29,5,3711.2596662637015,South,Historical
2020-12-30,5,3899.8168855041204,South,Historical
2020-12-31,5,4176.795357859575,South,Historical
2021-01-01,5,3743.3500702167644,South,Historical
2021-01-02,5,3594.3684922989987,South,Historical
2021-01-03,5,3965.140908331002,South,Historical
2021-01-04,5,3884.0892645388017,South,Historical
2021-01-05,5,3775.3412531421177,South,Historical
2021-01-06,5,3972.9186628899224,South,Historical
2021-01-07,5,4017.482957472061,South,Historical
2021-01-08,5,3608.4295803540895,South,Historical
2021-01-09,5,3726.278160053872,South,Historical
2021-01-10,5,3559.450092148634,South,Historical
2021-01-11,5,3934.6169428526405,South,Historical
2021-01-12,5,4147.72564504129,South,Historical
2021-01-13,5,4321.0835800187815,South,Historical
2021-01-14,5,4062.3294086352616,South,Historical
2021-01-15,5,3624.35108499535,South,Historical
2021-01-16,5,3404.3243773970617,South,Historical
2021-01-17,5,3934.391408952757,South,Historical
2021-01-18,5,3851.60113052716,South,Historical
2021-01-19,5,4077.816439635939,South,Historical
2021-01-20,5,4309.374002704122,South,Historical
2021-01-21,5,4199.880443241372,South,Historical
2021-01-22,5,3755.698394377463,South,Historical
2021-01-23,5,3735.8861741405167,South,Historical
2021-01-24,5,3786.749035644976,South,Historical
2021-01-25,5,3910.675616442099,South,Historical
2021-01-26,5,3979.5135798593305,South,Historical
2021-01-27,5,3960.618528945224,South,Historical
2021-01-28,5,3870.326842964011,South,Historical
2021-01-29,5,4399.93465849043,South,Historical
2021-01-30,5,3904.2329111248923,South,Historical
2021-01-31,5,4241.200400067861,South,Historical
2021-02-01,5,4098.730038190735,South,Historical
2021-02-02,5,4562.079426069316,South,Historical
2021-02-03,5,4061.546312133534,South,Historical
2021-02-04,5,4213.80802109778,South,Historical
2021-02-05,5,3955.276372101964,South,Historical
2021-02-06,5,3451.9434148235027,South,Historical
2021-02-07,5,3745.036827038833,South,Historical
2021-02-08,5,3869.2072989043922,South,Historical
2021-02-09,5,4868.041428261113,South,Historical
2021-02-10,5,4137.925125342944,South,Historical
2021-02-11,5,4569.490326857901,South,Historical
2021-02-12,5,4460.296715369036,South,Historical
2021-02-13,5,3891.7788345905824,South,Historical
2021-02-14,5,3934.1353379079546,South,Historical
2021-02-15,5,3843.4945212396215,South,Historical
2021-02-16,5,3962.595558486509,South,Historical
2021-02-17,5,4654.046433060272,South,Historical
2021-02-18,5,4188.476282352464,South,Historical
2021-02-19,5,3889.918795701732,South,Historical
2021-02-20,5,3953.5024305885477,South,Historical
2021-02-21,5,4074.025100768145,South,Historical
2021-02-22,5,3949.4996648847673,South,Historical
2021-02-23,5,3948.821327161796,South,Historical
2021-02-24,5,4376.484476822173,South,Historical
2021-02-25,5,4154.16271597428,South,Historical
2021-02-26,5,3558.378975331813,South,Historical
2021-02-27,5,3894.7818043533957,South,Historical
2021-02-28,5,3771.2518619973907,South,Historical
2021-03-01,5,4065.564677736451,South,Historical
2021-03-02,5,3997.608456335429,South,Historical
2021-03-03,5,4548.2168176054965,South,Historical
2021-03-04,5,4099.185957415006,South,Historical
2021-03-05,5,3691.5411701417347,South,Historical
2021-03-06,5,3672.147835134766,South,Historical
2021-03-07,5,4219.4348030961555,South,Historical
2021-03-08,5,3885.7206151732476,South,Historical
2021-03-09,5,4284.638619167404,South,Historical
2021-03-10,5,4176.065275122818,South,Historical
2021-03-11,5,4156.2311277915915,South,Historical
2021-03-12,5,4741.228427233238,South,Historical
2021-03-13,5,4129.505632153125,South,Historical
2021-03-14,5,3948.315627192218,South,Historical
2021-03-15,5,3963.6452650175233,South,Historical
2021-03-16,5,4851.385484184354,South,Historical
2021-03-17,5,4870.5364323024605,South,Historical
2021-03-18,5,4210.797604259484,South,Historical
2021-03-19,5,4001.509996448355,South,Historical
2021-03-20,5,4391.70243853142,South,Historical
2021-03-21,5,4288.8514063593175,South,Historical
2021-03-22,5,4232.552745824526,South,Historical
2021-03-23,5,4662.8114208349125,South,Historical
2021-03-24,5,4150.475721690909,South,Historical
2021-03-25,5,4660.418580495532,South,Historical
2021-03-26,5,3965.8645049401134,South,Historical
2021-03-27,5,3997.0745910949054,South,Historical
2021-03-28,5,4040.54894194771,South,Historical
2021-03-29,5,4380.005080403939,South,Historical
2021-03-30,5,4195.184515140109,South,Historical
2021-03-31,5,4242.51538488834,South,Historical
2021-04-01,5,4219.639275874703,South,Historical
2021-04-02,5,4256.214553907456,South,Historical
2021-04-03,5,4376.834311925267,South,Historical
2021-04-04,5,3841.6059681128613,South,Historical
2021-04-05,5,4289.873343082884,South,Historical
2021-04-06,5,4525.372124630954,South,Historical
2021-04-07,5,4585.6978021032,South,Historical
2021-04-08,5,4697.887169079693,South,Historical
2021-04-09,5,4123.168275633603,South,Historical
2021-04-10,5,3938.00053824814,South,Historical
2021-04-11,5,4112.80220964097,South,Historical
2021-04-12,5,4227.3471113329515,South,Historical
2021-04-13,5,4347.02669540108,South,Historical
2021-04-14,5,4728.933615960554,South,Historical
2021-04-15,5,4520.866390580284,South,Historical
2021-04-16,5,4723.707259191613,South,Historical
2021-04-17,5,4957.147488987542,South,Historical
2021-04-18,5,4338.532417954746,South,Historical
2021-04-19,5,4134.898944619913,South,Historical
2021-04-20,5,4194.9691311888055,South,Historical
2021-04-21,5,4366.207672028484,South,Historical
2021-04-22,5,4503.785792035754,South,Historical
2021-04-23,5,4110.608692870661,South,Historical
2021-04-24,5,3825.5761336827754,South,Historical
2021-04-25,5,3785.0270202906236,South,Historical
2021-04-26,5,4222.172361739241,South,Historical
2021-04-27,5,4227.726020328936,South,Historical
2021-04-28,5,4172.850454694231,South,Historical
2021-04-29,5,4307.129337083063,South,Historical
2021-04-30,5,4304.3081041076475,South,Historical
2021-05-01,5,3948.4744012888586,South,Historical
2021-05-02,5,3927.0579553408006,South,Historical
2021-05-03,5,4004.217810386598,South,Historical
2021-05-04,5,4179.850861690764,South,Historical
2021-05-05,5,4379.551229156923,South,Historical
2021-05-06,5,4295.76393378003,South,Historical
2021-05-07,5,4083.961208352135,South,Historical
2021-05-08,5,4235.338169987853,South,Historical
2021-05-09,5,4029.453760193121,South,Historical
2021-05-10,5,4385.1589606590105,South,Historical
2021-05-11,5,4441.241722190598,South,Historical
2021-05-12,5,4059.6661766170228,South,Historical
2021-05-13,5,4126.525048309049,South,Historical
2021-05-14,5,3959.6854394993834,South,Historical
2021-05-15,5,3848.081779252994,South,Historical
2021-05-16,5,4452.551216955291,South,Historical
2021-05-17,5,4101.277791679585,South,Historical
2021-05-18,5,3790.662248530426,South,Historical
2021-05-19,5,3993.5953352085835,South,Historical
2021-05-20,5,3832.4524320648466,South,Historical
2021-05-21,5,3337.0850964458973,South,Historical
2021-05-22,5,3932.7750231068035,South,Historical
2021-05-23,5,3517.5470388338076,South,Historical
2021-05-24,5,4064.3848407127534,South,Historical
2021-05-25,5,3970.5554739536014,South,Historical
2021-05-26,5,4066.9697169653027,South,Historical
2021-05-27,5,4148.815614342172,South,Historical
2021-05-28,5,4120.236872242333,South,Historical
2021-05-29,5,3680.93270238415,South,Historical
2021-05-30,5,3601.8722839352554,South,Historical
2021-05-31,5,3604.596362577643,South,Historical
2021-06-01,5,4166.123163882963,South,Historical
2021-06-02,5,4061.6082334812395,South,Historical
2021-06-03,5,4227.802667713277,South,Historical
2021-06-04,5,3647.5313976077587,South,Historical
2021-06-05,5,3649.1944155329925,South,Historical
2021-06-06,5,3233.362576575423,South,Historical
2021-06-07,5,3709.838541294011,South,Historical
2021-06-08,5,4133.699589415033,South,Historical
2021-06-09,5,3772.3021420539244,South,Historical
2021-06-10,5,4114.080703201288,South,Historical
2021-06-11,5,3519.3315408114686,South,Historical
2021-06-12,5,3659.1948420759704,South,Historical
2021-06-13,5,3568.9373345523195,South,Historical
2021-06-14,5,3656.377575574719,South,Historical
2021-06-15,5,3981.558470750038,South,Historical
2021-06-16,5,4094.6601534155157,South,Historical
2021-06-17,5,3909.361437423046,South,Historical
2021-06-18,5,3737.9848735116807,South,Historical
2021-06-19,5,3580.680760400731,South,Historical
2021-06-20,5,3434.621894429984,South,Historical
2021-06-21,5,3741.5020877611173,South,Historical
2021-06-22,5,3876.38798961876,South,Historical
2021-06-23,5,4255.216069144917,South,Historical
2021-06-24,5,3990.2465343855492,South,Historical
2021-06-25,5,3771.4746710112186,South,Historical
2021-06-26,5,3322.288398778781,South,Historical
2021-06-27,5,3503.8911968631082,South,Historical
2021-06-28,5,3392.8574182878438,South,Historical
2021-06-29,5,3950.389950277424,South,Historical
2021-06-30,5,4100.778240127408,South,Historical
2021-07-01,5,3314.5938685385,South,Historical
2021-07-02,5,3246.9642345320367,South,Historical
2021-07-03,5,3164.516939296336,South,Historical
2021-07-04,5,3866.9381865484283,South,Historical
2021-07-05,5,3713.06446672201,South,Historical
2021-07-06,5,3583.7504998658806,South,Historical
2021-07-07,5,3253.3994553338784,South,Historical
2021-07-08,5,3501.9840370318143,South,Historical
2021-07-09,5,3521.9057980655152,South,Historical
2021-07-10,5,3591.4963505036408,South,Historical
2021-07-11,5,3204.600707518543,South,Historical
2021-07-12,5,3342.6086029948783,South,Historical
2021-07-13,5,3549.5953113439905,South,Historical
2021-07-14,5,3666.2404632899875,South,Historical
2021-07-15,5,3355.1717858767597,South,Historical
2021-07-16,5,3382.1499415387243,South,Historical
2021-07-17,5,3382.3672163715473,South,Historical
2021-07-18,5,3772.079660872271,South,Historical
2021-07-19,5,3359.0778219072413,South,Historical
2021-07-20,5,3597.2113706545047,South,Historical
2021-07-21,5,3941.016290924243,South,Historical
2021-07-22,5,3020.8468197645666,South,Historical
2021-07-23,5,3369.606220667678,South,Historical
2021-07-24,5,2900.985759074679,South,Historical
2021-07-25,5,2959.5298517518754,South,Historical
2021-07-26,5,3598.006991682567,South,Historical
2021-07-27,5,3295.073188972315,South,Historical
2021-07-28,5,3358.855996364839,South,Historical
2021-07-29,5,3089.392164607948,South,Historical
2021-07-30,5,3740.2890064493818,South,Historical
2021-07-31,5,3475.3723727629513,South,Historical
2021-08-01,5,2692.0042595887257,South,Historical
2021-08-02,5,3039.1772379790614,South,Historical
2021-08-03,5,3392.976825777342,South,Historical
2021-08-04,5,2866.46255637778,South,Historical
2021-08-05,5,3670.1048212112187,South,Historical
2021-08-06,5,3044.248497528999,South,Historical
2021-08-07,5,2890.036842113791,South,Historical
2021-08-08,5,2773.7069623040475,South,Historical
2021-08-09,5,2950.9560991372755,South,Historical
2021-08-10,5,2918.6161330871396,South,Historical
2021-08-11,5,3070.920143038306,South,Historical
2021-08-12,5,3231.8087369101445,South,Historical
2021-08-13,5,2817.3717343068975,South,Historical
2021-08-14,5,2467.9586747069307,South,Historical
2021-08-15,5,3225.779325691911,South,Historical
2021-08-16,5,3030.2472698709444,South,Historical
2021-08-17,5,2853.9546466105426,South,Historical
2021-08-18,5,2835.0857138514207,South,Historical
2021-08-19,5,3209.4810387047696,South,Historical
2021-08-20,5,2780.309867532865,South,Historical
2021-08-21,5,2907.464457589029,South,Historical
2021-08-22,5,2893.1840748778513,South,Historical
2021-08-23,5,2985.833538795581,South,Historical
2021-08-24,5,2876.4840009774866,South,Historical
2021-08-25,5,3208.075086328711,South,Historical
2021-08-26,5,2906.596395382133,South,Historical
2021-08-27,5,2991.0301884260507,South,Historical
2021-08-28,5,2884.505417670545,South,Historical
2021-08-29,5,2993.672503786185,South,Historical
2021-08-30,5,2665.526320244124,South,Historical
2021-08-31,5,2762.171474361918,South,Historical
2021-09-01,5,3403.150789730337,South,Historical
2021-09-02,5,2857.5230008891754,South,Historical
2021-09-03,5,3229.2510966469267,South,Historical
2021-09-04,5,2545.0767670693504,South,Historical
2021-09-05,5,2489.8105927100974,South,Historical
2021-09-06,5,2641.9916122529175,South,Historical
2021-09-07,5,2623.686059187135,South,Historical
2021-09-08,5,2992.8687538446247,South,Historical
2021-09-09,5,2453.1855383690577,South,Historical
2021-09-10,5,2653.257708010841,South,Historical
2021-09-11,5,2453.125883605356,South,Historical
2021-09-12,5,2529.7146582129585,South,Historical
2021-09-13,5,2603.504073093895,South,Historical
2021-09-14,5,2881.700986070096,South,Historical
2021-09-15,5,2965.9688978574422,South,Historical
2021-09-16,5,2423.590708106761,South,Historical
2021-09-17,5,2819.856143334425,South,Historical
2021-09-18,5,2424.3596989342464,South,Historical
2021-09-19,5,2631.372344308105,South,Historical
2021-09-20,5,3027.2669594146773,South,Historical
2021-09-21,5,2909.920477472279,South,Historical
2021-09-22,5,2814.8764765686,South,Historical
2021-09-23,5,3156.8307608336736,South,Historical
2021-09-24,5,2684.686666126183,South,Historical
2021-09-25,5,2856.6906706464297,South,Historical
2021-09-26,5,2462.754774400194,South,Historical
2021-09-27,5,2657.192747752768,South,Historical
2021-09-28,5,2899.1819807041893,South,Historical
2021-09-29,5,3312.1906040400077,South,Historical
2021-09-30,5,2696.419135389518,South,Historical
2021-10-01,5,2612.021308408582,South,Historical
2021-10-02,5,2434.5520287153777,South,Historical
2021-10-03,5,2485.0052365030656,South,Historical
2021-10-04,5,3303.1718993490235,South,Historical
2021-10-05,5,2974.514046895584,South,Historical
2021-10-06,5,2952.2990781901212,South,Historical
2021-10-07,5,2819.394975101931,South,Historical
2021-10-08,5,2822.152967389725,South,Historical
2021-10-09,5,2747.9630574258213,South,Historical
2021-10-10,5,2581.652725441433,South,Historical
2021-10-11,5,2709.3966496779817,South,Historical
2021-10-12,5,2935.702458380355,South,Historical
2021-10-13,5,3339.303741353842,South,Historical
2021-10-14,5,2865.7042196655357,South,Historical
2021-10-15,5,2892.0798639394575,South,Historical
2021-10-16,5,2850.956470793465,South,Historical
2021-10-17,5,2830.6102824710474,South,Historical
2021-10-18,5,2628.827266945658,South,Historical
2021-10-19,5,2545.001010905291,South,Historical
2021-10-20,5,3175.5956694970923,South,Historical
2021-10-21,5,3178.390305624872,South,Historical
2021-10-22,5,2503.0135311546815,South,Historical
2021-10-23,5,2671.518264227035,South,Historical
2021-10-24,5,2668.2892716867696,South,Historical
2021-10-25,5,3008.122871859086,South,Historical
2021-10-26,5,3527.162074830422,South,Historical
2021-10-27,5,3154.812253523365,South,Historical
2021-10-28,5,2752.510669727666,South,Historical
2021-10-29,5,2428.3528672397824,South,Historical
2021-10-30,5,2677.1042768988555,South,Historical
2021-10-31,5,2561.419389968997,South,Historical
2021-11-01,5,2657.629266968152,South,Historical
2021-11-02,5,2847.752142496085,South,Historical
2021-11-03,5,2933.8386524130065,South,Historical
2021-11-04,5,3410.0360978753893,South,Historical
2021-11-05,5,3145.5520988196326,South,Historical
2021-11-06,5,3129.031501515942,South,Historical
2021-11-07,5,3197.6272928003123,South,Historical
2021-11-08,5,3281.6030403278123,South,Historical
2021-11-09,5,3042.780779447913,South,Historical
2021-11-10,5,3336.7935237797697,South,Historical
2021-11-11,5,2843.9202099221066,South,Historical
2021-11-12,5,2889.0391035291354,South,Historical
2021-11-13,5,3191.003425196626,South,Historical
2021-11-14,5,3524.7840673798155,South,Historical
2021-11-15,5,2587.5143346325613,South,Historical
2021-11-16,5,3020.301158134433,South,Historical
2021-11-17,5,3165.223062695251,South,Historical
2021-11-18,5,3340.3394608945773,South,Historical
2021-11-19,5,2671.7575989985526,South,Historical
2021-11-20,5,3355.0811763736815,South,Historical
2021-11-21,5,3031.6361397495184,South,Historical
2021-11-22,5,3492.0590870278897,South,Historical
2021-11-23,5,3472.633551891395,South,Historical
2021-11-24,5,3778.900065095406,South,Historical
2021-11-25,5,3841.224438472526,South,Historical
2021-11-26,5,4236.405799599738,South,Historical
2021-11-27,5,3379.354291650228,South,Historical
2021-11-28,5,3445.668621545169,South,Historical
2021-11-29,5,3061.187150341877,South,Historical
2021-11-30,5,3413.644297658523,South,Historical
2021-12-01,5,3383.459291361363,South,Historical
2021-12-02,5,3469.468181022607,South,Historical
2021-12-03,5,3088.843043342342,South,Historical
2021-12-04,5,2968.039480864436,South,Historical
2021-12-05,5,3081.049143868903,South,Historical
2021-12-06,5,3024.794187972411,South,Historical
2021-12-07,5,3692.4761797873025,South,Historical
2021-12-08,5,3905.421086841319,South,Historical
2021-12-09,5,3421.362957191632,South,Historical
2021-12-10,5,3623.6191083056074,South,Historical
2021-12-11,5,3162.285726220701,South,Historical
2021-12-12,5,3623.7086399482346,South,Historical
2021-12-13,5,3304.0237961998264,South,Historical
2021-12-14,5,3458.03734507619,South,Historical
2021-12-15,5,3506.528301891261,South,Historical
2021-12-16,5,3660.5147291915705,South,Historical
2021-12-17,5,3195.0652565553864,South,Historical
2021-12-18,5,3301.328208185157,South,Historical
2021-12-19,5,3637.870295449474,South,Historical
2021-12-20,5,3582.74844452863,South,Historical
2021-12-21,5,3714.007642006875,South,Historical
2021-12-22,5,3716.3165546929217,South,Historical
2021-12-23,5,4167.966083750064,South,Historical
2021-12-24,5,4054.183630153338,South,Historical
2021-12-25,5,4697.8852203128945,South,Historical
2021-12-26,5,4214.702786901774,South,Historical
2021-12-27,5,4397.337983144195,South,Historical
2021-12-28,5,4306.289631339325,South,Historical
2021-12-29,5,4153.3961882328185,South,Historical
2021-12-30,5,4021.4385104173443,South,Historical
2021-12-31,5,4571.210578072946,South,Historical
2022-01-01,5,4398.25174072878,South,Historical
2022-01-02,5,3645.6221174259526,South,Historical
2022-01-03,5,4036.696718668613,South,Historical
2022-01-04,5,4450.201186552371,South,Historical
2022-01-05,5,3854.4087783067303,South,Historical
2022-01-06,5,3950.298047488647,South,Historical
2022-01-07,5,3508.744485544577,South,Historical
2022-01-08,5,3688.200725972626,South,Historical
2022-01-09,5,3819.2923130096137,South,Historical
2022-01-10,5,3937.4462495855214,South,Historical
2022-01-11,5,3834.4779208064924,South,Historical
2022-01-12,5,4482.237691458391,South,Historical
2022-01-13,5,4167.636192085544,South,Historical
2022-01-14,5,3864.1195975994897,South,Historical
2022-01-15,5,3640.1094249886714,South,Historical
2022-01-16,5,4098.190981200601,South,Historical
2022-01-17,5,4095.723484966515,South,Historical
2022-01-18,5,4261.850899981806,South,Historical
2022-01-19,5,4191.681910208501,South,Historical
2022-01-20,5,4258.362336042281,South,Historical
2022-01-21,5,3682.050965899442,South,Historical
2022-01-22,5,3631.9976598040544,South,Historical
2022-01-23,5,4038.290297934458,South,Historical
2022-01-24,5,4018.788350295532,South,Historical
2022-01-25,5,4063.842276794935,South,Historical
2022-01-26,5,4083.0071495096204,South,Historical
2022-01-27,5,3836.5814046549185,South,Historical
2022-01-28,5,4485.951405607549,South,Historical
2022-01-29,5,3688.11512274456,South,Historical
2022-01-30,5,3912.3345336401167,South,Historical
2022-01-31,5,4430.0099936275365,South,Historical
2022-02-01,5,4780.110047116791,South,Historical
2022-02-02,5,4509.889756213513,South,Historical
2022-02-03,5,3818.515263995587,South,Historical
2022-02-04,5,3965.4263746675992,South,Historical
2022-02-05,5,3843.3734884516853,South,Historical
2022-02-06,5,4581.350609460192,South,Historical
2022-02-07,5,4088.462746036116,South,Historical
2022-02-08,5,4493.045117344777,South,Historical
2022-02-09,5,4316.814844390392,South,Historical
2022-02-10,5,4356.480449025,South,Historical
2022-02-11,5,3922.6911798787196,South,Historical
2022-02-12,5,3700.0072474698395,South,Historical
2022-02-13,5,4116.992037628351,South,Historical
2022-02-14,5,4675.901319528879,South,Historical
2022-02-15,5,4623.200091115323,South,Historical
2022-02-16,5,4365.770956534402,South,Historical
2022-02-17,5,4423.067475361741,South,Historical
2022-02-18,5,4248.712254344025,South,Historical
2022-02-19,5,3707.860332358213,South,Historical
2022-02-20,5,4108.774956137176,South,Historical
2022-02-21,5,4215.531479412458,South,Historical
2022-02-22,5,4495.609447846816,South,Historical
2022-02-23,5,4164.119066212394,South,Historical
2022-02-24,5,3696.5925509484846,South,Historical
2022-02-25,5,3896.2098285750994,South,Historical
2022-02-26,5,4054.4168063944467,South,Historical
2022-02-27,5,3862.9042322586947,South,Historical
2022-02-28,5,4660.3555243358205,South,Historical
2022-03-01,5,4535.452352274623,South,Historical
2022-03-02,5,4365.22103769498,South,Historical
2022-03-03,5,3996.546030606322,South,Historical
2022-03-04,5,4381.372481505796,South,Historical
2022-03-05,5,3951.8945035274037,South,Historical
2022-03-06,5,4120.155537556766,South,Historical
2022-03-07,5,4116.8279738974425,South,Historical
2022-03-08,5,4574.257711985713,South,Historical
2022-03-09,5,4463.1552124552545,South,Historical
2022-03-10,5,4208.876184464918,South,Historical
2022-03-11,5,4188.479631267266,South,Historical
2022-03-12,5,3872.624995519294,South,Historical
2022-03-13,5,4542.578073734987,South,Historical
2022-03-14,5,4418.87047667719,South,Historical
2022-03-15,5,4645.51749974111,South,Historical
2022-03-16,5,4576.291814259805,South,Historical
2022-03-17,5,4238.445675334631,South,Historical
2022-03-18,5,4273.360415544255,South,Historical
2022-03-19,5,3830.305889699675,South,Historical
2022-03-20,5,4351.624009732356,South,Historical
2022-03-21,5,4570.278361184662,South,Historical
2022-03-22,5,4584.938174602377,South,Historical
2022-03-23,5,4201.485384245749,South,Historical
2022-03-24,5,4124.325445093416,South,Historical
2022-03-25,5,4548.878883685714,South,Historical
2022-03-26,5,3892.815309142581,South,Historical
2022-03-27,5,4525.56965910908,South,Historical
2022-03-28,5,4268.875180840005,South,Historical
2022-03-29,5,4630.975925861569,South,Historical
2022-03-30,5,4641.249071635761,South,Historical
2022-03-31,5,4010.3354151610883,South,Historical
2022-04-01,5,4205.079038493577,South,Historical
2022-04-02,5,4325.75839110091,South,Historical
2022-04-03,5,4492.16744934261,South,Historical
2022-04-04,5,3831.6759831858008,South,Historical
2022-04-05,5,4562.9031476558475,South,Historical
2022-04-06,5,4752.120557803991,South,Historical
2022-04-07,5,4564.178602861967,South,Historical
2022-04-08,5,4361.8170553407845,South,Historical
2022-04-09,5,3923.4481158408125,South,Historical
2022-04-10,5,4086.4347655283736,South,Historical
2022-04-11,5,4639.287100548123,South,Historical
2022-04-12,5,4100.410466192607,South,Historical
2022-04-13,5,3984.5082667543124,South,Historical
2022-04-14,5,4155.226077218642,South,Historical
2022-04-15,5,4583.528480832745,South,Historical
2022-04-16,5,3834.4576707267115,South,Historical
2022-04-17,5,4196.368116561797,South,Historical
2022-04-18,5,4034.9231676702084,South,Historical
2022-04-19,5,4542.150767079646,South,Historical
2022-04-20,5,4335.460402134454,South,Historical
2022-04-21,5,4367.92168939733,South,Historical
2022-04-22,5,4247.533183025028,South,Historical
2022-04-23,5,4097.931499101211,South,Historical
2022-04-24,5,4260.543374285652,South,Historical
2022-04-25,5,4409.40294918867,South,Historical
2022-04-26,5,4619.402561931822,South,Historical
2022-04-27,5,4908.93061145065,South,Historical
2022-04-28,5,4833.03769707293,South,Historical
2022-04-29,5,4251.610525923017,South,Historical
2022-04-30,5,4469.529565543,South,Historical
2022-05-01,5,4104.235043907313,South,Historical
2022-05-02,5,4199.19567801928,South,Historical
2022-05-03,5,4561.663373361612,South,Historical
2022-05-04,5,4563.640767655013,South,Historical
2022-05-05,5,4164.637639473342,South,Historical
2022-05-06,5,3913.4412246432994,South,Historical
2022-05-07,5,3416.974381597641,South,Historical
2022-05-08,5,3589.832014727092,South,Historical
2022-05-09,5,4008.5101467933027,South,Historical
2022-05-10,5,4252.423711251815,South,Historical
2022-05-11,5,4452.487617405508,South,Historical
2022-05-12,5,4533.272353804823,South,Historical
2022-05-13,5,4135.128057789686,South,Historical
2022-05-14,5,4093.958209067454,South,Historical
2022-05-15,5,3973.746583560153,South,Historical
2022-05-16,5,4227.179260756204,South,Historical
2022-05-17,5,4250.280948952843,South,Historical
2022-05-18,5,4081.232326077091,South,Historical
2022-05-19,5,4263.10316462354,South,Historical
2022-05-20,5,4521.182000559965,South,Historical
2022-05-21,5,3798.6165716896317,South,Historical
2022-05-22,5,3963.3964419595286,South,Historical
2022-05-23,5,4166.2118651406745,South,Historical
2022-05-24,5,4169.36492588268,South,Historical
2022-05-25,5,4010.8100542941816,South,Historical
2022-05-26,5,3976.8790981728653,South,Historical
2022-05-27,5,3916.484738624473,South,Historical
2022-05-28,5,3708.7880985263273,South,Historical
2022-05-29,5,4057.9279432096073,South,Historical
2022-05-30,5,3920.1219146975077,South,Historical
2022-05-31,5,4600.724056439353,South,Historical
2022-06-01,5,3752.1902760316216,South,Historical
2022-06-02,5,4139.011506338323,South,Historical
2022-06-03,5,3822.400113582133,South,Historical
2022-06-04,5,3779.064153763663,South,Historical
2022-06-05,5,3725.3500695198663,South,Historical
2022-06-06,5,3852.4111040590774,South,Historical
2022-06-07,5,4220.4784945692545,South,Historical
2022-06-08,5,3916.597835220579,South,Historical
2022-06-09,5,3594.6425148587086,South,Historical
2022-06-10,5,3567.5230769739323,South,Historical
2022-06-11,5,3801.6581623680167,South,Historical
2022-06-12,5,3554.3923079937404,South,Historical
2022-06-13,5,3885.7477022699213,South,Historical
2022-06-14,5,3864.237206171739,South,Historical
2022-06-15,5,4265.511009109411,South,Historical
2022-06-16,5,3899.7635268061345,South,Historical
2022-06-17,5,3441.8770978278135,South,Historical
2022-06-18,5,3542.64074812359,South,Historical
2022-06-19,5,3589.8853435939423,South,Historical
2022-06-20,5,3946.3748785729176,South,Historical
2022-06-21,5,3909.184583706786,South,Historical
2022-06-22,5,3713.4859469664934,South,Historical
2022-06-23,5,3875.1059383532456,South,Historical
2022-06-24,5,3134.1234866751056,South,Historical
2022-06-25,5,3868.907407185353,South,Historical
2022-06-26,5,3596.2339492161877,South,Historical
2022-06-27,5,3966.8072267979587,South,Historical
2022-06-28,5,3861.1741558079507,South,Historical
2022-06-29,5,3846.44607750889,South,Historical
2022-06-30,5,3753.774235161783,South,Historical
2022-07-01,5,3409.298077494979,South,Historical
2022-07-02,5,3206.5622708013534,South,Historical
2022-07-03,5,3290.845635929782,South,Historical
2022-07-04,5,4105.295910221688,South,Historical
2022-07-05,5,4069.389583226669,South,Historical
2022-07-06,5,3941.8161321699486,South,Historical
2022-07-07,5,3957.43545960152,South,Historical
2022-07-08,5,3441.768245883935,South,Historical
2022-07-09,5,3147.650184154061,South,Historical
2022-07-10,5,3273.502888639116,South,Historical
2022-07-11,5,3770.2851646903982,South,Historical
2022-07-12,5,3537.235174254654,South,Historical
2022-07-13,5,3315.373939435144,South,Historical
2022-07-14,5,3555.1568003518705,South,Historical
2022-07-15,5,3216.127466872957,South,Historical
2022-07-16,5,3303.8709910138155,South,Historical
2022-07-17,5,3140.7950410173457,South,Historical
2022-07-18,5,3402.300008786441,South,Historical
2022-07-19,5,3611.6585801467486,South,Historical
2022-07-20,5,3499.9997123457697,South,Historical
2022-07-21,5,3386.854041150099,South,Historical
2022-07-22,5,3146.5026083753196,South,Historical
2022-07-23,5,3560.770740822517,South,Historical
2022-07-24,5,3252.0296453191854,South,Historical
2022-07-25,5,3013.804305335928,South,Historical
2022-07-26,5,3678.84836588374,South,Historical
2022-07-27,5,3592.8614195030445,South,Historical
2022-07-28,5,3703.509423573274,South,Historical
2022-07-29,5,2847.6393971297834,South,Historical
2022-07-30,5,3195.825854080888,South,Historical
2022-07-31,5,3210.8082139152143,South,Historical
2022-08-01,5,3045.471231843908,South,Historical
2022-08-02,5,3677.0656097601677,South,Historical
2022-08-03,5,3264.3981591415054,South,Historical
2022-08-04,5,3774.8908834799377,South,Historical
2022-08-05,5,3322.6370323237606,South,Historical
2022-08-06,5,2753.541956812437,South,Historical
2022-08-07,5,2807.1634095527725,South,Historical
2022-08-08,5,3169.501879154037,South,Historical
2022-08-09,5,3471.054853648719,South,Historical
2022-08-10,5,3039.2034754829683,South,Historical
2022-08-11,5,3288.2870283922507,South,Historical
2022-08-12,5,2853.3488773311756,South,Historical
2022-08-13,5,2730.364176356526,South,Historical
2022-08-14,5,3124.3235767808615,South,Historical
2022-08-15,5,2806.642955514881,South,Historical
2022-08-16,5,3337.927940110749,South,Historical
2022-08-17,5,3327.2308530721384,South,Historical
2022-08-18,5,3401.018622123599,South,Historical
2022-08-19,5,3057.167967229582,South,Historical
2022-08-20,5,2679.208959737708,South,Historical
2022-08-21,5,2889.427304439496,South,Historical
2022-08-22,5,2614.914294072621,South,Historical
2022-08-23,5,2979.3292215388287,South,Historical
2022-08-24,5,2982.275743263711,South,Historical
2022-08-25,5,2999.2734243010937,South,Historical
2022-08-26,5,2979.190774718381,South,Historical
2022-08-27,5,2682.1559611359844,South,Historical
2022-08-28,5,2596.7611505099617,South,Historical
2022-08-29,5,2709.428913329619,South,Historical
2022-08-30,5,2744.8574032480683,South,Historical
2022-08-31,5,2987.057339483167,South,Historical
2022-09-01,5,2824.642144481426,South,Historical
2022-09-02,5,2690.5436943976038,South,Historical
2022-09-03,5,2517.4649452557037,South,Historical
2022-09-04,5,2690.2711508746343,South,Historical
2022-09-05,5,2859.847023236865,South,Historical
2022-09-06,5,3186.68691419108,South,Historical
2022-09-07,5,3379.504303726371,South,Historical
2022-09-08,5,2881.9225500516436,South,Historical
2022-09-09,5,3274.002298123358,South,Historical
2022-09-10,5,2820.2717908364475,South,Historical
2022-09-11,5,3170.7011265206042,South,Historical
2022-09-12,5,3342.3261673871825,South,Historical
2022-09-13,5,2768.8640760670087,South,Historical
2022-09-14,5,2598.147654954668,South,Historical
2022-09-15,5,2782.485889731964,South,Historical
2022-09-16,5,2676.256307332481,South,Historical
2022-09-17,5,2567.0731514706313,South,Historical
2022-09-18,5,2836.844699901516,South,Historical
2022-09-19,5,2672.9460308593225,South,Historical
2022-09-20,5,2755.7645593497828,South,Historical
2022-09-21,5,3061.2792175733957,South,Historical
2022-09-22,5,2942.53084007274,South,Historical
2022-09-23,5,2701.4199263549367,South,Historical
2022-09-24,5,2470.632264709831,South,Historical
2022-09-25,5,2759.1084797007616,South,Historical
2022-09-26,5,2925.603408001691,South,Historical
2022-09-27,5,3040.379667087995,South,Historical
2022-09-28,5,3274.434332430916,South,Historical
2022-09-29,5,2922.192649689182,South,Historical
2022-09-30,5,3200.801505966436,South,Historical
2022-10-01,5,2858.7023596869876,South,Historical
2022-10-02,5,3219.003377788403,South,Historical
2022-10-03,5,2754.428096066386,South,Historical
2022-10-04,5,3001.728994636827,South,Historical
2022-10-05,5,2981.6647089674584,South,Historical
2022-10-06,5,2828.991062343205,South,Historical
2022-10-07,5,2674.616641348219,South,Historical
2022-10-08,5,2562.468235916065,South,Historical
2022-10-09,5,2624.783386847075,South,Historical
2022-10-10,5,2968.920090141157,South,Historical
2022-10-11,5,2968.369873037406,South,Historical
2022-10-12,5,3153.7614006584336,South,Historical
2022-10-13,5,3040.78768473423,South,Historical
2022-10-14,5,3056.3327051740825,South,Historical
2022-10-15,5,2812.494517094787,South,Historical
2022-10-16,5,3029.0290536511393,South,Historical
2022-10-17,5,2940.8808818734046,South,Historical
2022-10-18,5,3288.6863463523146,South,Historical
2022-10-19,5,3133.90321315519,South,Historical
2022-10-20,5,2847.446565165693,South,Historical
2022-10-21,5,2644.139877625052,South,Historical
2022-10-22,5,3103.4064878525855,South,Historical
2022-10-23,5,2809.9748296559023,South,Historical
2022-10-24,5,2865.480324227186,South,Historical
2022-10-25,5,3404.812647919703,South,Historical
2022-10-26,5,3037.9298143052056,South,Historical
2022-10-27,5,2877.9253706680206,South,Historical
2022-10-28,5,3347.475707758453,South,Historical
2022-10-29,5,2577.330102032869,South,Historical
2022-10-30,5,2895.766179659691,South,Historical
2022-10-31,5,3317.7345192867842,South,Historical
2022-11-01,5,3000.5714496733003,South,Historical
2022-11-02,5,3262.6282217504126,South,Historical
2022-11-03,5,3120.558215040037,South,Historical
2022-11-04,5,3032.9640056444628,South,Historical
2022-11-05,5,2850.918615688313,South,Historical
2022-11-06,5,2597.838649678232,South,Historical
2022-11-07,5,2980.3297950187216,South,Historical
2022-11-08,5,3340.938689088194,South,Historical
2022-11-09,5,3162.795706385885,South,Historical
2022-11-10,5,3207.8758838833674,South,Historical
2022-11-11,5,2941.3089387528844,South,Historical
2022-11-12,5,3014.314655177341,South,Historical
2022-11-13,5,2969.206510126268,South,Historical
2022-11-14,5,3104.646619535949,South,Historical
2022-11-15,5,3189.2200417939525,South,Historical
2022-11-16,5,3359.222491488861,South,Historical
2022-11-17,5,3868.179145835275,South,Historical
2022-11-18,5,3150.4282310694025,South,Historical
2022-11-19,5,3113.863459152257,South,Historical
2022-11-20,5,3117.4743034723488,South,Historical
2022-11-21,5,3188.9341832172513,South,Historical
2022-11-22,5,4095.2988368177917,South,Historical
2022-11-23,5,3660.531004167641,South,Historical
2022-11-24,5,3769.2019107732876,South,Historical
2022-11-25,5,3887.2121138422904,South,Historical
2022-11-26,5,4272.851646665907,South,Historical
2022-11-27,5,3990.226515612151,South,Historical
2022-11-28,5,3839.6056364895785,South,Historical
2022-11-29,5,3743.213146547979,South,Historical
2022-11-30,5,3659.9322439367525,South,Historical
2022-12-01,5,3604.927021148633,South,Historical
2022-12-02,5,3506.158718568685,South,Historical
2022-12-03,5,2871.955381434214,South,Historical
2022-12-04,5,3124.030266417746,South,Historical
2022-12-05,5,3431.7394486847675,South,Historical
2022-12-06,5,4402.138488250012,South,Historical
2022-12-07,5,3840.528810096327,South,Historical
2022-12-08,5,3220.881495269336,South,Historical
2022-12-09,5,3614.21161457758,South,Historical
2022-12-10,5,3302.6649341439324,South,Historical
2022-12-11,5,3561.5269525520866,South,Historical
2022-12-12,5,3544.772768003866,South,Historical
2022-12-13,5,3689.9631641158653,South,Historical
2022-12-14,5,3770.5611250659613,South,Historical
2022-12-15,5,3621.765216767239,South,Historical
2022-12-16,5,4003.565068230642,South,Historical
2022-12-17,5,3701.3780451138664,South,Historical
2022-12-18,5,3529.122953479962,South,Historical
2022-12-19,5,3834.8936632757113,South,Historical
2022-12-20,5,4039.5531917136145,South,Historical
2022-12-21,5,3740.6207324980137,South,Historical
2022-12-22,5,3820.2980739899835,South,Historical
2022-12-23,5,3812.8026327714256,South,Historical
2022-12-24,5,4815.313323917978,South,Historical
2022-12-25,5,4507.472826341231,South,Historical
2022-12-26,5,4095.571886133343,South,Historical
2022-12-27,5,4019.8302166266208,South,Historical
2022-12-28,5,4125.914517583857,South,Historical
2022-12-29,5,4503.0526379121175,South,Historical
2022-12-30,5,3741.8850521305294,South,Historical
2020-01-01,6,3533.446255208849,East,Historical
2020-01-02,6,3671.239613751257,East,Historical
2020-01-03,6,3107.517160983526,East,Historical
2020-01-04,6,3675.8831335926166,East,Historical
2020-01-05,6,3409.9308455394325,East,Historical
2020-01-06,6,3533.9923401463825,East,Historical
2020-01-07,6,3502.076041760514,East,Historical
2020-01-08,6,3571.5368057956157,East,Historical
2020-01-09,6,3458.3813599174596,East,Historical
2020-01-10,6,3476.412011731334,East,Historical
2020-01-11,6,3300.761807715143,East,Historical
2020-01-12,6,4097.239966702,East,Historical
2020-01-13,6,3572.0701931751423,East,Historical
2020-01-14,6,4049.0948172510107,East,Historical
2020-01-15,6,3876.854568979008,East,Historical
2020-01-16,6,3880.196317884579,East,Historical
2020-01-17,6,3509.131962982201,East,Historical
2020-01-18,6,3605.235467681688,East,Historical
2020-01-19,6,4116.74320361844,East,Historical
2020-01-20,6,3667.571974358696,East,Historical
2020-01-21,6,4009.5069434154857,East,Historical
2020-01-22,6,4056.7829841447733,East,Historical
2020-01-23,6,3654.96584858074,East,Historical
2020-01-24,6,3537.543567889327,East,Historical
2020-01-25,6,3538.4125616732417,East,Historical
2020-01-26,6,4081.4377267789137,East,Historical
2020-01-27,6,3763.8821249832627,East,Historical
2020-01-28,6,3595.8271913038175,East,Historical
2020-01-29,6,4140.106192680296,East,Historical
2020-01-30,6,3723.965047282965,East,Historical
2020-01-31,6,3481.835606197508,East,Historical
2020-02-01,6,3557.1435765644246,East,Historical
2020-02-02,6,3699.267031257864,East,Historical
2020-02-03,6,4093.7979698180675,East,Historical
2020-02-04,6,4021.822533812809,East,Historical
2020-02-05,6,4289.6191233349955,East,Historical
2020-02-06,6,3675.394342527154,East,Historical
2020-02-07,6,3703.6310642515937,East,Historical
2020-02-08,6,3626.895196928282,East,Historical
2020-02-09,6,3825.346147250722,East,Historical
2020-02-10,6,3596.5655227838142,East,Historical
2020-02-11,6,3818.699911488215,East,Historical
2020-02-12,6,4424.447912747725,East,Historical
2020-02-13,6,3734.2387616563356,East,Historical
2020-02-14,6,3863.374958482899,East,Historical
2020-02-15,6,3574.8665345914083,East,Historical
2020-02-16,6,3660.8974051321625,East,Historical
2020-02-17,6,3978.0917476798722,East,Historical
2020-02-18,6,4043.3079691522726,East,Historical
2020-02-19,6,4046.4185112044825,East,Historical
2020-02-20,6,4014.6268408626966,East,Historical
2020-02-21,6,3504.37396479397,East,Historical
2020-02-22,6,3725.1930041475457,East,Historical
2020-02-23,6,3680.3404405537553,East,Historical
2020-02-24,6,3970.619393395631,East,Historical
2020-02-25,6,3677.2895069875226,East,Historical
2020-02-26,6,4670.1401540505385,East,Historical
2020-02-27,6,3983.336372674324,East,Historical
2020-02-28,6,3620.062740269399,East,Historical
2020-02-29,6,3228.248543932029,East,Historical
2020-03-01,6,3976.6762738349526,East,Historical
2020-03-02,6,3759.5022878477494,East,Historical
2020-03-03,6,4188.424849732274,East,Historical
2020-03-04,6,4216.537822488322,East,Historical
2020-03-05,6,4085.460940730118,East,Historical
2020-03-06,6,3670.5544526689982,East,Historical
2020-03-07,6,3709.629112235183,East,Historical
2020-03-08,6,3831.6329242402194,East,Historical
2020-03-09,6,3858.816877082315,East,Historical
2020-03-10,6,3809.7876761552725,East,Historical
2020-03-11,6,4478.031444286942,East,Historical
2020-03-12,6,3945.8738934819366,East,Historical
2020-03-13,6,3726.7019251357137,East,Historical
2020-03-14,6,3776.4612625861682,East,Historical
2020-03-15,6,3790.779863249791,East,Historical
2020-03-16,6,3938.9300697242443,East,Historical
2020-03-17,6,4114.320959025411,East,Historical
2020-03-18,6,4039.3850884269236,East,Historical
2020-03-19,6,4142.993944477743,East,Historical
2020-03-20,6,4366.877939937419,East,Historical
2020-03-21,6,3947.920387547067,East,Historical
2020-03-22,6,4220.502154003753,East,Historical
2020-03-23,6,3750.506700304321,East,Historical
2020-03-24,6,3851.265295102765,East,Historical
2020-03-25,6,4186.074755639054,East,Historical
2020-03-26,6,4048.8539492721593,East,Historical
2020-03-27,6,3847.0995592174186,East,Historical
2020-03-28,6,3834.7615718441175,East,Historical
2020-03-29,6,3253.267862503942,East,Historical
2020-03-30,6,4247.294936036933,East,Historical
2020-03-31,6,4372.718100027149,East,Historical
2020-04-01,6,4078.68123811463,East,Historical
2020-04-02,6,3828.8007907605665,East,Historical
2020-04-03,6,4224.976539239215,East,Historical
2020-04-04,6,3766.9664896091467,East,Historical
2020-04-05,6,4060.504620432901,East,Historical
2020-04-06,6,4007.924265527976,East,Historical
2020-04-07,6,4354.098520097887,East,Historical
2020-04-08,6,4283.189615772292,East,Historical
2020-04-09,6,4488.7595524191565,East,Historical
2020-04-10,6,3712.976621523878,East,Historical
2020-04-11,6,3736.468022438416,East,Historical
2020-04-12,6,3855.1152287063483,East,Historical
2020-04-13,6,3942.9432096164296,East,Historical
2020-04-14,6,4179.314157705814,East,Historical
2020-04-15,6,4055.398920691488,East,Historical
2020-04-16,6,3842.470024923858,East,Historical
2020-04-17,6,3768.552085853468,East,Historical
2020-04-18,6,4012.9699977598275,East,Historical
2020-04-19,6,4441.3577750153445,East,Historical
2020-04-20,6,3729.425729909309,East,Historical
2020-04-21,6,4002.5509004609125,East,Historical
2020-04-22,6,4088.4787385059417,East,Historical
2020-04-23,6,4294.749192710591,East,Historical
2020-04-24,6,3874.979767452821,East,Historical
2020-04-25,6,3919.0089656541254,East,Historical
2020-04-26,6,3777.4063598534194,East,Historical
2020-04-27,6,3964.146707925469,East,Historical
2020-04-28,6,3397.577039726552,East,Historical
2020-04-29,6,4196.504736476068,East,Historical
2020-04-30,6,3718.7320006973537,East,Historical
2020-05-01,6,3824.803691709827,East,Historical
2020-05-02,6,3967.3756156374825,East,Historical
2020-05-03,6,3626.123929880744,East,Historical
2020-05-04,6,3959.436534310184,East,Historical
2020-05-05,6,4079.7649529564646,East,Historical
2020-05-06,6,3892.020215503868,East,Historical
2020-05-07,6,4076.9191003149126,East,Historical
2020-05-08,6,3764.934921543114,East,Historical
2020-05-09,6,3933.4428713668644,East,Historical
2020-05-10,6,3639.8694129254604,East,Historical
2020-05-11,6,3717.228281036728,East,Historical
2020-05-12,6,4503.981219969838,East,Historical
2020-05-13,6,4345.111471194317,East,Historical
2020-05-14,6,4026.853991965884,East,Historical
2020-05-15,6,3956.1987650581304,East,Historical
2020-05-16,6,3678.4268369354872,East,Historical
2020-05-17,6,3898.3078039243405,East,Historical
2020-05-18,6,4043.455484130437,East,Historical
2020-05-19,6,3785.933813735978,East,Historical
2020-05-20,6,4409.112337373737,East,Historical
2020-05-21,6,3720.483644039419,East,Historical
2020-05-22,6,3516.710875454223,East,Historical
2020-05-23,6,3802.7374305218336,East,Historical
2020-05-24,6,3547.6825083690096,East,Historical
2020-05-25,6,3629.73307905287,East,Historical
2020-05-26,6,3732.7090452763036,East,Historical
2020-05-27,6,3769.4348674795797,East,Historical
2020-05-28,6,3679.1414452850545,East,Historical
2020-05-29,6,3370.836281665781,East,Historical
2020-05-30,6,3522.6353246823774,East,Historical
2020-05-31,6,3532.9597034483086,East,Historical
2020-06-01,6,3374.7681695404467,East,Historical
2020-06-02,6,3520.2620902581893,East,Historical
2020-06-03,6,3713.110599941634,East,Historical
2020-06-04,6,3525.194001753876,East,Historical
2020-06-05,6,3589.8688060495983,East,Historical
2020-06-06,6,3352.9303554357884,East,Historical
2020-06-07,6,3178.8115230612534,East,Historical
2020-06-08,6,3308.113528208956,East,Historical
2020-06-09,6,4095.6149186414814,East,Historical
2020-06-10,6,4106.952648947244,East,Historical
2020-06-11,6,3525.530422948566,East,Historical
2020-06-12,6,3190.4347591926594,East,Historical
2020-06-13,6,3271.72480518174,East,Historical
2020-06-14,6,3232.7972427058216,East,Historical
2020-06-15,6,3514.688335816705,East,Historical
2020-06-16,6,3716.4971952843575,East,Historical
2020-06-17,6,3873.4189468670343,East,Historical
2020-06-18,6,3789.5265564454176,East,Historical
2020-06-19,6,3303.041144436177,East,Historical
2020-06-20,6,3677.5355711497314,East,Historical
2020-06-21,6,3446.7332594708214,East,Historical
2020-06-22,6,3391.8736184626246,East,Historical
2020-06-23,6,3701.2045184846424,East,Historical
2020-06-24,6,4099.479256981351,East,Historical
2020-06-25,6,3404.5431132296244,East,Historical
2020-06-26,6,3358.1585684387933,East,Historical
2020-06-27,6,3213.0072535377144,East,Historical
2020-06-28,6,3177.015349243331,East,Historical
2020-06-29,6,3014.407572875313,East,Historical
2020-06-30,6,3596.3722417036665,East,Historical
2020-07-01,6,3606.45221145566,East,Historical
2020-07-02,6,3138.8057338156013,East,Historical
2020-07-03,6,3208.320859319153,East,Historical
2020-07-04,6,3268.0332437327,East,Historical
2020-07-05,6,3105.7802157564483,East,Historical
2020-07-06,6,3087.45235396467,East,Historical
2020-07-07,6,3047.7548257495146,East,Historical
2020-07-08,6,3305.84200095018,East,Historical
2020-07-09,6,3279.7652877440055,East,Historical
2020-07-10,6,2600.3792142180637,East,Historical
2020-07-11,6,2963.7434012182484,East,Historical
2020-07-12,6,2943.465144979341,East,Historical
2020-07-13,6,3182.980947809008,East,Historical
2020-07-14,6,3348.788326413891,East,Historical
2020-07-15,6,3367.26991327866,East,Historical
2020-07-16,6,3046.129783575976,East,Historical
2020-07-17,6,3139.9612251445096,East,Historical
2020-07-18,6,3164.3732958251085,East,Historical
2020-07-19,6,3049.2621747149915,East,Historical
2020-07-20,6,2992.1701849227857,East,Historical
2020-07-21,6,2816.847896934092,East,Historical
2020-07-22,6,3092.8560723502223,East,Historical
2020-07-23,6,3231.3446087900365,East,Historical
2020-07-24,6,2833.386859391869,East,Historical
2020-07-25,6,2717.6267770774093,East,Historical
2020-07-26,6,3007.831308024452,East,Historical
2020-07-27,6,3110.1651663555504,East,Historical
2020-07-28,6,2754.449757051106,East,Historical
2020-07-29,6,2945.037805232408,East,Historical
2020-07-30,6,3163.3650547279767,East,Historical
2020-07-31,6,2776.3943315203182,East,Historical
2020-08-01,6,2671.8450367160385,East,Historical
2020-08-02,6,2932.5824831846785,East,Historical
2020-08-03,6,2865.322006783292,East,Historical
2020-08-04,6,2870.2691262777503,East,Historical
2020-08-05,6,3095.628937667609,East,Historical
2020-08-06,6,2959.341273052054,East,Historical
2020-08-07,6,2474.621302096664,East,Historical
2020-08-08,6,2639.9961525318854,East,Historical
2020-08-09,6,2366.968100350991,East,Historical
2020-08-10,6,2551.0035256485603,East,Historical
2020-08-11,6,2904.2045390031803,East,Historical
2020-08-12,6,2999.2170328257566,East,Historical
2020-08-13,6,2758.4845864860326,East,Historical
2020-08-14,6,2482.7471726422787,East,Historical
2020-08-15,6,2394.018202045024,East,Historical
2020-08-16,6,2504.6353206698695,East,Historical
2020-08-17,6,2529.4825934664764,East,Historical
2020-08-18,6,2965.067222857136,East,Historical
2020-08-19,6,2488.0353002531333,East,Historical
2020-08-20,6,2615.1182019283165,East,Historical
2020-08-21,6,2456.6015828934032,East,Historical
2020-08-22,6,2812.3238878151396,East,Historical
2020-08-23,6,2540.2021821945527,East,Historical
2020-08-24,6,2708.558393621086,East,Historical
2020-08-25,6,2811.0216782508337,East,Historical
2020-08-26,6,2714.72078712212,East,Historical
2020-08-27,6,2851.594101219505,East,Historical
2020-08-28,6,2711.70407812746,East,Historical
2020-08-29,6,2760.0342516885207,East,Historical
2020-08-30,6,2243.0871650559775,East,Historical
2020-08-31,6,2735.843022398811,East,Historical
2020-09-01,6,2571.1828019780824,East,Historical
2020-09-02,6,2614.058618049277,East,Historical
2020-09-03,6,3074.803167291341,East,Historical
2020-09-04,6,2463.5322586999127,East,Historical
2020-09-05,6,2213.0448392751373,East,Historical
2020-09-06,6,2487.8953977230767,East,Historical
2020-09-07,6,2379.1529245440474,East,Historical
2020-09-08,6,2547.233875001569,East,Historical
2020-09-09,6,2645.2366271328165,East,Historical
2020-09-10,6,2472.558031162533,East,Historical
2020-09-11,6,2237.3986139243357,East,Historical
2020-09-12,6,2539.8428981166685,East,Historical
2020-09-13,6,2470.0438921119453,East,Historical
2020-09-14,6,2310.794729358734,East,Historical
2020-09-15,6,2892.463207066449,East,Historical
2020-09-16,6,2679.3265120545243,East,Historical
2020-09-17,6,2491.6633549963076,East,Historical
2020-09-18,6,2246.371533613205,East,Historical
2020-09-19,6,2448.7561049491246,East,Historical
2020-09-20,6,2219.1472028970893,East,Historical
2020-09-21,6,2409.7572701694576,East,Historical
2020-09-22,6,2630.96092556452,East,Historical
2020-09-23,6,2676.1184504264966,East,Historical
2020-09-24,6,2305.7537843286004,East,Historical
2020-09-25,6,2213.011241879719,East,Historical
2020-09-26,6,2173.0094295759754,East,Historical
2020-09-27,6,2202.7105964119955,East,Historical
2020-09-28,6,2572.788906317695,East,Historical
2020-09-29,6,2755.9751471280233,East,Historical
2020-09-30,6,2896.1739970783115,East,Historical
2020-10-01,6,2665.4498466851414,East,Historical
2020-10-02,6,2533.322813730755,East,Historical
2020-10-03,6,2513.109518432462,East,Historical
2020-10-04,6,2407.8333463624713,East,Historical
2020-10-05,6,2275.273788616759,East,Historical
2020-10-06,6,2545.8197522072846,East,Historical
2020-10-07,6,2816.5254723577277,East,Historical
2020-10-08,6,2912.2053753423656,East,Historical
2020-10-09,6,2533.7450954463616,East,Historical
2020-10-10,6,3018.1382009611743,East,Historical
2020-10-11,6,2504.073801135182,East,Historical
2020-10-12,6,2217.229739684112,East,Historical
2020-10-13,6,2708.7381828892353,East,Historical
2020-10-14,6,2445.925343072926,East,Historical
2020-10-15,6,2777.50894137937,East,Historical
2020-10-16,6,2339.878419628699,East,Historical
2020-10-17,6,2831.8124914828636,East,Historical
2020-10-18,6,2280.8540753856932,East,Historical
2020-10-19,6,2252.672934703864,East,Historical
2020-10-20,6,2560.4493234857514,East,Historical
2020-10-21,6,2846.8108200826873,East,Historical
2020-10-22,6,2578.752406136415,East,Historical
2020-10-23,6,2787.2883793870933,East,Historical
2020-10-24,6,2205.4943139468755,East,Historical
2020-10-25,6,2291.27728058146,East,Historical
2020-10-26,6,2307.7144387066737,East,Historical
2020-10-27,6,2781.85157175135,East,Historical
2020-10-28,6,2780.2393664857163,East,Historical
2020-10-29,6,2737.4887641667765,East,Historical
2020-10-30,6,3123.4399650060564,East,Historical
2020-10-31,6,2723.9865663826768,East,Historical
2020-11-01,6,2808.912227794496,East,Historical
2020-11-02,6,2791.8260482722612,East,Historical
2020-11-03,6,3016.1029779573128,East,Historical
2020-11-04,6,3216.0813289786342,East,Historical
2020-11-05,6,3013.874716549741,East,Historical
2020-11-06,6,2955.5136852963997,East,Historical
2020-11-07,6,3006.337973994967,East,Historical
2020-11-08,6,2720.3779507601525,East,Historical
2020-11-09,6,2717.8456715386446,East,Historical
2020-11-10,6,2960.0022997193573,East,Historical
2020-11-11,6,2966.0151754005205,East,Historical
2020-11-12,6,3029.2970065950904,East,Historical
2020-11-13,6,2844.6803929738294,East,Historical
2020-11-14,6,2626.743885974469,East,Historical
2020-11-15,6,2536.90655692307,East,Historical
2020-11-16,6,3617.6348942824307,East,Historical
2020-11-17,6,3124.9221766551536,East,Historical
2020-11-18,6,3177.7025009847325,East,Historical
2020-11-19,6,2539.9915785967496,East,Historical
2020-11-20,6,2871.8965601317955,East,Historical
2020-11-21,6,2766.280573865148,East,Historical
2020-11-22,6,3523.9051390220625,East,Historical
2020-11-23,6,3528.8712570434823,East,Historical
2020-11-24,6,3780.0006113137183,East,Historical
2020-11-25,6,3767.987601307164,East,Historical
2020-11-26,6,3328.1367436221512,East,Historical
2020-11-27,6,3088.3131659909222,East,Historical
2020-11-28,6,3029.8571978605696,East,Historical
2020-11-29,6,2717.140764795379,East,Historical
2020-11-30,6,2767.4639897059806,East,Historical
2020-12-01,6,3447.4818566220883,East,Historical
2020-12-02,6,3366.417519580364,East,Historical
2020-12-03,6,2933.8006387223113,East,Historical
2020-12-04,6,3184.817241782541,East,Historical
2020-12-05,6,2919.2307792796237,East,Historical
2020-12-06,6,3755.499165196358,East,Historical
2020-12-07,6,2966.656333181115,East,Historical
2020-12-08,6,3593.2488304062595,East,Historical
2020-12-09,6,3450.9859167877767,East,Historical
2020-12-10,6,3397.792160451583,East,Historical
2020-12-11,6,2858.189316044554,East,Historical
2020-12-12,6,3020.699172893615,East,Historical
2020-12-13,6,2743.4155124296685,East,Historical
2020-12-14,6,3409.7506999509897,East,Historical
2020-12-15,6,3449.0447450981105,East,Historical
2020-12-16,6,3558.172213747937,East,Historical
2020-12-17,6,3380.0022148126136,East,Historical
2020-12-18,6,2831.487676740921,East,Historical
2020-12-19,6,2857.6460326008714,East,Historical
2020-12-20,6,3261.047475036572,East,Historical
2020-12-21,6,3679.406816156611,East,Historical
2020-12-22,6,3738.343652085012,East,Historical
2020-12-23,6,4320.747610220706,East,Historical
2020-12-24,6,4784.582504707126,East,Historical
2020-12-25,6,4780.734350455162,East,Historical
2020-12-26,6,2938.444525779332,East,Historical
2020-12-27,6,3589.432931636077,East,Historical
2020-12-28,6,3556.9344151416644,East,Historical
2020-12-29,6,3716.4807037898454,East,Historical
2020-12-30,6,4093.792673263482,East,Historical
2020-12-31,6,4500.479333643433,East,Historical
2021-01-01,6,3204.741510232765,East,Historical
2021-01-02,6,3274.834800557435,East,Historical
2021-01-03,6,3626.297730977928,East,Historical
2021-01-04,6,3485.7457959967005,East,Historical
2021-01-05,6,3895.5284266703866,East,Historical
2021-01-06,6,3785.922761243447,East,Historical
2021-01-07,6,3758.9945842325183,East,Historical
2021-01-08,6,3707.4864153042627,East,Historical
2021-01-09,6,3363.7342284973174,East,Historical
2021-01-10,6,3669.2276264582856,East,Historical
2021-01-11,6,3545.854707627784,East,Historical
2021-01-12,6,4145.590525152848,East,Historical
2021-01-13,6,3809.7994693240885,East,Historical
2021-01-14,6,3749.288276447575,East,Historical
2021-01-15,6,3894.800335391825,East,Historical
2021-01-16,6,3580.563676506471,East,Historical
2021-01-17,6,4038.145549372211,East,Historical
2021-01-18,6,4504.053083174596,East,Historical
2021-01-19,6,4113.929991851854,East,Historical
2021-01-20,6,3905.9186857857444,East,Historical
2021-01-21,6,3876.9484688257903,East,Historical
2021-01-22,6,3660.550282832579,East,Historical
2021-01-23,6,3225.2275158083817,East,Historical
2021-01-24,6,3526.274018696576,East,Historical
2021-01-25,6,4038.106430572999,East,Historical
2021-01-26,6,3722.4797940917974,East,Historical
2021-01-27,6,4180.754616340619,East,Historical
2021-01-28,6,3764.685238831782,East,Historical
2021-01-29,6,3590.0872317291432,East,Historical
2021-01-30,6,3745.3705413233533,East,Historical
2021-01-31,6,4514.186583130842,East,Historical
2021-02-01,6,4517.756582196449,East,Historical
2021-02-02,6,4227.786331976387,East,Historical
2021-02-03,6,3813.1182254029495,East,Historical
2021-02-04,6,3977.821707218431,East,Historical
2021-02-05,6,3938.230468948082,East,Historical
2021-02-06,6,3639.6688635762107,East,Historical
2021-02-07,6,3725.7994166313197,East,Historical
2021-02-08,6,4040.799692009206,East,Historical
2021-02-09,6,3803.7612539398697,East,Historical
2021-02-10,6,4505.430781886096,East,Historical
2021-02-11,6,4083.210944256447,East,Historical
2021-02-12,6,3642.937175927731,East,Historical
2021-02-13,6,4771.435346268093,East,Historical
2021-02-14,6,4016.3995314632652,East,Historical
2021-02-15,6,3638.4052405577954,East,Historical
2021-02-16,6,4180.014557339995,East,Historical
2021-02-17,6,4267.156553524695,East,Historical
2021-02-18,6,4183.051307012324,East,Historical
2021-02-19,6,3769.006317785281,East,Historical
2021-02-20,6,4164.916699675608,East,Historical
2021-02-21,6,4002.6372712632487,East,Historical
2021-02-22,6,4145.664417886125,East,Historical
2021-02-23,6,4140.185187130032,East,Historical
2021-02-24,6,4052.146872498342,East,Historical
2021-02-25,6,3767.0359319879117,East,Historical
2021-02-26,6,4202.9049005655,East,Historical
2021-02-27,6,3708.9518601164286,East,Historical
2021-02-28,6,4400.955697266193,East,Historical
2021-03-01,6,3738.705117048469,East,Historical
2021-03-02,6,3770.0603596133515,East,Historical
2021-03-03,6,4094.925960892935,East,Historical
2021-03-04,6,4175.005242869404,East,Historical
2021-03-05,6,3752.153384843966,East,Historical
2021-03-06,6,3947.5574310857905,East,Historical
2021-03-07,6,3688.8247802938477,East,Historical
2021-03-08,6,4077.764687757878,East,Historical
2021-03-09,6,4183.03452803772,East,Historical
2021-03-10,6,4319.471960723457,East,Historical
2021-03-11,6,3885.0601855301807,East,Historical
2021-03-12,6,3936.438549350038,East,Historical
2021-03-13,6,4008.3856863036167,East,Historical
2021-03-14,6,3809.4873092005573,East,Historical
2021-03-15,6,4185.188696164951,East,Historical
2021-03-16,6,3746.744936563369,East,Historical
2021-03-17,6,3875.33194588461,East,Historical
2021-03-18,6,4198.770555951112,East,Historical
2021-03-19,6,4089.8755532184373,East,Historical
2021-03-20,6,4324.044079312538,East,Historical
2021-03-21,6,4119.739601390215,East,Historical
2021-03-22,6,3801.207653945098,East,Historical
2021-03-23,6,4163.933519445045,East,Historical
2021-03-24,6,4416.562004703757,East,Historical
2021-03-25,6,4274.495104448002,East,Historical
2021-03-26,6,3723.008570515542,East,Historical
2021-03-27,6,4041.2522345277885,East,Historical
2021-03-28,6,4549.98630419281,East,Historical
2021-03-29,6,3923.4349882361876,East,Historical
2021-03-30,6,4427.468026119376,East,Historical
2021-03-31,6,4413.846775731486,East,Historical
2021-04-01,6,3947.923415520212,East,Historical
2021-04-02,6,4227.555205482304,East,Historical
2021-04-03,6,3704.242377911877,East,Historical
2021-04-04,6,4575.847005597082,East,Historical
2021-04-05,6,4207.612816792055,East,Historical
2021-04-06,6,4507.276655969966,East,Historical
2021-04-07,6,4013.2734058068227,East,Historical
2021-04-08,6,4034.135007421789,East,Historical
2021-04-09,6,4203.460961282608,East,Historical
2021-04-10,6,4334.512552050463,East,Historical
2021-04-11,6,4042.648912831967,East,Historical
2021-04-12,6,4030.4623836552078,East,Historical
2021-04-13,6,4441.19065683445,East,Historical
2021-04-14,6,4043.315155800384,East,Historical
2021-04-15,6,4586.034775896388,East,Historical
2021-04-16,6,3824.4725060544133,East,Historical
2021-04-17,6,4019.9968382027487,East,Historical
2021-04-18,6,3833.783573987244,East,Historical
2021-04-19,6,4460.028936387817,East,Historical
2021-04-20,6,4543.664426540757,East,Historical
2021-04-21,6,4466.400932633457,East,Historical
2021-04-22,6,4216.961769785789,East,Historical
2021-04-23,6,4090.2674444808163,East,Historical
2021-04-24,6,3952.9692365293376,East,Historical
2021-04-25,6,3942.688650428526,East,Historical
2021-04-26,6,4211.006652176702,East,Historical
2021-04-27,6,4531.804294183914,East,Historical
2021-04-28,6,4177.727046085715,East,Historical
2021-04-29,6,4373.934262860766,East,Historical
2021-04-30,6,4158.787255718022,East,Historical
2021-05-01,6,3503.96937862031,East,Historical
2021-05-02,6,4089.9983405765897,East,Historical
2021-05-03,6,4113.852704232362,East,Historical
2021-05-04,6,4553.351353449724,East,Historical
2021-05-05,6,3676.23892763264,East,Historical
2021-05-06,6,3931.8649503103247,East,Historical
2021-05-07,6,4019.370264671059,East,Historical
2021-05-08,6,3699.917606982858,East,Historical
2021-05-09,6,3740.956171990462,East,Historical
2021-05-10,6,4164.019742890136,East,Historical
2021-05-11,6,4114.23258064068,East,Historical
2021-05-12,6,4003.5940488898696,East,Historical
2021-05-13,6,3760.37514911971,East,Historical
2021-05-14,6,3942.167942813431,East,Historical
2021-05-15,6,3710.8584600870377,East,Historical
2021-05-16,6,3994.941834938069,East,Historical
2021-05-17,6,4037.2288688098615,East,Historical
2021-05-18,6,3937.6332408283793,East,Historical
2021-05-19,6,3767.4094957477205,East,Historical
2021-05-20,6,3835.4452361562494,East,Historical
2021-05-21,6,3918.9620503579795,East,Historical
2021-05-22,6,4034.738597396798,East,Historical
2021-05-23,6,4043.117235011856,East,Historical
2021-05-24,6,4060.3143436947526,East,Historical
2021-05-25,6,3761.2648144687255,East,Historical
2021-05-26,6,3694.3293251181676,East,Historical
2021-05-27,6,3948.5787072437356,East,Historical
2021-05-28,6,3903.373080894934,East,Historical
2021-05-29,6,3532.3378416955065,East,Historical
2021-05-30,6,3518.2366518433323,East,Historical
2021-05-31,6,3973.4243256253235,East,Historical
2021-06-01,6,4000.969143847257,East,Historical
2021-06-02,6,4038.6542059668086,East,Historical
2021-06-03,6,3594.12934593628,East,Historical
2021-06-04,6,3187.252283537152,East,Historical
2021-06-05,6,3877.38391381091,East,Historical
2021-06-06,6,3200.320495281615,East,Historical
2021-06-07,6,3576.8799639183635,East,Historical
2021-06-08,6,4008.1726548684073,East,Historical
2021-06-09,6,3947.1297738652597,East,Historical
2021-06-10,6,3884.705253671072,East,Historical
2021-06-11,6,3481.0725798186286,East,Historical
2021-06-12,6,3513.9041621495244,East,Historical
2021-06-13,6,3480.0988840511895,East,Historical
2021-06-14,6,4271.004721013945,East,Historical
2021-06-15,6,3651.9319734889273,East,Historical
2021-06-16,6,3760.2245811077037,East,Historical
2021-06-17,6,3884.0454089151485,East,Historical
2021-06-18,6,3327.0438397645285,East,Historical
2021-06-19,6,3369.6525142794635,East,Historical
2021-06-20,6,3396.2360627789753,East,Historical
2021-06-21,6,3366.6420556608714,East,Historical
2021-06-22,6,3678.239963447918,East,Historical
2021-06-23,6,4051.2503666872026,East,Historical
2021-06-24,6,3523.896410907965,East,Historical
2021-06-25,6,3262.505492966373,East,Historical
2021-06-26,6,3111.365305791014,East,Historical
2021-06-27,6,3875.4442306184983,East,Historical
2021-06-28,6,3127.42959037696,East,Historical
2021-06-29,6,3805.6214416997323,East,Historical
2021-06-30,6,4112.2441047475995,East,Historical
2021-07-01,6,3109.4548370277844,East,Historical
2021-07-02,6,3173.993059266192,East,Historical
2021-07-03,6,2866.320593000707,East,Historical
2021-07-04,6,4045.2179402156485,East,Historical
2021-07-05,6,3422.4090079927546,East,Historical
2021-07-06,6,3518.6869523258506,East,Historical
2021-07-07,6,3571.743787689951,East,Historical
2021-07-08,6,3426.975870737729,East,Historical
2021-07-09,6,3253.264786764717,East,Historical
2021-07-10,6,3014.6087366081365,East,Historical
2021-07-11,6,3213.6208032630784,East,Historical
2021-07-12,6,2996.575589745258,East,Historical
2021-07-13,6,3516.3986182613867,East,Historical
2021-07-14,6,3629.2676573475683,East,Historical
2021-07-15,6,3324.9405798763146,East,Historical
2021-07-16,6,3021.611812450305,East,Historical
2021-07-17,6,2985.146762850698,East,Historical
2021-07-18,6,3718.6487078713844,East,Historical
2021-07-19,6,3253.412618840918,East,Historical
2021-07-20,6,3207.397560901749,East,Historical
2021-07-21,6,3429.770665702484,East,Historical
2021-07-22,6,2938.161550154103,East,Historical
2021-07-23,6,3266.3933090661844,East,Historical
2021-07-24,6,3465.7736470956324,East,Historical
2021-07-25,6,2944.898965484343,East,Historical
2021-07-26,6,3265.5940865155662,East,Historical
2021-07-27,6,3394.5346342517414,East,Historical
2021-07-28,6,3201.0062977277184,East,Historical
2021-07-29,6,3124.3304400958887,East,Historical
2021-07-30,6,3344.378797544425,East,Historical
2021-07-31,6,3025.201820631008,East,Historical
2021-08-01,6,3279.0120392249164,East,Historical
2021-08-02,6,2660.0543007299843,East,Historical
2021-08-03,6,2797.52124658412,East,Historical
2021-08-04,6,3018.189823666031,East,Historical
2021-08-05,6,2917.2146851322427,East,Historical
2021-08-06,6,2768.890923976962,East,Historical
2021-08-07,6,2528.1363870003966,East,Historical
2021-08-08,6,2773.7261311847838,East,Historical
2021-08-09,6,2791.032407852942,East,Historical
2021-08-10,6,3466.5889912837574,East,Historical
2021-08-11,6,2869.182198167735,East,Historical
2021-08-12,6,2931.9113118466203,East,Historical
2021-08-13,6,2997.4317925792334,East,Historical
2021-08-14,6,2354.1777837832483,East,Historical
2021-08-15,6,2614.914585201509,East,Historical
2021-08-16,6,2748.4912915784844,East,Historical
2021-08-17,6,2838.68824536252,East,Historical
2021-08-18,6,2879.844164852209,East,Historical
2021-08-19,6,3033.5666306846956,East,Historical
2021-08-20,6,2448.3297470889693,East,Historical
2021-08-21,6,2216.8442246742134,East,Historical
2021-08-22,6,2586.347379902333,East,Historical
2021-08-23,6,2648.4478642299996,East,Historical
2021-08-24,6,2722.9385400620413,East,Historical
2021-08-25,6,2604.9432139789214,East,Historical
2021-08-26,6,2686.4396430350153,East,Historical
2021-08-27,6,2817.6558946961018,East,Historical
2021-08-28,6,2498.705672732739,East,Historical
2021-08-29,6,2517.0181775104033,East,Historical
2021-08-30,6,2757.8511262558513,East,Historical
2021-08-31,6,2555.8778969612913,East,Historical
2021-09-01,6,2678.7287399567495,East,Historical
2021-09-02,6,2621.6278587404367,East,Historical
2021-09-03,6,2652.161648276989,East,Historical
2021-09-04,6,2568.9158508722694,East,Historical
2021-09-05,6,2397.0480879443894,East,Historical
2021-09-06,6,2808.5919813218534,East,Historical
2021-09-07,6,3189.3393824565946,East,Historical
2021-09-08,6,2914.2495020553474,East,Historical
2021-09-09,6,2227.5040355122487,East,Historical
2021-09-10,6,2355.2898377424503,East,Historical
2021-09-11,6,2328.835303070183,East,Historical
2021-09-12,6,2405.388084485894,East,Historical
2021-09-13,6,2224.9997710079665,East,Historical
2021-09-14,6,2966.078913190065,East,Historical
2021-09-15,6,2848.353410643504,East,Historical
2021-09-16,6,2545.5958321300895,East,Historical
2021-09-17,6,2259.4102874258406,East,Historical
2021-09-18,6,2526.358597645971,East,Historical
2021-09-19,6,2335.945259370148,East,Historical
2021-09-20,6,2560.4580813613475,East,Historical
2021-09-21,6,2677.5917053100657,East,Historical
2021-09-22,6,2794.1008241127265,East,Historical
2021-09-23,6,2683.8879196792354,East,Historical
2021-09-24,6,2370.972370803437,East,Historical
2021-09-25,6,2472.212242934978,East,Historical
2021-09-26,6,2352.781565122404,East,Historical
2021-09-27,6,2451.936128355322,East,Historical
2021-09-28,6,2824.4103578594604,East,Historical
2021-09-29,6,2558.28478636513,East,Historical
2021-09-30,6,2564.5244548495953,East,Historical
2021-10-01,6,2301.0565503282137,East,Historical
2021-10-02,6,2243.0597995566636,East,Historical
2021-10-03,6,2365.510755654213,East,Historical
2021-10-04,6,2929.1933642017975,East,Historical
2021-10-05,6,2768.740690106262,East,Historical
2021-10-06,6,2914.122612353387,East,Historical
2021-10-07,6,2714.3306734788453,East,Historical
2021-10-08,6,2647.313742932977,East,Historical
2021-10-09,6,2507.291811145702,East,Historical
2021-10-10,6,2201.0469257242194,East,Historical
2021-10-11,6,2835.7510864547016,East,Historical
2021-10-12,6,3139.435245857948,East,Historical
2021-10-13,6,2480.7968810252555,East,Historical
2021-10-14,6,2723.4535175348296,East,Historical
2021-10-15,6,2705.1529571343553,East,Historical
2021-10-16,6,2586.536398989948,East,Historical
2021-10-17,6,2395.7184294569915,East,Historical
2021-10-18,6,2786.05454710838,East,Historical
2021-10-19,6,3217.4970624631596,East,Historical
2021-10-20,6,2968.943161577032,East,Historical
2021-10-21,6,2747.449256596724,East,Historical
2021-10-22,6,2564.415540442984,East,Historical
2021-10-23,6,2304.6815412332758,East,Historical
2021-10-24,6,2625.1087282550006,East,Historical
2021-10-25,6,2636.678445200339,East,Historical
2021-10-26,6,2786.519901179471,East,Historical
2021-10-27,6,2687.071172073455,East,Historical
2021-10-28,6,2736.823203879152,East,Historical
2021-10-29,6,3064.007281639581,East,Historical
2021-10-30,6,2512.3659612424813,East,Historical
2021-10-31,6,2901.376407566436,East,Historical
2021-11-01,6,2729.607340777141,East,Historical
2021-11-02,6,3245.7012537209084,East,Historical
2021-11-03,6,3399.38043076215,East,Historical
2021-11-04,6,2945.2102888324785,East,Historical
2021-11-05,6,2530.1995711456393,East,Historical
2021-11-06,6,2918.350576512874,East,Historical
2021-11-07,6,2708.447771144466,East,Historical
2021-11-08,6,3274.853899202303,East,Historical
2021-11-09,6,2742.2414498406333,East,Historical
2021-11-10,6,3109.607137714633,East,Historical
2021-11-11,6,3036.5355815870075,East,Historical
2021-11-12,6,2634.0675764422103,East,Historical
2021-11-13,6,3047.797633387926,East,Historical
2021-11-14,6,2776.702199727405,East,Historical
2021-11-15,6,3023.5179260377963,East,Historical
2021-11-16,6,2988.907416321785,East,Historical
2021-11-17,6,3147.9063357822924,East,Historical
2021-11-18,6,2831.5618975586603,East,Historical
2021-11-19,6,3170.278589883534,East,Historical
2021-11-20,6,2565.061361242397,East,Historical
2021-11-21,6,2693.778494301183,East,Historical
2021-11-22,6,3788.639555874456,East,Historical
2021-11-23,6,3831.6692239505473,East,Historical
2021-11-24,6,3744.7797685001906,East,Historical
2021-11-25,6,3467.5897224134706,East,Historical
2021-11-26,6,3608.0191507143963,East,Historical
2021-11-27,6,3240.401957565924,East,Historical
2021-11-28,6,3240.0490436726323,East,Historical
2021-11-29,6,3079.0335112872563,East,Historical
2021-11-30,6,3047.4493919159986,East,Historical
2021-12-01,6,3392.9272100432477,East,Historical
2021-12-02,6,3237.997990049446,East,Historical
2021-12-03,6,3155.680250405235,East,Historical
2021-12-04,6,2846.071214635074,East,Historical
2021-12-05,6,2847.0799059262204,East,Historical
2021-12-06,6,3437.9466441057302,East,Historical
2021-12-07,6,3401.6977369965275,East,Historical
2021-12-08,6,3545.5831248317304,East,Historical
2021-12-09,6,3186.7401227195223,East,Historical
2021-12-10,6,3350.4155790145105,East,Historical
2021-12-11,6,3061.063468507253,East,Historical
2021-12-12,6,3019.2486736569977,East,Historical
2021-12-13,6,3372.9643554377544,East,Historical
2021-12-14,6,3530.942647178323,East,Historical
2021-12-15,6,3828.0614857650166,East,Historical
2021-12-16,6,3577.28929873267,East,Historical
2021-12-17,6,3186.195654671968,East,Historical
2021-12-18,6,3088.550428198329,East,Historical
2021-12-19,6,3157.0610418060132,East,Historical
2021-12-20,6,3487.1041466737515,East,Historical
2021-12-21,6,3621.7466630227277,East,Historical
2021-12-22,6,3949.383756977291,East,Historical
2021-12-23,6,3617.43791462859,East,Historical
2021-12-24,6,4409.7582154451065,East,Historical
2021-12-25,6,4197.148803244948,East,Historical
2021-12-26,6,3177.227363669581,East,Historical
2021-12-27,6,3765.065453239978,East,Historical
2021-12-28,6,3638.172048644955,East,Historical
2021-12-29,6,3997.7681436000375,East,Historical
2021-12-30,6,3740.6585685888726,East,Historical
2021-12-31,6,4262.132739216889,East,Historical
2022-01-01,6,3675.247823770468,East,Historical
2022-01-02,6,3595.887743602584,East,Historical
2022-01-03,6,3928.176413698556,East,Historical
2022-01-04,6,3598.691864664112,East,Historical
2022-01-05,6,3634.0494924829936,East,Historical
2022-01-06,6,3815.1372086096735,East,Historical
2022-01-07,6,3744.562566943324,East,Historical
2022-01-08,6,3631.5300241556447,East,Historical
2022-01-09,6,3909.740920492469,East,Historical
2022-01-10,6,4361.41325851757,East,Historical
2022-01-11,6,4088.8163179547446,East,Historical
2022-01-12,6,4491.939155541417,East,Historical
2022-01-13,6,3785.7815764253546,East,Historical
2022-01-14,6,3985.266650738642,East,Historical
2022-01-15,6,4013.022808084149,East,Historical
2022-01-16,6,3541.4379864849357,East,Historical
2022-01-17,6,4024.694083247106,East,Historical
2022-01-18,6,4283.706814529575,East,Historical
2022-01-19,6,4441.216475323604,East,Historical
2022-01-20,6,4187.756608151273,East,Historical
2022-01-21,6,3772.549290021142,East,Historical
2022-01-22,6,3937.368689044054,East,Historical
2022-01-23,6,3825.6904358513216,East,Historical
2022-01-24,6,4279.9410130731685,East,Historical
2022-01-25,6,4283.401374487308,East,Historical
2022-01-26,6,4258.275369897082,East,Historical
2022-01-27,6,3982.820313555152,East,Historical
2022-01-28,6,3794.195210994655,East,Historical
2022-01-29,6,3883.395590107746,East,Historical
2022-01-30,6,3883.9833954699156,East,Historical
2022-01-31,6,3918.8565845156018,East,Historical
2022-02-01,6,4217.521480012656,East,Historical
2022-02-02,6,3533.6714864919722,East,Historical
2022-02-03,6,4164.8508128353105,East,Historical
2022-02-04,6,3862.2680403971412,East,Historical
2022-02-05,6,3557.8848720370293,East,Historical
2022-02-06,6,3864.070450512975,East,Historical
2022-02-07,6,4158.535409926302,East,Historical
2022-02-08,6,4221.783471191303,East,Historical
2022-02-09,6,4594.40107468084,East,Historical
2022-02-10,6,3603.1826310566503,East,Historical
2022-02-11,6,3767.108356605232,East,Historical
2022-02-12,6,3530.9579487017254,East,Historical
2022-02-13,6,4327.614686933727,East,Historical
2022-02-14,6,4043.546650770219,East,Historical
2022-02-15,6,3985.56072295729,East,Historical
2022-02-16,6,3925.5232119628818,East,Historical
2022-02-17,6,4176.4676352535125,East,Historical
2022-02-18,6,3963.656178300067,East,Historical
2022-02-19,6,4594.227380466285,East,Historical
2022-02-20,6,4653.955257607527,East,Historical
2022-02-21,6,4093.510770989305,East,Historical
2022-02-22,6,4202.382952490318,East,Historical
2022-02-23,6,4312.045756733402,East,Historical
2022-02-24,6,3863.4171590064116,East,Historical
2022-02-25,6,4470.145271786612,East,Historical
2022-02-26,6,4216.166431754219,East,Historical
2022-02-27,6,3739.5181681071895,East,Historical
2022-02-28,6,3973.057460482556,East,Historical
2022-03-01,6,4059.7612821149564,East,Historical
2022-03-02,6,4348.161904709353,East,Historical
2022-03-03,6,4258.535468235925,East,Historical
2022-03-04,6,3521.0255153277126,East,Historical
2022-03-05,6,4265.972407263883,East,Historical
2022-03-06,6,3904.8144830581277,East,Historical
2022-03-07,6,3823.2699294857516,East,Historical
2022-03-08,6,4209.641347776391,East,Historical
2022-03-09,6,5105.661298508715,East,Historical
2022-03-10,6,4579.2721267803645,East,Historical
2022-03-11,6,4685.645221879057,East,Historical
2022-03-12,6,3827.946965864349,East,Historical
2022-03-13,6,4028.524161972147,East,Historical
2022-03-14,6,3907.9103838281326,East,Historical
2022-03-15,6,3984.1815787324376,East,Historical
2022-03-16,6,4425.206951229744,East,Historical
2022-03-17,6,4211.44450702618,East,Historical
2022-03-18,6,4398.2141117565225,East,Historical
2022-03-19,6,4429.775071458381,East,Historical
2022-03-20,6,3970.6968337053813,East,Historical
2022-03-21,6,3927.653673646033,East,Historical
2022-03-22,6,4355.442523400024,East,Historical
2022-03-23,6,4243.035749879246,East,Historical
2022-03-24,6,4212.501244334759,East,Historical
2022-03-25,6,4278.210723349485,East,Historical
2022-03-26,6,4810.182916765184,East,Historical
2022-03-27,6,4047.987750572909,East,Historical
2022-03-28,6,4032.772814169429,East,Historical
2022-03-29,6,4686.110523749792,East,Historical
2022-03-30,6,4629.062364450181,East,Historical
2022-03-31,6,4314.321447263208,East,Historical
2022-04-01,6,4871.245621605406,East,Historical
2022-04-02,6,4332.11959434212,East,Historical
2022-04-03,6,3727.960038513632,East,Historical
2022-04-04,6,4370.384078747983,East,Historical
2022-04-05,6,4448.552026566972,East,Historical
2022-04-06,6,3986.0471864276406,East,Historical
2022-04-07,6,4049.763482604411,East,Historical
2022-04-08,6,4435.873441586032,East,Historical
2022-04-09,6,3534.240170690453,East,Historical
2022-04-10,6,4731.128501155762,East,Historical
2022-04-11,6,4293.395343525295,East,Historical
2022-04-12,6,4478.353693012752,East,Historical
2022-04-13,6,4449.619463621687,East,Historical
2022-04-14,6,4121.377943285162,East,Historical
2022-04-15,6,4207.910929514029,East,Historical
2022-04-16,6,4144.166101785444,East,Historical
2022-04-17,6,3843.5384033905066,East,Historical
2022-04-18,6,4459.841990128853,East,Historical
2022-04-19,6,4157.563527084333,East,Historical
2022-04-20,6,4422.6866246107365,East,Historical
2022-04-21,6,3880.961453622522,East,Historical
2022-04-22,6,3990.2262645020514,East,Historical
2022-04-23,6,3729.229564334459,East,Historical
2022-04-24,6,4358.816788106637,East,Historical
2022-04-25,6,4318.354460931887,East,Historical
2022-04-26,6,4088.5794327783924,East,Historical
2022-04-27,6,4160.233445249986,East,Historical
2022-04-28,6,4580.300601594455,East,Historical
2022-04-29,6,4108.267976940274,East,Historical
2022-04-30,6,4037.6826657982865,East,Historical
2022-05-01,6,3795.0451430789394,East,Historical
2022-05-02,6,4404.993117835188,East,Historical
2022-05-03,6,4021.075515597283,East,Historical
2022-05-04,6,4132.092164790199,East,Historical
2022-05-05,6,4287.741867525946,East,Historical
2022-05-06,6,4104.727230577262,East,Historical
2022-05-07,6,3906.8623919310953,East,Historical
2022-05-08,6,3924.8423809123797,East,Historical
2022-05-09,6,4186.980781288851,East,Historical
2022-05-10,6,3967.374120083712,East,Historical
2022-05-11,6,3945.8216367864834,East,Historical
2022-05-12,6,3935.5887006768153,East,Historical
2022-05-13,6,4382.262898947689,East,Historical
2022-05-14,6,3582.6568760501887,East,Historical
2022-05-15,6,3679.702253507412,East,Historical
2022-05-16,6,3940.7999559521177,East,Historical
2022-05-17,6,3992.84834516779,East,Historical
2022-05-18,6,4406.897132276015,East,Historical
2022-05-19,6,4079.1714523533724,East,Historical
2022-05-20,6,3961.504960692379,East,Historical
2022-05-21,6,3307.3043307813164,East,Historical
2022-05-22,6,3559.862842721078,East,Historical
2022-05-23,6,3591.6889617113934,East,Historical
2022-05-24,6,4330.750344181876,East,Historical
2022-05-25,6,3887.294747353061,East,Historical
2022-05-26,6,4045.6028462273016,East,Historical
2022-05-27,6,4458.697431823473,East,Historical
2022-05-28,6,4091.676425108598,East,Historical
2022-05-29,6,3781.7216878731906,East,Historical
2022-05-30,6,3803.144942940583,East,Historical
2022-05-31,6,3775.2057201467715,East,Historical
2022-06-01,6,3850.2891268621297,East,Historical
2022-06-02,6,3819.432737311098,East,Historical
2022-06-03,6,3742.551451921373,East,Historical
2022-06-04,6,3366.881515609558,East,Historical
2022-06-05,6,3272.5181589758663,East,Historical
2022-06-06,6,3674.539114168833,East,Historical
2022-06-07,6,3891.3863003032225,East,Historical
2022-06-08,6,3821.7008120210085,East,Historical
2022-06-09,6,3964.3276135334186,East,Historical
2022-06-10,6,3534.311108875742,East,Historical
2022-06-11,6,3925.941446493574,East,Historical
2022-06-12,6,3262.734266055638,East,Historical
2022-06-13,6,3629.0819509164826,East,Historical
2022-06-14,6,3961.674328750855,East,Historical
2022-06-15,6,3868.8646144454574,East,Historical
2022-06-16,6,3755.63375516787,East,Historical
2022-06-17,6,3654.5063747922236,East,Historical
2022-06-18,6,3441.197649536868,East,Historical
2022-06-19,6,3689.8706481691966,East,Historical
2022-06-20,6,3982.8892985745933,East,Historical
2022-06-21,6,3687.0420143193405,East,Historical
2022-06-22,6,3789.501603296863,East,Historical
2022-06-23,6,3859.046171539532,East,Historical
2022-06-24,6,3515.2981280210215,East,Historical
2022-06-25,6,3942.3646858466777,East,Historical
2022-06-26,6,3631.3112260994617,East,Historical
2022-06-27,6,3550.6137009285467,East,Historical
2022-06-28,6,4010.359274267056,East,Historical
2022-06-29,6,4164.446963130654,East,Historical
2022-06-30,6,3966.729645703765,East,Historical
2022-07-01,6,3283.8773864058194,East,Historical
2022-07-02,6,3047.7772805863333,East,Historical
2022-07-03,6,4117.767240297606,East,Historical
2022-07-04,6,3553.934523253897,East,Historical
2022-07-05,6,3618.9101882072778,East,Historical
2022-07-06,6,3926.488294944133,East,Historical
2022-07-07,6,3521.1546011115065,East,Historical
2022-07-08,6,3289.9785089044376,East,Historical
2022-07-09,6,3318.7359275838025,East,Historical
2022-07-10,6,3263.3879451550893,East,Historical
2022-07-11,6,3334.905337233168,East,Historical
2022-07-12,6,3705.1386788336595,East,Historical
2022-07-13,6,3494.029154281617,East,Historical
2022-07-14,6,3233.9887586077343,East,Historical
2022-07-15,6,3472.7873875193,East,Historical
2022-07-16,6,3034.387307733529,East,Historical
2022-07-17,6,3100.2603755915457,East,Historical
2022-07-18,6,3381.793718221417,East,Historical
2022-07-19,6,3697.1267292781154,East,Historical
2022-07-20,6,3565.45375578077,East,Historical
2022-07-21,6,3591.7238626292674,East,Historical
2022-07-22,6,3683.8973924429215,East,Historical
2022-07-23,6,3072.7392765300165,East,Historical
2022-07-24,6,3214.545169842471,East,Historical
2022-07-25,6,3336.4254319095357,East,Historical
2022-07-26,6,3115.506905953013,East,Historical
2022-07-27,6,3144.4537884535425,East,Historical
2022-07-28,6,3207.1830018119795,East,Historical
2022-07-29,6,2769.095347859027,East,Historical
2022-07-30,6,2992.546392889261,East,Historical
2022-07-31,6,2869.5946817346085,East,Historical
2022-08-01,6,3050.036655434993,East,Historical
2022-08-02,6,3664.011181092008,East,Historical
2022-08-03,6,3093.3357679427672,East,Historical
2022-08-04,6,3033.764780804376,East,Historical
2022-08-05,6,2963.713427552903,East,Historical
2022-08-06,6,2797.601177451532,East,Historical
2022-08-07,6,2856.7383034110785,East,Historical
2022-08-08,6,3000.4913169397537,East,Historical
2022-08-09,6,2873.4049570395823,East,Historical
2022-08-10,6,3116.185240481871,East,Historical
2022-08-11,6,3004.6949349677134,East,Historical
2022-08-12,6,2815.695157479206,East,Historical
2022-08-13,6,2756.537861956673,East,Historical
2022-08-14,6,2476.530978762963,East,Historical
2022-08-15,6,2769.8447601084513,East,Historical
2022-08-16,6,3282.8471879266804,East,Historical
2022-08-17,6,2991.1325604890335,East,Historical
2022-08-18,6,2754.6338666755005,East,Historical
2022-08-19,6,2660.3943826562554,East,Historical
2022-08-20,6,2633.948957635243,East,Historical
2022-08-21,6,2832.586349992974,East,Historical
2022-08-22,6,2911.20159294655,East,Historical
2022-08-23,6,3335.5597572401025,East,Historical
2022-08-24,6,2496.1650185016742,East,Historical
2022-08-25,6,2704.7480974501364,East,Historical
2022-08-26,6,2409.3231155865365,East,Historical
2022-08-27,6,2527.5073143813997,East,Historical
2022-08-28,6,2395.232626950004,East,Historical
2022-08-29,6,2756.8653929458987,East,Historical
2022-08-30,6,2758.298127214813,East,Historical
2022-08-31,6,3190.7500062610443,East,Historical
2022-09-01,6,2621.9184504608743,East,Historical
2022-09-02,6,2496.3284062874995,East,Historical
2022-09-03,6,2349.404792024993,East,Historical
2022-09-04,6,2622.3574483882644,East,Historical
2022-09-05,6,2671.8462502784932,East,Historical
2022-09-06,6,2557.8857440287707,East,Historical
2022-09-07,6,3151.9375805867326,East,Historical
2022-09-08,6,2909.1685288360695,East,Historical
2022-09-09,6,2613.9485006632867,East,Historical
2022-09-10,6,2915.3446704732864,East,Historical
2022-09-11,6,2466.347996212477,East,Historical
2022-09-12,6,2460.9348387946193,East,Historical
2022-09-13,6,2602.872838933486,East,Historical
2022-09-14,6,2899.6860044710234,East,Historical
2022-09-15,6,2552.0131338271667,East,Historical
2022-09-16,6,2498.9541878123596,East,Historical
2022-09-17,6,2396.2700905433753,East,Historical
2022-09-18,6,2345.7674100494514,East,Historical
2022-09-19,6,2846.4217226528867,East,Historical
2022-09-20,6,2989.7340576850997,East,Historical
2022-09-21,6,2973.8962655272126,East,Historical
2022-09-22,6,2684.0615892069304,East,Historical
2022-09-23,6,2704.6959008659337,East,Historical
2022-09-24,6,2941.661910152392,East,Historical
2022-09-25,6,2489.2924653071354,East,Historical
2022-09-26,6,2956.328033988244,East,Historical
2022-09-27,6,2774.8642749729433,East,Historical
2022-09-28,6,2448.4575308246513,East,Historical
2022-09-29,6,2606.985857384433,East,Historical
2022-09-30,6,2680.022412612817,East,Historical
2022-10-01,6,2547.371831225102,East,Historical
2022-10-02,6,2594.943201638556,East,Historical
2022-10-03,6,2723.899665212855,East,Historical
2022-10-04,6,2757.293833801847,East,Historical
2022-10-05,6,2769.6277714569746,East,Historical
2022-10-06,6,2836.4167024515373,East,Historical
2022-10-07,6,2741.6969930672917,East,Historical
2022-10-08,6,2446.968720845488,East,Historical
2022-10-09,6,2753.338063187177,East,Historical
2022-10-10,6,2871.216374563624,East,Historical
2022-10-11,6,2786.479052886863,East,Historical
2022-10-12,6,2714.9371659829117,East,Historical
2022-10-13,6,2675.508821547876,East,Historical
2022-10-14,6,2606.721054651137,East,Historical
2022-10-15,6,2754.5251189939586,East,Historical
2022-10-16,6,2625.7491214043507,East,Historical
2022-10-17,6,2548.877132879381,East,Historical
2022-10-18,6,2736.134326761852,East,Historical
2022-10-19,6,3076.4133117799843,East,Historical
2022-10-20,6,2561.0327479439106,East,Historical
2022-10-21,6,3114.733119551874,East,Historical
2022-10-22,6,2653.1077539494822,East,Historical
2022-10-23,6,2608.9895019594323,East,Historical
2022-10-24,6,3061.4519660306078,East,Historical
2022-10-25,6,3283.9731677001905,East,Historical
2022-10-26,6,2808.6410957278017,East,Historical
2022-10-27,6,2950.9882431915457,East,Historical
2022-10-28,6,2709.4723341385115,East,Historical
2022-10-29,6,2850.6761743949387,East,Historical
2022-10-30,6,2759.9916659099335,East,Historical
2022-10-31,6,3526.0209246105364,East,Historical
2022-11-01,6,2963.434603545848,East,Historical
2022-11-02,6,3078.037004649785,East,Historical
2022-11-03,6,2881.9817643630295,East,Historical
2022-11-04,6,2673.711694192754,East,Historical
2022-11-05,6,2839.3194862927053,East,Historical
2022-11-06,6,2645.7677173721218,East,Historical
2022-11-07,6,3067.1311767360253,East,Historical
2022-11-08,6,3340.268474080731,East,Historical
2022-11-09,6,3087.8391249764145,East,Historical
2022-11-10,6,3232.1214837097773,East,Historical
2022-11-11,6,2941.758554364444,East,Historical
2022-11-12,6,3322.760510677934,East,Historical
2022-11-13,6,2900.705887701531,East,Historical
2022-11-14,6,3071.0204448585996,East,Historical
2022-11-15,6,3147.1826941688746,East,Historical
2022-11-16,6,3123.4015616052116,East,Historical
2022-11-17,6,3590.409865470555,East,Historical
2022-11-18,6,2822.2273657066567,East,Historical
2022-11-19,6,2601.8929203841776,East,Historical
2022-11-20,6,3027.8145198534744,East,Historical
2022-11-21,6,3243.033686518713,East,Historical
2022-11-22,6,3695.2716219773465,East,Historical
2022-11-23,6,4250.409141155969,East,Historical
2022-11-24,6,3836.870508537349,East,Historical
2022-11-25,6,3753.2618214200083,East,Historical
2022-11-26,6,3379.059638223368,East,Historical
2022-11-27,6,3462.0276067073582,East,Historical
2022-11-28,6,3574.606628315856,East,Historical
2022-11-29,6,3204.3644203658223,East,Historical
2022-11-30,6,3896.1336000545575,East,Historical
2022-12-01,6,3307.0468485708675,East,Historical
2022-12-02,6,3688.0448613426224,East,Historical
2022-12-03,6,3105.950009381249,East,Historical
2022-12-04,6,3136.358234571274,East,Historical
2022-12-05,6,3349.0941953282218,East,Historical
2022-12-06,6,3410.0061919119544,East,Historical
2022-12-07,6,3516.9401217526392,East,Historical
2022-12-08,6,3513.132749282384,East,Historical
2022-12-09,6,3466.7254945980085,East,Historical
2022-12-10,6,3185.4369196796138,East,Historical
2022-12-11,6,3329.4877454271164,East,Historical
2022-12-12,6,3504.413600557915,East,Historical
2022-12-13,6,3933.931974776654,East,Historical
2022-12-14,6,3564.913389494037,East,Historical
2022-12-15,6,3706.107652659924,East,Historical
2022-12-16,6,3131.858776786289,East,Historical
2022-12-17,6,3173.6634509186706,East,Historical
2022-12-18,6,3304.5016158513868,East,Historical
2022-12-19,6,3549.5462986793773,East,Historical
2022-12-20,6,3636.6398515367055,East,Historical
2022-12-21,6,3748.7803404394617,East,Historical
2022-12-22,6,3890.4744084618965,East,Historical
2022-12-23,6,3713.151345441494,East,Historical
2022-12-24,6,4220.031436336241,East,Historical
2022-12-25,6,4359.564451376535,East,Historical
2022-12-26,6,3620.8128365541,East,Historical
2022-12-27,6,4204.38549632403,East,Historical
2022-12-28,6,3988.3556044649185,East,Historical
2022-12-29,6,3876.913761719167,East,Historical
2022-12-30,6,3480.9293110088083,East,Historical
2020-01-01,7,5671.521476368528,East,Historical
2020-01-02,7,5358.88469099806,East,Historical
2020-01-03,7,5966.110351169832,East,Historical
2020-01-04,7,5576.702033238488,East,Historical
2020-01-05,7,6353.247513011431,East,Historical
2020-01-06,7,5259.856141767631,East,Historical
2020-01-07,7,5793.773749009348,East,Historical
2020-01-08,7,6136.195447329465,East,Historical
2020-01-09,7,5312.093546519446,East,Historical
2020-01-10,7,5513.956957083816,East,Historical
2020-01-11,7,5029.248395784046,East,Historical
2020-01-12,7,5388.190213670867,East,Historical
2020-01-13,7,5224.552998704468,East,Historical
2020-01-14,7,5736.494242823547,East,Historical
2020-01-15,7,5861.458857075887,East,Historical
2020-01-16,7,5129.514558830477,East,Historical
2020-01-17,7,5721.327205087271,East,Historical
2020-01-18,7,5356.647462242774,East,Historical
2020-01-19,7,5583.161837774561,East,Historical
2020-01-20,7,5979.720617260697,East,Historical
2020-01-21,7,5489.263622993728,East,Historical
2020-01-22,7,5984.093940901857,East,Historical
2020-01-23,7,5522.504223959173,East,Historical
2020-01-24,7,5466.945278980463,East,Historical
2020-01-25,7,5643.990033613133,East,Historical
2020-01-26,7,5233.794160987782,East,Historical
2020-01-27,7,6403.405877654461,East,Historical
2020-01-28,7,6140.670924207113,East,Historical
2020-01-29,7,6207.226895596013,East,Historical
2020-01-30,7,5476.287202565692,East,Historical
2020-01-31,7,5368.457608806687,East,Historical
2020-02-01,7,5416.2615683304075,East,Historical
2020-02-02,7,6199.304721335547,East,Historical
2020-02-03,7,6316.940494955597,East,Historical
2020-02-04,7,5885.101246398634,East,Historical
2020-02-05,7,5902.646357418002,East,Historical
2020-02-06,7,6202.456383735721,East,Historical
2020-02-07,7,5573.658095799097,East,Historical
2020-02-08,7,5280.726610987006,East,Historical
2020-02-09,7,5914.371326334851,East,Historical
2020-02-10,7,5851.063959221001,East,Historical
2020-02-11,7,6241.9363752936315,East,Historical
2020-02-12,7,5888.467506300966,East,Historical
2020-02-13,7,5975.421935498138,East,Historical
2020-02-14,7,5824.836926281517,East,Historical
2020-02-15,7,5841.922129658053,East,Historical
2020-02-16,7,5787.708730219397,East,Historical
2020-02-17,7,5594.286536965161,East,Historical
2020-02-18,7,6753.091841776013,East,Historical
2020-02-19,7,5341.277891674324,East,Historical
2020-02-20,7,5879.041359984725,East,Historical
2020-02-21,7,5971.835936877847,East,Historical
2020-02-22,7,5285.9474122977335,East,Historical
2020-02-23,7,5460.7926808357715,East,Historical
2020-02-24,7,5820.030723356941,East,Historical
2020-02-25,7,6111.951414123042,East,Historical
2020-02-26,7,5821.336719037472,East,Historical
2020-02-27,7,5447.358367620701,East,Historical
2020-02-28,7,5849.399171327366,East,Historical
2020-02-29,7,6040.298213399481,East,Historical
2020-03-01,7,6150.502724864995,East,Historical
2020-03-02,7,5568.655214468478,East,Historical
2020-03-03,7,6044.896873569487,East,Historical
2020-03-04,7,6547.84991471095,East,Historical
2020-03-05,7,5749.67410727185,East,Historical
2020-03-06,7,6132.92646166034,East,Historical
2020-03-07,7,6399.891208590995,East,Historical
2020-03-08,7,5931.851215668644,East,Historical
2020-03-09,7,6177.233051720098,East,Historical
2020-03-10,7,6689.69014155141,East,Historical
2020-03-11,7,5834.770920370591,East,Historical
2020-03-12,7,5511.953911304065,East,Historical
2020-03-13,7,5695.866088045008,East,Historical
2020-03-14,7,5954.307774691188,East,Historical
2020-03-15,7,6112.777421432857,East,Historical
2020-03-16,7,5879.681544041339,East,Historical
2020-03-17,7,6436.225094316511,East,Historical
2020-03-18,7,6058.11704481748,East,Historical
2020-03-19,7,5791.580544779801,East,Historical
2020-03-20,7,6135.262994977769,East,Historical
2020-03-21,7,6234.002088962964,East,Historical
2020-03-22,7,6418.327840769247,East,Historical
2020-03-23,7,6155.4861599156675,East,Historical
2020-03-24,7,6375.735849499736,East,Historical
2020-03-25,7,6083.876376418229,East,Historical
2020-03-26,7,5631.458349992021,East,Historical
2020-03-27,7,6198.108387718776,East,Historical
2020-03-28,7,5514.174298168714,East,Historical
2020-03-29,7,5579.276454811788,East,Historical
2020-03-30,7,5660.819652424133,East,Historical
2020-03-31,7,6176.155388107809,East,Historical
2020-04-01,7,6315.59150786482,East,Historical
2020-04-02,7,6412.926586129594,East,Historical
2020-04-03,7,5896.389047011243,East,Historical
2020-04-04,7,6213.027144907503,East,Historical
2020-04-05,7,5540.747089163295,East,Historical
2020-04-06,7,5869.21799490953,East,Historical
2020-04-07,7,6623.462031743671,East,Historical
2020-04-08,7,6283.609857412403,East,Historical
2020-04-09,7,5862.5749678440625,East,Historical
2020-04-10,7,6175.7767474225975,East,Historical
2020-04-11,7,5761.487609176249,East,Historical
2020-04-12,7,5700.761738043398,East,Historical
2020-04-13,7,5763.023982712757,East,Historical
2020-04-14,7,6046.98372099528,East,Historical
2020-04-15,7,5602.296537849118,East,Historical
2020-04-16,7,5714.270269815892,East,Historical
2020-04-17,7,5822.475711689777,East,Historical
2020-04-18,7,5379.440577406871,East,Historical
2020-04-19,7,5891.343278415932,East,Historical
2020-04-20,7,5304.402305586897,East,Historical
2020-04-21,7,6591.323366478366,East,Historical
2020-04-22,7,6671.833699622793,East,Historical
2020-04-23,7,6612.020586965721,East,Historical
2020-04-24,7,6053.928340614143,East,Historical
2020-04-25,7,5527.447359357889,East,Historical
2020-04-26,7,6664.36193369856,East,Historical
2020-04-27,7,6297.5809369131275,East,Historical
2020-04-28,7,6094.268788048002,East,Historical
2020-04-29,7,6123.843331364294,East,Historical
2020-04-30,7,5659.736131729663,East,Historical
2020-05-01,7,5737.673306588568,East,Historical
2020-05-02,7,5435.463890362626,East,Historical
2020-05-03,7,5891.197879419877,East,Historical
2020-05-04,7,6604.570199507707,East,Historical
2020-05-05,7,5209.726751075838,East,Historical
2020-05-06,7,6619.998123289075,East,Historical
2020-05-07,7,6570.522426703714,East,Historical
2020-05-08,7,5371.791153377018,East,Historical
2020-05-09,7,5302.783419774547,East,Historical
2020-05-10,7,5607.881211666725,East,Historical
2020-05-11,7,5908.316330747639,East,Historical
2020-05-12,7,5927.556383496376,East,Historical
2020-05-13,7,5983.615202676734,East,Historical
2020-05-14,7,5951.752181634416,East,Historical
2020-05-15,7,6032.028801538752,East,Historical
2020-05-16,7,5668.800868309778,East,Historical
2020-05-17,7,4941.766179109463,East,Historical
2020-05-18,7,6153.638009293906,East,Historical
2020-05-19,7,6431.055788914656,East,Historical
2020-05-20,7,6121.283041821358,East,Historical
2020-05-21,7,5885.586992174931,East,Historical
2020-05-22,7,6438.166516935293,East,Historical
2020-05-23,7,5972.311054938675,East,Historical
2020-05-24,7,5896.470864832446,East,Historical
2020-05-25,7,6032.5788903302655,East,Historical
2020-05-26,7,5907.814082052596,East,Historical
2020-05-27,7,5608.9725255181065,East,Historical
2020-05-28,7,5919.296995301276,East,Historical
2020-05-29,7,5599.990235812791,East,Historical
2020-05-30,7,5875.964387005949,East,Historical
2020-05-31,7,5538.608323281427,East,Historical
2020-06-01,7,5461.275272085094,East,Historical
2020-06-02,7,6007.228077224913,East,Historical
2020-06-03,7,5791.320030221373,East,Historical
2020-06-04,7,5694.359758479507,East,Historical
2020-06-05,7,5809.381423728097,East,Historical
2020-06-06,7,5599.872108032187,East,Historical
2020-06-07,7,5156.951450188738,East,Historical
2020-06-08,7,5335.794674735355,East,Historical
2020-06-09,7,6046.396323950631,East,Historical
2020-06-10,7,6147.966400143551,East,Historical
2020-06-11,7,5424.022055771914,East,Historical
2020-06-12,7,6037.187651599642,East,Historical
2020-06-13,7,5404.21758132005,East,Historical
2020-06-14,7,6020.291504618368,East,Historical
2020-06-15,7,5569.374842639912,East,Historical
2020-06-16,7,5436.828574823187,East,Historical
2020-06-17,7,5455.465500360823,East,Historical
2020-06-18,7,6153.363151583908,East,Historical
2020-06-19,7,4869.30143814463,East,Historical
2020-06-20,7,5483.233059293446,East,Historical
2020-06-21,7,5043.714152332798,East,Historical
2020-06-22,7,5753.440010892163,East,Historical
2020-06-23,7,5341.662780753265,East,Historical
2020-06-24,7,5619.87709291395,East,Historical
2020-06-25,7,6048.886274794399,East,Historical
2020-06-26,7,5374.398858680358,East,Historical
2020-06-27,7,6068.454418292665,East,Historical
2020-06-28,7,5483.725192212977,East,Historical
2020-06-29,7,5663.057011428801,East,Historical
2020-06-30,7,5770.879385280748,East,Historical
2020-07-01,7,5068.314945408797,East,Historical
2020-07-02,7,5382.3529935322695,East,Historical
2020-07-03,7,5588.873740940519,East,Historical
2020-07-04,7,5437.821991857641,East,Historical
2020-07-05,7,5128.587395252769,East,Historical
2020-07-06,7,5187.726876410558,East,Historical
2020-07-07,7,5150.4265096458885,East,Historical
2020-07-08,7,5457.964336974648,East,Historical
2020-07-09,7,5238.982662787975,East,Historical
2020-07-10,7,5016.838960891637,East,Historical
2020-07-11,7,4817.4405810945955,East,Historical
2020-07-12,7,5133.857890529525,East,Historical
2020-07-13,7,5258.519576483488,East,Historical
2020-07-14,7,5519.332966106214,East,Historical
2020-07-15,7,6195.454848005117,East,Historical
2020-07-16,7,5492.26585890431,East,Historical
2020-07-17,7,5382.080768605781,East,Historical
2020-07-18,7,4298.76616253975,East,Historical
2020-07-19,7,4579.780632075959,East,Historical
2020-07-20,7,4915.240622207177,East,Historical
2020-07-21,7,5501.950921026796,East,Historical
2020-07-22,7,4833.792215439408,East,Historical
2020-07-23,7,5412.820392856578,East,Historical
2020-07-24,7,5536.497145523211,East,Historical
2020-07-25,7,4476.655941184016,East,Historical
2020-07-26,7,4702.61051048184,East,Historical
2020-07-27,7,5230.03673544343,East,Historical
2020-07-28,7,5475.230649746892,East,Historical
2020-07-29,7,5318.520746139178,East,Historical
2020-07-30,7,5321.15429417919,East,Historical
2020-07-31,7,4664.643744446623,East,Historical
2020-08-01,7,4597.268847821427,East,Historical
2020-08-02,7,4365.376383591578,East,Historical
2020-08-03,7,4240.742236739563,East,Historical
2020-08-04,7,4824.52771609527,East,Historical
2020-08-05,7,4990.691944271476,East,Historical
2020-08-06,7,5169.14882955077,East,Historical
2020-08-07,7,4720.536965250758,East,Historical
2020-08-08,7,4499.340754307905,East,Historical
2020-08-09,7,4527.2083785057275,East,Historical
2020-08-10,7,5009.025891046314,East,Historical
2020-08-11,7,4874.592423212495,East,Historical
2020-08-12,7,4951.268334810509,East,Historical
2020-08-13,7,4786.046015032652,East,Historical
2020-08-14,7,4397.541366210338,East,Historical
2020-08-15,7,4414.58824358623,East,Historical
2020-08-16,7,4533.014206647065,East,Historical
2020-08-17,7,4437.335708238744,East,Historical
2020-08-18,7,4838.5311395193185,East,Historical
2020-08-19,7,4828.20607790225,East,Historical
2020-08-20,7,4457.438909474652,East,Historical
2020-08-21,7,4753.3062186620555,East,Historical
2020-08-22,7,4255.159454652755,East,Historical
2020-08-23,7,4338.226626951819,East,Historical
2020-08-24,7,4896.128828903624,East,Historical
2020-08-25,7,5033.19497405495,East,Historical
2020-08-26,7,5005.086648190059,East,Historical
2020-08-27,7,4955.982111722147,East,Historical
2020-08-28,7,4767.079541892696,East,Historical
2020-08-29,7,4227.614575896351,East,Historical
2020-08-30,7,4427.349452668478,East,Historical
2020-08-31,7,4693.4608586153045,East,Historical
2020-09-01,7,4592.877782316462,East,Historical
2020-09-02,7,4631.045383736808,East,Historical
2020-09-03,7,4633.40263737182,East,Historical
2020-09-04,7,4218.961673138105,East,Historical
2020-09-05,7,4276.253228067318,East,Historical
2020-09-06,7,4788.96818779804,East,Historical
2020-09-07,7,4139.047119787258,East,Historical
2020-09-08,7,4567.204428213238,East,Historical
2020-09-09,7,4593.687515924143,East,Historical
2020-09-10,7,4218.772666746517,East,Historical
2020-09-11,7,5083.369342935714,East,Historical
2020-09-12,7,4150.317597155766,East,Historical
2020-09-13,7,4166.423718549988,East,Historical
2020-09-14,7,4792.587718369026,East,Historical
2020-09-15,7,4175.5499518510815,East,Historical
2020-09-16,7,5092.61402062493,East,Historical
2020-09-17,7,4594.735703517974,East,Historical
2020-09-18,7,4052.6346957094725,East,Historical
2020-09-19,7,4979.7867142661025,East,Historical
2020-09-20,7,4343.187401820335,East,Historical
2020-09-21,7,4402.064795363578,East,Historical
2020-09-22,7,4896.774933663786,East,Historical
2020-09-23,7,4912.503670205917,East,Historical
2020-09-24,7,4921.669888671205,East,Historical
2020-09-25,7,4561.9320739226505,East,Historical
2020-09-26,7,4327.013856213503,East,Historical
2020-09-27,7,4373.346268362987,East,Historical
2020-09-28,7,4142.818307688538,East,Historical
2020-09-29,7,5080.838202084142,East,Historical
2020-09-30,7,4766.303979316485,East,Historical
2020-10-01,7,4537.751095087041,East,Historical
2020-10-02,7,4204.485551087913,East,Historical
2020-10-03,7,4181.281315039968,East,Historical
2020-10-04,7,4823.2938423810265,East,Historical
2020-10-05,7,4723.589001082027,East,Historical
2020-10-06,7,4738.573918010507,East,Historical
2020-10-07,7,4937.237337222233,East,Historical
2020-10-08,7,5119.822344756193,East,Historical
2020-10-09,7,4524.2027427701005,East,Historical
2020-10-10,7,3977.338591874478,East,Historical
2020-10-11,7,5170.391767334476,East,Historical
2020-10-12,7,4650.332044410645,East,Historical
2020-10-13,7,5247.998164767501,East,Historical
2020-10-14,7,5105.984228177171,East,Historical
2020-10-15,7,4705.092836622613,East,Historical
2020-10-16,7,4471.754792088988,East,Historical
2020-10-17,7,4777.294755164297,East,Historical
2020-10-18,7,4841.130547861421,East,Historical
2020-10-19,7,4776.261463452267,East,Historical
2020-10-20,7,4934.250181446567,East,Historical
2020-10-21,7,4923.55459815073,East,Historical
2020-10-22,7,4520.957985518549,East,Historical
2020-10-23,7,4904.747056467225,East,Historical
2020-10-24,7,4680.667368116195,East,Historical
2020-10-25,7,4660.2352114621235,East,Historical
2020-10-26,7,4565.148374357184,East,Historical
2020-10-27,7,4525.68999886287,East,Historical
2020-10-28,7,4887.773584017292,East,Historical
2020-10-29,7,5081.4980769625645,East,Historical
2020-10-30,7,4424.628850625672,East,Historical
2020-10-31,7,5064.563450530885,East,Historical
2020-11-01,7,4391.840811631149,East,Historical
2020-11-02,7,4228.512645591465,East,Historical
2020-11-03,7,5289.6120976094735,East,Historical
2020-11-04,7,4928.826709192418,East,Historical
2020-11-05,7,4996.618912280965,East,Historical
2020-11-06,7,4736.229497894986,East,Historical
2020-11-07,7,4506.670505514341,East,Historical
2020-11-08,7,4440.523975946626,East,Historical
2020-11-09,7,4610.444398127809,East,Historical
2020-11-10,7,4935.437925055965,East,Historical
2020-11-11,7,4673.390418793021,East,Historical
2020-11-12,7,5300.933169799745,East,Historical
2020-11-13,7,5297.503195726026,East,Historical
2020-11-14,7,4760.329885483789,East,Historical
2020-11-15,7,4839.905473722009,East,Historical
2020-11-16,7,5319.1231040971925,East,Historical
2020-11-17,7,4947.162635382388,East,Historical
2020-11-18,7,5354.256806015725,East,Historical
2020-11-19,7,5089.449763345211,East,Historical
2020-11-20,7,4736.370473290738,East,Historical
2020-11-21,7,4879.011993115178,East,Historical
2020-11-22,7,5231.886612590427,East,Historical
2020-11-23,7,5958.120829144914,East,Historical
2020-11-24,7,5780.784468551697,East,Historical
2020-11-25,7,6262.762495377223,East,Historical
2020-11-26,7,5270.733740857206,East,Historical
2020-11-27,7,5040.876260253012,East,Historical
2020-11-28,7,5420.026259228208,East,Historical
2020-11-29,7,5392.7001896449,East,Historical
2020-11-30,7,5053.718607502319,East,Historical
2020-12-01,7,5534.415389220582,East,Historical
2020-12-02,7,5848.339405157042,East,Historical
2020-12-03,7,5355.341619116173,East,Historical
2020-12-04,7,5480.191032184512,East,Historical
2020-12-05,7,4867.959730406913,East,Historical
2020-12-06,7,4617.92581462441,East,Historical
2020-12-07,7,4944.072374396466,East,Historical
2020-12-08,7,5216.605630187885,East,Historical
2020-12-09,7,5502.444262165343,East,Historical
2020-12-10,7,5928.966138040944,East,Historical
2020-12-11,7,5156.5126275305975,East,Historical
2020-12-12,7,4620.0403405275965,East,Historical
2020-12-13,7,5302.721405570026,East,Historical
2020-12-14,7,5600.193787395154,East,Historical
2020-12-15,7,5601.970420004148,East,Historical
2020-12-16,7,5181.236380589735,East,Historical
2020-12-17,7,5546.079246942438,East,Historical
2020-12-18,7,5074.833568345651,East,Historical
2020-12-19,7,5095.994851387992,East,Historical
2020-12-20,7,5337.990313245414,East,Historical
2020-12-21,7,5436.163789825427,East,Historical
2020-12-22,7,5499.932986188957,East,Historical
2020-12-23,7,5368.1189420856035,East,Historical
2020-12-24,7,6457.601151258941,East,Historical
2020-12-25,7,6005.792105194506,East,Historical
2020-12-26,7,5615.798342681544,East,Historical
2020-12-27,7,4965.548686379732,East,Historical
2020-12-28,7,5614.210278513305,East,Historical
2020-12-29,7,5001.846421765897,East,Historical
2020-12-30,7,5527.8794289583675,East,Historical
2020-12-31,7,6924.390129984311,East,Historical
2021-01-01,7,5771.806401323318,East,Historical
2021-01-02,7,5093.974533116042,East,Historical
2021-01-03,7,5487.854687444171,East,Historical
2021-01-04,7,5734.174355070419,East,Historical
2021-01-05,7,5704.610601040995,East,Historical
2021-01-06,7,6201.120865701209,East,Historical
2021-01-07,7,5670.9123460414485,East,Historical
2021-01-08,7,5612.642093380247,East,Historical
2021-01-09,7,4897.981942687566,East,Historical
2021-01-10,7,5548.269478942271,East,Historical
2021-01-11,7,6028.419459308401,East,Historical
2021-01-12,7,5838.87889870469,East,Historical
2021-01-13,7,6240.459116694284,East,Historical
2021-01-14,7,5940.091645282422,East,Historical
2021-01-15,7,5997.09850639646,East,Historical
2021-01-16,7,5093.897294251786,East,Historical
2021-01-17,7,5747.017681977688,East,Historical
2021-01-18,7,5829.945504854521,East,Historical
2021-01-19,7,5882.480070793896,East,Historical
2021-01-20,7,6328.828623106201,East,Historical
2021-01-21,7,5290.94632712885,East,Historical
2021-01-22,7,5495.22309924153,East,Historical
2021-01-23,7,6137.524691453996,East,Historical
2021-01-24,7,5637.781888234799,East,Historical
2021-01-25,7,5324.422095625719,East,Historical
2021-01-26,7,6709.056376680293,East,Historical
2021-01-27,7,6244.918196280941,East,Historical
2021-01-28,7,5731.641097342467,East,Historical
2021-01-29,7,5557.973069315098,East,Historical
2021-01-30,7,5875.533223793598,East,Historical
2021-01-31,7,6241.474049887817,East,Historical
2021-02-01,7,5898.702590922484,East,Historical
2021-02-02,7,6498.424665912494,East,Historical
2021-02-03,7,6496.870031693239,East,Historical
2021-02-04,7,5899.138301696977,East,Historical
2021-02-05,7,6028.140891075909,East,Historical
2021-02-06,7,5596.457363643697,East,Historical
2021-02-07,7,6068.436134716457,East,Historical
2021-02-08,7,5466.554574147623,East,Historical
2021-02-09,7,6950.627318192518,East,Historical
2021-02-10,7,6247.96861053034,East,Historical
2021-02-11,7,6250.757732107729,East,Historical
2021-02-12,7,5309.362388225883,East,Historical
2021-02-13,7,6077.562508410502,East,Historical
2021-02-14,7,6581.636642202504,East,Historical
2021-02-15,7,5942.532109779698,East,Historical
2021-02-16,7,6235.779573855641,East,Historical
2021-02-17,7,6314.856880420791,East,Historical
2021-02-18,7,6787.780500935733,East,Historical
2021-02-19,7,5800.742044734185,East,Historical
2021-02-20,7,5623.530403613918,East,Historical
2021-02-21,7,6465.666866903897,East,Historical
2021-02-22,7,6350.261989951539,East,Historical
2021-02-23,7,6679.907312575689,East,Historical
2021-02-24,7,6471.962390011125,East,Historical
2021-02-25,7,5777.326915364157,East,Historical
2021-02-26,7,5706.59345492766,East,Historical
2021-02-27,7,5860.449638534514,East,Historical
2021-02-28,7,5172.183808442915,East,Historical
2021-03-01,7,5730.8243782148165,East,Historical
2021-03-02,7,6647.869797705656,East,Historical
2021-03-03,7,5687.031415817851,East,Historical
2021-03-04,7,6118.592636522112,East,Historical
2021-03-05,7,5290.772615005624,East,Historical
2021-03-06,7,6332.3193595052835,East,Historical
2021-03-07,7,5652.495218279928,East,Historical
2021-03-08,7,5799.366728015982,East,Historical
2021-03-09,7,6083.991363908022,East,Historical
2021-03-10,7,6881.246906636556,East,Historical
2021-03-11,7,6442.3987082093545,East,Historical
2021-03-12,7,5982.894140705584,East,Historical
2021-03-13,7,5532.219221965945,East,Historical
2021-03-14,7,5506.998382306871,East,Historical
2021-03-15,7,6322.77650511428,East,Historical
2021-03-16,7,6629.283423275226,East,Historical
2021-03-17,7,6548.055034552874,East,Historical
2021-03-18,7,6372.974907978608,East,Historical
2021-03-19,7,5858.591954110226,East,Historical
2021-03-20,7,6082.730091319694,East,Historical
2021-03-21,7,6000.906995316074,East,Historical
2021-03-22,7,6597.561153524078,East,Historical
2021-03-23,7,6322.768528760339,East,Historical
2021-03-24,7,6259.1426608935535,East,Historical
2021-03-25,7,6090.345828461808,East,Historical
2021-03-26,7,6259.407921288659,East,Historical
2021-03-27,7,5829.04981757276,East,Historical
2021-03-28,7,6160.531535666547,East,Historical
2021-03-29,7,6464.524882876059,East,Historical
2021-03-30,7,7027.2787675202935,East,Historical
2021-03-31,7,6508.888065936167,East,Historical
2021-04-01,7,6054.52439425822,East,Historical
2021-04-02,7,6495.616964040263,East,Historical
2021-04-03,7,6315.520637978018,East,Historical
2021-04-04,7,6271.125152693427,East,Historical
2021-04-05,7,5804.958522426761,East,Historical
2021-04-06,7,6256.288947148846,East,Historical
2021-04-07,7,6386.106989438519,East,Historical
2021-04-08,7,6098.73330236861,East,Historical
2021-04-09,7,6116.433970798564,East,Historical
2021-04-10,7,6086.009830390265,East,Historical
2021-04-11,7,5652.297226137743,East,Historical
2021-04-12,7,5920.1436712628,East,Historical
2021-04-13,7,5407.18305973537,East,Historical
2021-04-14,7,7137.247666740419,East,Historical
2021-04-15,7,5802.958722437432,East,Historical
2021-04-16,7,5627.294869865982,East,Historical
2021-04-17,7,6047.698442277331,East,Historical
2021-04-18,7,5844.6274706132535,East,Historical
2021-04-19,7,6497.197717334737,East,Historical
2021-04-20,7,6424.452386183793,East,Historical
2021-04-21,7,6336.615639584814,East,Historical
2021-04-22,7,6195.851381591633,East,Historical
2021-04-23,7,6202.823556142078,East,Historical
2021-04-24,7,5960.387394834548,East,Historical
2021-04-25,7,5626.459110380594,East,Historical
2021-04-26,7,6052.485387191444,East,Historical
2021-04-27,7,6763.065527681415,East,Historical
2021-04-28,7,5828.380934447042,East,Historical
2021-04-29,7,6275.099630747905,East,Historical
2021-04-30,7,6265.938002902049,East,Historical
2021-05-01,7,5681.739411084414,East,Historical
2021-05-02,7,6270.065805337272,East,Historical
2021-05-03,7,6259.216812398364,East,Historical
2021-05-04,7,6389.365527112529,East,Historical
2021-05-05,7,6672.1106070561345,East,Historical
2021-05-06,7,5834.570630440921,East,Historical
2021-05-07,7,6168.667520113734,East,Historical
2021-05-08,7,5862.759746770564,East,Historical
2021-05-09,7,5870.6873681861725,East,Historical
2021-05-10,7,5933.180288977472,East,Historical
2021-05-11,7,6465.7058144568755,East,Historical
2021-05-12,7,6273.449276110852,East,Historical
2021-05-13,7,5922.6630008707,East,Historical
2021-05-14,7,5612.16617451335,East,Historical
2021-05-15,7,6687.328213500428,East,Historical
2021-05-16,7,6083.950321680925,East,Historical
2021-05-17,7,5865.528764528446,East,Historical
2021-05-18,7,6510.497615649856,East,Historical
2021-05-19,7,6587.493269265236,East,Historical
2021-05-20,7,6072.771085444902,East,Historical
2021-05-21,7,6111.195271104206,East,Historical
2021-05-22,7,5520.374188494021,East,Historical
2021-05-23,7,5499.403440264116,East,Historical
2021-05-24,7,5991.366917854564,East,Historical
2021-05-25,7,5594.633614094003,East,Historical
2021-05-26,7,6468.370563049167,East,Historical
2021-05-27,7,5724.120939580402,East,Historical
2021-05-28,7,5844.403071208006,East,Historical
2021-05-29,7,5593.263830036196,East,Historical
2021-05-30,7,6098.740092555554,East,Historical
2021-05-31,7,6225.738667359594,East,Historical
2021-06-01,7,6169.01582097523,East,Historical
2021-06-02,7,5330.672930131952,East,Historical
2021-06-03,7,5767.179179975889,East,Historical
2021-06-04,7,5683.864309254916,East,Historical
2021-06-05,7,6130.866212125013,East,Historical
2021-06-06,7,5604.069107166945,East,Historical
2021-06-07,7,5943.98438754444,East,Historical
2021-06-08,7,5925.670910650395,East,Historical
2021-06-09,7,5691.747745153279,East,Historical
2021-06-10,7,5635.229160472895,East,Historical
2021-06-11,7,5740.454395566726,East,Historical
2021-06-12,7,5629.262918540443,East,Historical
2021-06-13,7,5477.45144478461,East,Historical
2021-06-14,7,6119.285575588315,East,Historical
2021-06-15,7,6300.533871510635,East,Historical
2021-06-16,7,6155.1720336117305,East,Historical
2021-06-17,7,5677.048169849316,East,Historical
2021-06-18,7,6052.4764672987785,East,Historical
2021-06-19,7,5503.279768121346,East,Historical
2021-06-20,7,5404.071048254275,East,Historical
2021-06-21,7,5894.8648870781935,East,Historical
2021-06-22,7,5737.35233052906,East,Historical
2021-06-23,7,6576.651565016986,East,Historical
2021-06-24,7,5713.310351948499,East,Historical
2021-06-25,7,6105.577128756484,East,Historical
2021-06-26,7,5370.487553425957,East,Historical
2021-06-27,7,5680.183271951308,East,Historical
2021-06-28,7,5625.070095691043,East,Historical
2021-06-29,7,6307.708439126684,East,Historical
2021-06-30,7,5347.174201194867,East,Historical
2021-07-01,7,5752.712363119154,East,Historical
2021-07-02,7,5588.349254417555,East,Historical
2021-07-03,7,5641.345401593668,East,Historical
2021-07-04,7,6166.29701109758,East,Historical
2021-07-05,7,5748.2950570432195,East,Historical
2021-07-06,7,5312.287618882254,East,Historical
2021-07-07,7,6164.342404262225,East,Historical
2021-07-08,7,5690.184390394224,East,Historical
2021-07-09,7,5603.739776318267,East,Historical
2021-07-10,7,5510.443903993373,East,Historical
2021-07-11,7,5239.293404959739,East,Historical
2021-07-12,7,5754.50386147943,East,Historical
2021-07-13,7,5761.881881468229,East,Historical
2021-07-14,7,5820.9586346388805,East,Historical
2021-07-15,7,5678.201519165404,East,Historical
2021-07-16,7,5248.951453170775,East,Historical
2021-07-17,7,4659.476396412345,East,Historical
2021-07-18,7,5201.4788638613345,East,Historical
2021-07-19,7,6203.0687238697155,East,Historical
2021-07-20,7,5444.837094149179,East,Historical
2021-07-21,7,6279.747140915412,East,Historical
2021-07-22,7,5375.174759047307,East,Historical
2021-07-23,7,5994.769597998429,East,Historical
2021-07-24,7,5170.496763079425,East,Historical
2021-07-25,7,5176.601921593309,East,Historical
2021-07-26,7,5565.9404049119985,East,Historical
2021-07-27,7,5041.048297243842,East,Historical
2021-07-28,7,5401.8372824793805,East,Historical
2021-07-29,7,5388.4608572299485,East,Historical
2021-07-30,7,5057.293693983736,East,Historical
2021-07-31,7,5198.647255408669,East,Historical
2021-08-01,7,5643.232072180854,East,Historical
2021-08-02,7,5350.062176005402,East,Historical
2021-08-03,7,5372.092284004657,East,Historical
2021-08-04,7,5394.773729291911,East,Historical
2021-08-05,7,5253.518380579659,East,Historical
2021-08-06,7,5456.73557818417,East,Historical
2021-08-07,7,4547.486061105923,East,Historical
2021-08-08,7,4706.111734496534,East,Historical
2021-08-09,7,5679.3532774742125,East,Historical
2021-08-10,7,4955.509441526378,East,Historical
2021-08-11,7,5646.827955456886,East,Historical
2021-08-12,7,4962.424989059884,East,Historical
2021-08-13,7,4628.8314912996775,East,Historical
2021-08-14,7,4429.405791529835,East,Historical
2021-08-15,7,4978.614541106142,East,Historical
2021-08-16,7,5299.879320992297,East,Historical
2021-08-17,7,4970.315403053811,East,Historical
2021-08-18,7,5243.715607247579,East,Historical
2021-08-19,7,4923.642083671705,East,Historical
2021-08-20,7,4822.143403215537,East,Historical
2021-08-21,7,4486.903450772263,East,Historical
2021-08-22,7,4366.309906767192,East,Historical
2021-08-23,7,4631.175942690061,East,Historical
2021-08-24,7,5017.946141766452,East,Historical
2021-08-25,7,4888.980436881712,East,Historical
2021-08-26,7,5349.836755756376,East,Historical
2021-08-27,7,5235.350502504708,East,Historical
2021-08-28,7,4323.784994800435,East,Historical
2021-08-29,7,4161.70730646497,East,Historical
2021-08-30,7,4814.974503994775,East,Historical
2021-08-31,7,5059.333574024054,East,Historical
2021-09-01,7,4737.036109486563,East,Historical
2021-09-02,7,5267.469768215524,East,Historical
2021-09-03,7,4801.202794429351,East,Historical
2021-09-04,7,4223.611634151579,East,Historical
2021-09-05,7,4131.786884130161,East,Historical
2021-09-06,7,4684.357470826355,East,Historical
2021-09-07,7,5433.984808971475,East,Historical
2021-09-08,7,5389.994391507432,East,Historical
2021-09-09,7,4990.015377622759,East,Historical
2021-09-10,7,4510.406956216514,East,Historical
2021-09-11,7,4337.238506572021,East,Historical
2021-09-12,7,5079.985612944629,East,Historical
2021-09-13,7,4484.028458864387,East,Historical
2021-09-14,7,4910.60178596798,East,Historical
2021-09-15,7,5056.542838584767,East,Historical
2021-09-16,7,4991.63066693354,East,Historical
2021-09-17,7,4768.553543315373,East,Historical
2021-09-18,7,4404.8189284819855,East,Historical
2021-09-19,7,4496.942285891222,East,Historical
2021-09-20,7,4497.604625502941,East,Historical
2021-09-21,7,5204.926655836107,East,Historical
2021-09-22,7,4530.228228172824,East,Historical
2021-09-23,7,4612.749083690046,East,Historical
2021-09-24,7,4539.40625303776,East,Historical
2021-09-25,7,4530.730357535607,East,Historical
2021-09-26,7,4334.7373546628505,East,Historical
2021-09-27,7,4036.5105657833874,East,Historical
2021-09-28,7,5014.759748529021,East,Historical
2021-09-29,7,5026.38534623185,East,Historical
2021-09-30,7,4998.48188324602,East,Historical
2021-10-01,7,4186.618110069292,East,Historical
2021-10-02,7,4309.567002388201,East,Historical
2021-10-03,7,4367.448397567286,East,Historical
2021-10-04,7,4979.524180941708,East,Historical
2021-10-05,7,4958.21011778172,East,Historical
2021-10-06,7,5597.524252001375,East,Historical
2021-10-07,7,5339.385954015561,East,Historical
2021-10-08,7,4361.80469814981,East,Historical
2021-10-09,7,4471.034882323364,East,Historical
2021-10-10,7,4752.545546698569,East,Historical
2021-10-11,7,4501.656286534156,East,Historical
2021-10-12,7,4537.748166269027,East,Historical
2021-10-13,7,4993.45856030552,East,Historical
2021-10-14,7,4671.904590802322,East,Historical
2021-10-15,7,4465.231857999041,East,Historical
2021-10-16,7,4955.21752035484,East,Historical
2021-10-17,7,4937.384833859837,East,Historical
2021-10-18,7,4784.418525704702,East,Historical
2021-10-19,7,4595.968120818499,East,Historical
2021-10-20,7,4877.279178508223,East,Historical
2021-10-21,7,4738.04784512345,East,Historical
2021-10-22,7,4684.571664852417,East,Historical
2021-10-23,7,4708.1293611849715,East,Historical
2021-10-24,7,4508.94746702321,East,Historical
2021-10-25,7,5278.901737207845,East,Historical
2021-10-26,7,5086.389866864049,East,Historical
2021-10-27,7,4938.141977419208,East,Historical
2021-10-28,7,4757.956027135785,East,Historical
2021-10-29,7,5035.432017718721,East,Historical
2021-10-30,7,4779.896498388602,East,Historical
2021-10-31,7,5734.61789464791,East,Historical
2021-11-01,7,5065.5463082243505,East,Historical
2021-11-02,7,5327.501448735303,East,Historical
2021-11-03,7,5287.8492372747805,East,Historical
2021-11-04,7,5069.68584768276,East,Historical
2021-11-05,7,4905.386235204656,East,Historical
2021-11-06,7,4329.380689270018,East,Historical
2021-11-07,7,4773.225640602494,East,Historical
2021-11-08,7,5405.815204071264,East,Historical
2021-11-09,7,4866.269424687205,East,Historical
2021-11-10,7,5772.404150732396,East,Historical
2021-11-11,7,5349.126089148705,East,Historical
2021-11-12,7,5273.1454645110325,East,Historical
2021-11-13,7,4791.839638258198,East,Historical
2021-11-14,7,4674.946481985791,East,Historical
2021-11-15,7,5062.186823067527,East,Historical
2021-11-16,7,4981.982215174972,East,Historical
2021-11-17,7,5114.18946424124,East,Historical
2021-11-18,7,5060.555985699672,East,Historical
2021-11-19,7,5295.398850331108,East,Historical
2021-11-20,7,4484.233578399578,East,Historical
2021-11-21,7,5024.157220847936,East,Historical
2021-11-22,7,5750.198641118937,East,Historical
2021-11-23,7,6148.8583343779,East,Historical
2021-11-24,7,5134.91095876078,East,Historical
2021-11-25,7,5204.5437740130255,East,Historical
2021-11-26,7,5972.1021409151135,East,Historical
2021-11-27,7,5642.417807482866,East,Historical
2021-11-28,7,5595.594201440139,East,Historical
2021-11-29,7,4939.87882714658,East,Historical
2021-11-30,7,5772.311321295401,East,Historical
2021-12-01,7,5340.9342026272525,East,Historical
2021-12-02,7,5936.849207796546,East,Historical
2021-12-03,7,5529.17964655084,East,Historical
2021-12-04,7,5130.052311109216,East,Historical
2021-12-05,7,5868.496307430266,East,Historical
2021-12-06,7,5465.210518536861,East,Historical
2021-12-07,7,5316.592262095159,East,Historical
2021-12-08,7,6551.45405422295,East,Historical
2021-12-09,7,5439.082619772124,East,Historical
2021-12-10,7,5205.079630066442,East,Historical
2021-12-11,7,5213.804525524607,East,Historical
2021-12-12,7,5452.742191731426,East,Historical
2021-12-13,7,6375.707673611602,East,Historical
2021-12-14,7,5737.920102019315,East,Historical
2021-12-15,7,5345.667341884764,East,Historical
2021-12-16,7,5775.107761951104,East,Historical
2021-12-17,7,5942.034655812731,East,Historical
2021-12-18,7,5675.615724103302,East,Historical
2021-12-19,7,5803.349089767369,East,Historical
2021-12-20,7,5448.479095084761,East,Historical
2021-12-21,7,5833.615458045413,East,Historical
2021-12-22,7,5654.760463952185,East,Historical
2021-12-23,7,5918.821084898695,East,Historical
2021-12-24,7,7200.2130227058415,East,Historical
2021-12-25,7,5885.780506467208,East,Historical
2021-12-26,7,5618.21784178581,East,Historical
2021-12-27,7,6144.441443175219,East,Historical
2021-12-28,7,5385.963999961721,East,Historical
2021-12-29,7,6213.219025766815,East,Historical
2021-12-30,7,5980.074436132982,East,Historical
2021-12-31,7,7021.272367608242,East,Historical
2022-01-01,7,6080.495487146678,East,Historical
2022-01-02,7,5896.584053491692,East,Historical
2022-01-03,7,6045.076105100168,East,Historical
2022-01-04,7,6439.356916433253,East,Historical
2022-01-05,7,6234.736639009425,East,Historical
2022-01-06,7,5795.768159956701,East,Historical
2022-01-07,7,5849.672043320837,East,Historical
2022-01-08,7,6163.148125031281,East,Historical
2022-01-09,7,5513.870236519755,East,Historical
2022-01-10,7,5965.515392399158,East,Historical
2022-01-11,7,5861.68156489779,East,Historical
2022-01-12,7,6119.989544073746,East,Historical
2022-01-13,7,5800.820269040873,East,Historical
2022-01-14,7,6042.009080269443,East,Historical
2022-01-15,7,5684.5318143710465,East,Historical
2022-01-16,7,5368.713504911865,East,Historical
2022-01-17,7,6343.048914761196,East,Historical
2022-01-18,7,6781.961097987536,East,Historical
2022-01-19,7,6083.529324675309,East,Historical
2022-01-20,7,6235.901244644199,East,Historical
2022-01-21,7,6327.275663467008,East,Historical
2022-01-22,7,6045.008302774834,East,Historical
2022-01-23,7,6073.324583048404,East,Historical
2022-01-24,7,6350.010533444761,East,Historical
2022-01-25,7,6498.038273321142,East,Historical
2022-01-26,7,6373.368480523043,East,Historical
2022-01-27,7,5840.437063119734,East,Historical
2022-01-28,7,5995.833682798616,East,Historical
2022-01-29,7,6116.8954844892705,East,Historical
2022-01-30,7,7247.203184153991,East,Historical
2022-01-31,7,5681.600317658475,East,Historical
2022-02-01,7,6610.265546686364,East,Historical
2022-02-02,7,6528.543384657745,East,Historical
2022-02-03,7,5875.694336927698,East,Historical
2022-02-04,7,6256.124248976926,East,Historical
2022-02-05,7,6554.26673135066,East,Historical
2022-02-06,7,6057.211486485941,East,Historical
2022-02-07,7,6009.466586716199,East,Historical
2022-02-08,7,6387.594112550862,East,Historical
2022-02-09,7,7046.506125415375,East,Historical
2022-02-10,7,6162.990611377887,East,Historical
2022-02-11,7,6090.332477090274,East,Historical
2022-02-12,7,5956.107775792084,East,Historical
2022-02-13,7,5811.975249117683,East,Historical
2022-02-14,7,6410.600858358433,East,Historical
2022-02-15,7,5937.472545921425,East,Historical
2022-02-16,7,6140.455828889563,East,Historical
2022-02-17,7,6951.053440581107,East,Historical
2022-02-18,7,6358.884137079629,East,Historical
2022-02-19,7,5849.029080602523,East,Historical
2022-02-20,7,5878.577329651983,East,Historical
2022-02-21,7,6660.699594367631,East,Historical
2022-02-22,7,6164.57628761183,East,Historical
2022-02-23,7,6679.872949196006,East,Historical
2022-02-24,7,6009.079585398038,East,Historical
2022-02-25,7,6086.281109526318,East,Historical
2022-02-26,7,6198.347931860643,East,Historical
2022-02-27,7,6300.542812103496,East,Historical
2022-02-28,7,5826.867315920119,East,Historical
2022-03-01,7,5944.223017186763,East,Historical
2022-03-02,7,6919.345782253104,East,Historical
2022-03-03,7,5972.062520743056,East,Historical
2022-03-04,7,6801.447778035928,East,Historical
2022-03-05,7,6146.0481511196895,East,Historical
2022-03-06,7,6858.24210322886,East,Historical
2022-03-07,7,6403.761581806578,East,Historical
2022-03-08,7,6602.741050498103,East,Historical
2022-03-09,7,6470.997315988233,East,Historical
2022-03-10,7,6300.950604299395,East,Historical
2022-03-11,7,6210.39501986907,East,Historical
2022-03-12,7,5780.893851806705,East,Historical
2022-03-13,7,6341.595501872312,East,Historical
2022-03-14,7,6466.440964403388,East,Historical
2022-03-15,7,6700.290140004821,East,Historical
2022-03-16,7,6746.237080261456,East,Historical
2022-03-17,7,6398.297818607576,East,Historical
2022-03-18,7,6765.175598278364,East,Historical
2022-03-19,7,6085.041521406238,East,Historical
2022-03-20,7,6556.0345990048645,East,Historical
2022-03-21,7,5964.6670689747625,East,Historical
2022-03-22,7,6482.919800840063,East,Historical
2022-03-23,7,6730.7735108286615,East,Historical
2022-03-24,7,6174.512554880422,East,Historical
2022-03-25,7,6013.537415677422,East,Historical
2022-03-26,7,5824.875606040141,East,Historical
2022-03-27,7,5659.690071606022,East,Historical
2022-03-28,7,5999.6870984871375,East,Historical
2022-03-29,7,6182.620907433063,East,Historical
2022-03-30,7,7125.296105259095,East,Historical
2022-03-31,7,6709.5917405254595,East,Historical
2022-04-01,7,6543.976352985898,East,Historical
2022-04-02,7,5628.954890716486,East,Historical
2022-04-03,7,6508.557259271814,East,Historical
2022-04-04,7,6253.870313873575,East,Historical
2022-04-05,7,6630.571651943957,East,Historical
2022-04-06,7,6126.343179238279,East,Historical
2022-04-07,7,6591.120564379961,East,Historical
2022-04-08,7,6282.529665712265,East,Historical
2022-04-09,7,6455.912596586636,East,Historical
2022-04-10,7,6352.314222828564,East,Historical
2022-04-11,7,6390.680941205698,East,Historical
2022-04-12,7,7053.342470026998,East,Historical
2022-04-13,7,6510.0829743362365,East,Historical
2022-04-14,7,6003.026524948126,East,Historical
2022-04-15,7,6688.250553737136,East,Historical
2022-04-16,7,5919.1320431610575,East,Historical
2022-04-17,7,6680.7518399585115,East,Historical
2022-04-18,7,6374.564812827674,East,Historical
2022-04-19,7,6402.0642336776655,East,Historical
2022-04-20,7,6152.930618403768,East,Historical
2022-04-21,7,6573.2627472661325,East,Historical
2022-04-22,7,6520.701972541587,East,Historical
2022-04-23,7,5657.54188193209,East,Historical
2022-04-24,7,5687.919062561134,East,Historical
2022-04-25,7,6113.723408916015,East,Historical
2022-04-26,7,6657.3173641582425,East,Historical
2022-04-27,7,6758.593350941426,East,Historical
2022-04-28,7,6556.715516346227,East,Historical
2022-04-29,7,6031.249624442037,East,Historical
2022-04-30,7,6092.664227998675,East,Historical
2022-05-01,7,5983.375528198633,East,Historical
2022-05-02,7,6806.762179427647,East,Historical
2022-05-03,7,6195.907129407273,East,Historical
2022-05-04,7,6470.878741746626,East,Historical
2022-05-05,7,6281.210327588607,East,Historical
2022-05-06,7,5558.1890978849,East,Historical
2022-05-07,7,5924.682809368085,East,Historical
2022-05-08,7,5768.204381833685,East,Historical
2022-05-09,7,6267.157033212728,East,Historical
2022-05-10,7,6969.190980395459,East,Historical
2022-05-11,7,6157.270657289882,East,Historical
2022-05-12,7,6961.226393258222,East,Historical
2022-05-13,7,6249.776968481296,East,Historical
2022-05-14,7,6494.95611655548,East,Historical
2022-05-15,7,5636.506855899319,East,Historical
2022-05-16,7,6115.466988292296,East,Historical
2022-05-17,7,5473.409495262396,East,Historical
2022-05-18,7,6151.939335445509,East,Historical
2022-05-19,7,6078.060303486298,East,Historical
2022-05-20,7,5838.348267533982,East,Historical
2022-05-21,7,6012.167700795138,East,Historical
2022-05-22,7,5919.742762444965,East,Historical
2022-05-23,7,6068.219115351236,East,Historical
2022-05-24,7,6037.953178951803,East,Historical
2022-05-25,7,6541.761952446841,East,Historical
2022-05-26,7,6139.497013274283,East,Historical
2022-05-27,7,6340.590917393419,East,Historical
2022-05-28,7,6027.111281584797,East,Historical
2022-05-29,7,5684.805701610617,East,Historical
2022-05-30,7,5982.673070561493,East,Historical
2022-05-31,7,6158.733879427,East,Historical
2022-06-01,7,5965.960885306159,East,Historical
2022-06-02,7,6102.338946238327,East,Historical
2022-06-03,7,6093.842238651203,East,Historical
2022-06-04,7,5446.444083777654,East,Historical
2022-06-05,7,5469.746934104696,East,Historical
2022-06-06,7,5670.100808891125,East,Historical
2022-06-07,7,6142.959437076684,East,Historical
2022-06-08,7,6511.215556454568,East,Historical
2022-06-09,7,5195.8405528240055,East,Historical
2022-06-10,7,6010.196009210294,East,Historical
2022-06-11,7,5085.573057045061,East,Historical
2022-06-12,7,6063.885636216939,East,Historical
2022-06-13,7,6176.077425302767,East,Historical
2022-06-14,7,5930.387480719696,East,Historical
2022-06-15,7,5889.847079014215,East,Historical
2022-06-16,7,6511.622743421607,East,Historical
2022-06-17,7,5878.998896248676,East,Historical
2022-06-18,7,6129.783387455863,East,Historical
2022-06-19,7,5522.3857521680875,East,Historical
2022-06-20,7,5734.5792875507195,East,Historical
2022-06-21,7,6006.5607174106135,East,Historical
2022-06-22,7,6030.683666597581,East,Historical
2022-06-23,7,6017.207260042876,East,Historical
2022-06-24,7,5809.338683992404,East,Historical
2022-06-25,7,6482.5868409629875,East,Historical
2022-06-26,7,5393.519164462412,East,Historical
2022-06-27,7,6007.597145816815,East,Historical
2022-06-28,7,5922.643901819381,East,Historical
2022-06-29,7,5966.10833134186,East,Historical
2022-06-30,7,5736.449757993694,East,Historical
2022-07-01,7,5661.183793017621,East,Historical
2022-07-02,7,4993.896867773667,East,Historical
2022-07-03,7,6110.982363739804,East,Historical
2022-07-04,7,6043.355588206859,East,Historical
2022-07-05,7,5971.69637428588,East,Historical
2022-07-06,7,5633.526829812541,East,Historical
2022-07-07,7,5904.507436476128,East,Historical
2022-07-08,7,5881.682933028933,East,Historical
2022-07-09,7,5402.853198989864,East,Historical
2022-07-10,7,5737.807169995354,East,Historical
2022-07-11,7,6025.48922137976,East,Historical
2022-07-12,7,6281.765413654058,East,Historical
2022-07-13,7,6401.418373133727,East,Historical
2022-07-14,7,5671.375869497574,East,Historical
2022-07-15,7,5281.713464617118,East,Historical
2022-07-16,7,5225.174409877793,East,Historical
2022-07-17,7,5739.979223817237,East,Historical
2022-07-18,7,5789.985605292186,East,Historical
2022-07-19,7,5129.520618150685,East,Historical
2022-07-20,7,6252.0027022298855,East,Historical
2022-07-21,7,5583.330397908788,East,Historical
2022-07-22,7,5381.963710472974,East,Historical
2022-07-23,7,5779.158792884537,East,Historical
2022-07-24,7,5408.613208315356,East,Historical
2022-07-25,7,5339.320802714744,East,Historical
2022-07-26,7,5500.117549474565,East,Historical
2022-07-27,7,6094.706889191915,East,Historical
2022-07-28,7,5745.198873479084,East,Historical
2022-07-29,7,5288.450380694528,East,Historical
2022-07-30,7,5523.402284150002,East,Historical
2022-07-31,7,5107.649803736354,East,Historical
2022-08-01,7,5083.612218382645,East,Historical
2022-08-02,7,5582.032101864758,East,Historical
2022-08-03,7,4909.931713222679,East,Historical
2022-08-04,7,5340.629040092268,East,Historical
2022-08-05,7,4974.442917226909,East,Historical
2022-08-06,7,4987.441364388389,East,Historical
2022-08-07,7,5411.036453808099,East,Historical
2022-08-08,7,5021.745592753111,East,Historical
2022-08-09,7,4937.552132310483,East,Historical
2022-08-10,7,5479.058792599912,East,Historical
2022-08-11,7,5300.029417760066,East,Historical
2022-08-12,7,5435.798467429174,East,Historical
2022-08-13,7,5019.590909795646,East,Historical
2022-08-14,7,5019.839221416871,East,Historical
2022-08-15,7,5086.6374338240275,East,Historical
2022-08-16,7,4954.1043869778605,East,Historical
2022-08-17,7,5544.386761083182,East,Historical
2022-08-18,7,5326.995012211372,East,Historical
2022-08-19,7,5370.860133333747,East,Historical
2022-08-20,7,4740.04221606638,East,Historical
2022-08-21,7,5196.7735252382,East,Historical
2022-08-22,7,4775.847724322525,East,Historical
2022-08-23,7,4793.47327426549,East,Historical
2022-08-24,7,5436.5355844578335,East,Historical
2022-08-25,7,5120.278894177397,East,Historical
2022-08-26,7,4907.221190978306,East,Historical
2022-08-27,7,4580.834222561337,East,Historical
2022-08-28,7,4678.9141669506425,East,Historical
2022-08-29,7,4652.751875574153,East,Historical
2022-08-30,7,5262.363222362415,East,Historical
2022-08-31,7,5592.762031739611,East,Historical
2022-09-01,7,4851.068118153675,East,Historical
2022-09-02,7,4727.171353886253,East,Historical
2022-09-03,7,4626.891979909199,East,Historical
2022-09-04,7,4605.908589203222,East,Historical
2022-09-05,7,4831.528245691752,East,Historical
2022-09-06,7,5003.754592160186,East,Historical
2022-09-07,7,4836.7385434460975,East,Historical
2022-09-08,7,5128.293956102621,East,Historical
2022-09-09,7,5250.7507100621615,East,Historical
2022-09-10,7,4501.921735996308,East,Historical
2022-09-11,7,4700.241036740496,East,Historical
2022-09-12,7,5148.688660230275,East,Historical
2022-09-13,7,4887.271522568565,East,Historical
2022-09-14,7,5094.232596037565,East,Historical
2022-09-15,7,4794.877791443926,East,Historical
2022-09-16,7,4445.150141278434,East,Historical
2022-09-17,7,4084.323676347481,East,Historical
2022-09-18,7,4767.316550617384,East,Historical
2022-09-19,7,4948.2538403499875,East,Historical
2022-09-20,7,5421.749906299011,East,Historical
2022-09-21,7,4847.377846132612,East,Historical
2022-09-22,7,4919.108842520878,East,Historical
2022-09-23,7,4711.2959938333815,East,Historical
2022-09-24,7,4511.0934736476565,East,Historical
2022-09-25,7,4830.534631264104,East,Historical
2022-09-26,7,4709.442529359615,East,Historical
2022-09-27,7,5068.73657183809,East,Historical
2022-09-28,7,4935.3062486320205,East,Historical
2022-09-29,7,5193.310337633033,East,Historical
2022-09-30,7,4968.337654252496,East,Historical
2022-10-01,7,4842.242828598723,East,Historical
2022-10-02,7,4991.677293249769,East,Historical
2022-10-03,7,4855.7243365836885,East,Historical
2022-10-04,7,4767.436311845118,East,Historical
2022-10-05,7,5430.051295361067,East,Historical
2022-10-06,7,5583.93038546565,East,Historical
2022-10-07,7,4654.85852428099,East,Historical
2022-10-08,7,4906.287777911376,East,Historical
2022-10-09,7,4715.436511852165,East,Historical
2022-10-10,7,4456.952289415135,East,Historical
2022-10-11,7,6236.750160022088,East,Historical
2022-10-12,7,4636.064536708359,East,Historical
2022-10-13,7,4619.900886543929,East,Historical
2022-10-14,7,4407.2866379040515,East,Historical
2022-10-15,7,4771.815190432863,East,Historical
2022-10-16,7,4828.155561300786,East,Historical
2022-10-17,7,5098.683095523793,East,Historical
2022-10-18,7,5539.493474815209,East,Historical
2022-10-19,7,5326.345743776966,East,Historical
2022-10-20,7,5202.517603558877,East,Historical
2022-10-21,7,4934.258813600747,East,Historical
2022-10-22,7,4400.577989522099,East,Historical
2022-10-23,7,4840.712491614862,East,Historical
2022-10-24,7,4978.558118145222,East,Historical
2022-10-25,7,5902.177463785426,East,Historical
2022-10-26,7,4596.681606595995,East,Historical
2022-10-27,7,4800.4088306230415,East,Historical
2022-10-28,7,4761.32280161796,East,Historical
2022-10-29,7,4745.987582398722,East,Historical
2022-10-30,7,4860.885245481768,East,Historical
2022-10-31,7,4883.790833184412,East,Historical
2022-11-01,7,5126.9867972484635,East,Historical
2022-11-02,7,5613.605757527701,East,Historical
2022-11-03,7,5500.376671887368,East,Historical
2022-11-04,7,5111.606366618201,East,Historical
2022-11-05,7,5415.960023359464,East,Historical
2022-11-06,7,5005.776261646672,East,Historical
2022-11-07,7,5650.923376400704,East,Historical
2022-11-08,7,5391.165733315259,East,Historical
2022-11-09,7,5780.316941087051,East,Historical
2022-11-10,7,5227.768295371456,East,Historical
2022-11-11,7,5550.8867747229715,East,Historical
2022-11-12,7,4964.064015618258,East,Historical
2022-11-13,7,4963.990980343838,East,Historical
2022-11-14,7,5259.307262000154,East,Historical
2022-11-15,7,5192.905141269833,East,Historical
2022-11-16,7,5399.433000993045,East,Historical
2022-11-17,7,5614.240141503167,East,Historical
2022-11-18,7,5108.429949487349,East,Historical
2022-11-19,7,5450.351426844587,East,Historical
2022-11-20,7,4670.403696495264,East,Historical
2022-11-21,7,4856.030309635322,East,Historical
2022-11-22,7,6287.70686515453,East,Historical
2022-11-23,7,6772.694929399598,East,Historical
2022-11-24,7,6288.254889635823,East,Historical
2022-11-25,7,5426.187797174625,East,Historical
2022-11-26,7,5555.846837276558,East,Historical
2022-11-27,7,5435.456676607577,East,Historical
2022-11-28,7,5962.169272386251,East,Historical
2022-11-29,7,5802.392398920452,East,Historical
2022-11-30,7,5826.294922795044,East,Historical
2022-12-01,7,5461.092412069202,East,Historical
2022-12-02,7,6395.22279965229,East,Historical
2022-12-03,7,5323.355024254865,East,Historical
2022-12-04,7,4909.963160918362,East,Historical
2022-12-05,7,5733.79170996498,East,Historical
2022-12-06,7,5991.359805030452,East,Historical
2022-12-07,7,5832.885774788209,East,Historical
2022-12-08,7,5943.177165035798,East,Historical
2022-12-09,7,5209.494154447956,East,Historical
2022-12-10,7,5632.595309839032,East,Historical
2022-12-11,7,5527.417409483752,East,Historical
2022-12-12,7,5518.3606126770865,East,Historical
2022-12-13,7,5600.365511610418,East,Historical
2022-12-14,7,5598.867013965753,East,Historical
2022-12-15,7,5361.377206179242,East,Historical
2022-12-16,7,5684.418891133825,East,Historical
2022-12-17,7,5373.07904423156,East,Historical
2022-12-18,7,5018.966796903675,East,Historical
2022-12-19,7,5987.091010034948,East,Historical
2022-12-20,7,6320.59976930362,East,Historical
2022-12-21,7,6393.787225036355,East,Historical
2022-12-22,7,5988.395122508617,East,Historical
2022-12-23,7,5958.2595847547545,East,Historical
2022-12-24,7,7094.373031581587,East,Historical
2022-12-25,7,6998.837222961561,East,Historical
2022-12-26,7,6407.254234383861,East,Historical
2022-12-27,7,6014.143726614906,East,Historical
2022-12-28,7,5819.409230221057,East,Historical
2022-12-29,7,5546.554455039254,East,Historical
2022-12-30,7,6035.70804671615,East,Historical
2020-01-01,8,5004.957407735085,West,Historical
2020-01-02,8,4520.988567062619,West,Historical
2020-01-03,8,4655.334455583818,West,Historical
2020-01-04,8,4160.149620291543,West,Historical
2020-01-05,8,4530.096446308532,West,Historical
2020-01-06,8,4248.011108070076,West,Historical
2020-01-07,8,4877.405603654398,West,Historical
2020-01-08,8,4489.012146718722,West,Historical
2020-01-09,8,4295.270597602392,West,Historical
2020-01-10,8,4646.961243827137,West,Historical
2020-01-11,8,4066.9730923431525,West,Historical
2020-01-12,8,4710.316656790393,West,Historical
2020-01-13,8,5045.940582795554,West,Historical
2020-01-14,8,5260.929976427472,West,Historical
2020-01-15,8,5001.780722783202,West,Historical
2020-01-16,8,4784.487127119983,West,Historical
2020-01-17,8,4473.573782869219,West,Historical
2020-01-18,8,4252.035561967453,West,Historical
2020-01-19,8,5135.803794396816,West,Historical
2020-01-20,8,4944.560500239683,West,Historical
2020-01-21,8,4443.440355611093,West,Historical
2020-01-22,8,4966.078885673474,West,Historical
2020-01-23,8,4939.081059261095,West,Historical
2020-01-24,8,4891.603343820392,West,Historical
2020-01-25,8,3973.4635907219467,West,Historical
2020-01-26,8,4937.964820610751,West,Historical
2020-01-27,8,4892.347476818087,West,Historical
2020-01-28,8,4944.082256307582,West,Historical
2020-01-29,8,5393.617715030672,West,Historical
2020-01-30,8,5014.537838296416,West,Historical
2020-01-31,8,4492.245143222687,West,Historical
2020-02-01,8,4894.450764894403,West,Historical
2020-02-02,8,4546.590997875317,West,Historical
2020-02-03,8,5203.996607248962,West,Historical
2020-02-04,8,4909.934186581944,West,Historical
2020-02-05,8,5006.606812471005,West,Historical
2020-02-06,8,4926.428503964728,West,Historical
2020-02-07,8,4785.654759393661,West,Historical
2020-02-08,8,4998.380568341421,West,Historical
2020-02-09,8,4685.0366357119565,West,Historical
2020-02-10,8,5305.260109787623,West,Historical
2020-02-11,8,5694.754087320527,West,Historical
2020-02-12,8,4912.428468063076,West,Historical
2020-02-13,8,5576.239364129891,West,Historical
2020-02-14,8,4904.9747294650315,West,Historical
2020-02-15,8,4731.969106393797,West,Historical
2020-02-16,8,4570.4971265750355,West,Historical
2020-02-17,8,4821.113150444806,West,Historical
2020-02-18,8,5219.16038090201,West,Historical
2020-02-19,8,5122.936590956944,West,Historical
2020-02-20,8,5403.04779978741,West,Historical
2020-02-21,8,5012.399009953944,West,Historical
2020-02-22,8,4707.216559112751,West,Historical
2020-02-23,8,4972.928623273998,West,Historical
2020-02-24,8,4879.217016751636,West,Historical
2020-02-25,8,4975.196847039059,West,Historical
2020-02-26,8,4623.554218647886,West,Historical
2020-02-27,8,5025.34752742222,West,Historical
2020-02-28,8,5104.014761695685,West,Historical
2020-02-29,8,4614.185580367714,West,Historical
2020-03-01,8,4743.514813119846,West,Historical
2020-03-02,8,4525.0254050997755,West,Historical
2020-03-03,8,5141.028883730096,West,Historical
2020-03-04,8,4851.786864419361,West,Historical
2020-03-05,8,4787.714364614897,West,Historical
2020-03-06,8,4912.361324246653,West,Historical
2020-03-07,8,5140.980579096231,West,Historical
2020-03-08,8,4692.832963369506,West,Historical
2020-03-09,8,4871.030659086677,West,Historical
2020-03-10,8,5230.85262522697,West,Historical
2020-03-11,8,5618.1266512046295,West,Historical
2020-03-12,8,5120.989697183979,West,Historical
2020-03-13,8,5229.059452908596,West,Historical
2020-03-14,8,5204.174468952276,West,Historical
2020-03-15,8,4654.480609009943,West,Historical
2020-03-16,8,4908.9566021641485,West,Historical
2020-03-17,8,4961.275727742426,West,Historical
2020-03-18,8,5781.183739613396,West,Historical
2020-03-19,8,5141.609076572546,West,Historical
2020-03-20,8,4726.9988974574035,West,Historical
2020-03-21,8,5104.351506066517,West,Historical
2020-03-22,8,4964.672160522987,West,Historical
2020-03-23,8,5287.892005211968,West,Historical
2020-03-24,8,5301.5279775275085,West,Historical
2020-03-25,8,4958.952282790937,West,Historical
2020-03-26,8,5412.994707301592,West,Historical
2020-03-27,8,4503.532494543837,West,Historical
2020-03-28,8,5199.188292040921,West,Historical
2020-03-29,8,5346.397830419651,West,Historical
2020-03-30,8,5624.146573973135,West,Historical
2020-03-31,8,5587.2976097810515,West,Historical
2020-04-01,8,5183.809981448752,West,Historical
2020-04-02,8,5428.114341195142,West,Historical
2020-04-03,8,4907.426783520108,West,Historical
2020-04-04,8,4901.323853450217,West,Historical
2020-04-05,8,4726.109602755403,West,Historical
2020-04-06,8,4811.36858066862,West,Historical
2020-04-07,8,5479.385569604214,West,Historical
2020-04-08,8,5834.035284327839,West,Historical
2020-04-09,8,5002.852072491869,West,Historical
2020-04-10,8,5671.157103666934,West,Historical
2020-04-11,8,4983.645991994143,West,Historical
2020-04-12,8,4723.833595657888,West,Historical
2020-04-13,8,5172.774237439111,West,Historical
2020-04-14,8,5346.6048049368665,West,Historical
2020-04-15,8,5062.274786836586,West,Historical
2020-04-16,8,5517.41827308828,West,Historical
2020-04-17,8,5162.85375547982,West,Historical
2020-04-18,8,5355.647691305477,West,Historical
2020-04-19,8,4814.077002786002,West,Historical
2020-04-20,8,5139.879999360895,West,Historical
2020-04-21,8,5203.10497435837,West,Historical
2020-04-22,8,5406.084347433771,West,Historical
2020-04-23,8,5117.512389471239,West,Historical
2020-04-24,8,5048.905703632321,West,Historical
2020-04-25,8,5304.0775346609835,West,Historical
2020-04-26,8,4780.757606323542,West,Historical
2020-04-27,8,5352.4558285149715,West,Historical
2020-04-28,8,5270.614034333479,West,Historical
2020-04-29,8,5989.88825344184,West,Historical
2020-04-30,8,4845.19321116088,West,Historical
2020-05-01,8,5502.959930451112,West,Historical
2020-05-02,8,4531.103763459424,West,Historical
2020-05-03,8,4936.225958492752,West,Historical
2020-05-04,8,5058.061671965689,West,Historical
2020-05-05,8,5360.858558829417,West,Historical
2020-05-06,8,5423.189375790926,West,Historical
2020-05-07,8,5079.911885887699,West,Historical
2020-05-08,8,4576.269926775028,West,Historical
2020-05-09,8,5063.085353398609,West,Historical
2020-05-10,8,4736.026975577327,West,Historical
2020-05-11,8,4803.664450331112,West,Historical
2020-05-12,8,4614.671026508608,West,Historical
2020-05-13,8,4812.849756869436,West,Historical
2020-05-14,8,4205.172577841685,West,Historical
2020-05-15,8,4507.525082794575,West,Historical
2020-05-16,8,3983.0776728513915,West,Historical
2020-05-17,8,4845.901134347227,West,Historical
2020-05-18,8,4791.868264235156,West,Historical
2020-05-19,8,5384.347424107847,West,Historical
2020-05-20,8,5227.403541308364,West,Historical
2020-05-21,8,4755.291444342555,West,Historical
2020-05-22,8,4940.750990483928,West,Historical
2020-05-23,8,4709.845286862695,West,Historical
2020-05-24,8,4658.343819088848,West,Historical
2020-05-25,8,4646.80224381812,West,Historical
2020-05-26,8,5108.061015445599,West,Historical
2020-05-27,8,4691.161096019994,West,Historical
2020-05-28,8,4734.304139120615,West,Historical
2020-05-29,8,4528.065317153771,West,Historical
2020-05-30,8,4214.891577033062,West,Historical
2020-05-31,8,4716.61267331867,West,Historical
2020-06-01,8,4648.339858000902,West,Historical
2020-06-02,8,4800.0354082884905,West,Historical
2020-06-03,8,4612.981843904515,West,Historical
2020-06-04,8,4964.846071764756,West,Historical
2020-06-05,8,4739.303134302801,West,Historical
2020-06-06,8,4212.979919607893,West,Historical
2020-06-07,8,4480.221699389238,West,Historical
2020-06-08,8,4857.120698073194,West,Historical
2020-06-09,8,4789.318943936253,West,Historical
2020-06-10,8,4655.947900130787,West,Historical
2020-06-11,8,4760.7046572681165,West,Historical
2020-06-12,8,3919.44134990567,West,Historical
2020-06-13,8,5163.863938464381,West,Historical
2020-06-14,8,4245.856063436254,West,Historical
2020-06-15,8,4120.084205051188,West,Historical
2020-06-16,8,4523.294245630814,West,Historical
2020-06-17,8,5303.531384656425,West,Historical
2020-06-18,8,4936.243669829728,West,Historical
2020-06-19,8,4831.187417343718,West,Historical
2020-06-20,8,4771.839221713633,West,Historical
2020-06-21,8,4739.734042869845,West,Historical
2020-06-22,8,4609.998186638977,West,Historical
2020-06-23,8,4910.01229488616,West,Historical
2020-06-24,8,4486.63101985148,West,Historical
2020-06-25,8,4608.672065338,West,Historical
2020-06-26,8,4832.968223075567,West,Historical
2020-06-27,8,4034.271552260765,West,Historical
2020-06-28,8,4315.493719404538,West,Historical
2020-06-29,8,4075.663846201979,West,Historical
2020-06-30,8,4207.668227125699,West,Historical
2020-07-01,8,4430.30507622619,West,Historical
2020-07-02,8,4195.845223467807,West,Historical
2020-07-03,8,4131.282898923861,West,Historical
2020-07-04,8,4051.6106204782027,West,Historical
2020-07-05,8,3865.1657820629857,West,Historical
2020-07-06,8,4141.328337984441,West,Historical
2020-07-07,8,5109.117846530438,West,Historical
2020-07-08,8,4652.076296868629,West,Historical
2020-07-09,8,4656.330238645582,West,Historical
2020-07-10,8,4018.110256759803,West,Historical
2020-07-11,8,3619.525529401754,West,Historical
2020-07-12,8,4663.728131583116,West,Historical
2020-07-13,8,4316.362174990625,West,Historical
2020-07-14,8,4160.797826783258,West,Historical
2020-07-15,8,4444.295536863942,West,Historical
2020-07-16,8,4573.902886234304,West,Historical
2020-07-17,8,3825.072965387777,West,Historical
2020-07-18,8,4411.419903855458,West,Historical
2020-07-19,8,4221.261133658725,West,Historical
2020-07-20,8,4115.573505266095,West,Historical
2020-07-21,8,4232.267936009546,West,Historical
2020-07-22,8,4078.609652389147,West,Historical
2020-07-23,8,3981.31844216415,West,Historical
2020-07-24,8,4192.342953789507,West,Historical
2020-07-25,8,4047.76517475479,West,Historical
2020-07-26,8,3990.8559767737784,West,Historical
2020-07-27,8,3826.489322790665,West,Historical
2020-07-28,8,4238.860183117783,West,Historical
2020-07-29,8,3950.139374810099,West,Historical
2020-07-30,8,4447.87835833852,West,Historical
2020-07-31,8,4136.088226620029,West,Historical
2020-08-01,8,3893.159059056339,West,Historical
2020-08-02,8,3709.3256736414032,West,Historical
2020-08-03,8,3766.4908634550065,West,Historical
2020-08-04,8,4080.650175975643,West,Historical
2020-08-05,8,4294.40015025334,West,Historical
2020-08-06,8,4111.525491751578,West,Historical
2020-08-07,8,3805.101543516791,West,Historical
2020-08-08,8,3319.8953689132913,West,Historical
2020-08-09,8,3623.743657969782,West,Historical
2020-08-10,8,3813.1040572946963,West,Historical
2020-08-11,8,3780.1942090209063,West,Historical
2020-08-12,8,3794.8834700863827,West,Historical
2020-08-13,8,4304.735728202997,West,Historical
2020-08-14,8,3640.781338919045,West,Historical
2020-08-15,8,3363.1315978128423,West,Historical
2020-08-16,8,3782.301230781441,West,Historical
2020-08-17,8,3714.71971302563,West,Historical
2020-08-18,8,4018.6982620308904,West,Historical
2020-08-19,8,4222.1878582886575,West,Historical
2020-08-20,8,3845.061487973626,West,Historical
2020-08-21,8,3355.2891564758957,West,Historical
2020-08-22,8,3522.5139907687862,West,Historical
2020-08-23,8,3721.9999973002678,West,Historical
2020-08-24,8,3742.543887878502,West,Historical
2020-08-25,8,4207.493238511248,West,Historical
2020-08-26,8,4433.573121468263,West,Historical
2020-08-27,8,3995.571970358714,West,Historical
2020-08-28,8,3125.409319613408,West,Historical
2020-08-29,8,3153.275840182814,West,Historical
2020-08-30,8,3297.7607241738233,West,Historical
2020-08-31,8,3644.652872949419,West,Historical
2020-09-01,8,3747.1315739350116,West,Historical
2020-09-02,8,3769.5250970425222,West,Historical
2020-09-03,8,3983.330428326297,West,Historical
2020-09-04,8,3353.2695555278347,West,Historical
2020-09-05,8,3401.9400245951097,West,Historical
2020-09-06,8,3340.0975669939394,West,Historical
2020-09-07,8,3171.480785676672,West,Historical
2020-09-08,8,3869.756717881631,West,Historical
2020-09-09,8,3827.5935004212834,West,Historical
2020-09-10,8,3079.138295808761,West,Historical
2020-09-11,8,3369.386464937453,West,Historical
2020-09-12,8,3130.1903412144743,West,Historical
2020-09-13,8,3209.9248888570164,West,Historical
2020-09-14,8,3287.510809036296,West,Historical
2020-09-15,8,3661.6862255530355,West,Historical
2020-09-16,8,3407.639836636862,West,Historical
2020-09-17,8,3120.670622570594,West,Historical
2020-09-18,8,3558.4489658534394,West,Historical
2020-09-19,8,3982.5561380972204,West,Historical
2020-09-20,8,3364.0881295524005,West,Historical
2020-09-21,8,3500.798467497166,West,Historical
2020-09-22,8,3692.2841777579015,West,Historical
2020-09-23,8,3678.44780216457,West,Historical
2020-09-24,8,3545.1650966251905,West,Historical
2020-09-25,8,3926.0516190896033,West,Historical
2020-09-26,8,3355.129782123359,West,Historical
2020-09-27,8,3255.3180340799995,West,Historical
2020-09-28,8,3480.4156186736304,West,Historical
2020-09-29,8,4045.5835872478883,West,Historical
2020-09-30,8,4053.519972326979,West,Historical
2020-10-01,8,3879.658727930618,West,Historical
2020-10-02,8,3137.665917156441,West,Historical
2020-10-03,8,3139.9033343378396,West,Historical
2020-10-04,8,3369.828037267297,West,Historical
2020-10-05,8,3444.835605195548,West,Historical
2020-10-06,8,3585.3221580798586,West,Historical
2020-10-07,8,3747.379593457012,West,Historical
2020-10-08,8,3476.9254143524818,West,Historical
2020-10-09,8,3560.5647246220524,West,Historical
2020-10-10,8,3421.3886918126495,West,Historical
2020-10-11,8,3297.1485354148554,West,Historical
2020-10-12,8,3544.686560533752,West,Historical
2020-10-13,8,3587.863926529321,West,Historical
2020-10-14,8,4004.609032388369,West,Historical
2020-10-15,8,3683.2353073620184,West,Historical
2020-10-16,8,3319.0928867588646,West,Historical
2020-10-17,8,3462.609152662855,West,Historical
2020-10-18,8,3483.061684564154,West,Historical
2020-10-19,8,3412.004308457816,West,Historical
2020-10-20,8,4004.838243104955,West,Historical
2020-10-21,8,3901.4539398238644,West,Historical
2020-10-22,8,3635.127706574382,West,Historical
2020-10-23,8,4070.6241621490253,West,Historical
2020-10-24,8,3539.77257853426,West,Historical
2020-10-25,8,3350.790321054162,West,Historical
2020-10-26,8,3154.544269530599,West,Historical
2020-10-27,8,3933.3987566104574,West,Historical
2020-10-28,8,3578.2839372495355,West,Historical
2020-10-29,8,3760.874527708967,West,Historical
2020-10-30,8,3273.9986373686493,West,Historical
2020-10-31,8,3900.772394838838,West,Historical
2020-11-01,8,3901.8547124629054,West,Historical
2020-11-02,8,3994.278407444839,West,Historical
2020-11-03,8,3727.67813728855,West,Historical
2020-11-04,8,4843.417845533086,West,Historical
2020-11-05,8,3832.3699385168666,West,Historical
2020-11-06,8,3723.0291007891087,West,Historical
2020-11-07,8,3795.9874817582404,West,Historical
2020-11-08,8,3679.7402644721838,West,Historical
2020-11-09,8,3866.814540793806,West,Historical
2020-11-10,8,4089.2353160961798,West,Historical
2020-11-11,8,4397.8227023758855,West,Historical
2020-11-12,8,4250.008331799085,West,Historical
2020-11-13,8,4195.16909819494,West,Historical
2020-11-14,8,3670.8501485350857,West,Historical
2020-11-15,8,3673.9784835114674,West,Historical
2020-11-16,8,3653.4321956209433,West,Historical
2020-11-17,8,4054.5910378184176,West,Historical
2020-11-18,8,4675.158032570124,West,Historical
2020-11-19,8,4253.599337936933,West,Historical
2020-11-20,8,3869.300738931645,West,Historical
2020-11-21,8,4497.758707028928,West,Historical
2020-11-22,8,4082.207451021896,West,Historical
2020-11-23,8,4853.986648453151,West,Historical
2020-11-24,8,4945.984223246711,West,Historical
2020-11-25,8,5117.084193203213,West,Historical
2020-11-26,8,4502.494486631361,West,Historical
2020-11-27,8,4634.94556047918,West,Historical
2020-11-28,8,4337.375001235845,West,Historical
2020-11-29,8,3554.462394773014,West,Historical
2020-11-30,8,4149.576163202784,West,Historical
2020-12-01,8,4489.875607071549,West,Historical
2020-12-02,8,4483.778416649065,West,Historical
2020-12-03,8,4376.03951781233,West,Historical
2020-12-04,8,4248.8326159865455,West,Historical
2020-12-05,8,3850.59582196134,West,Historical
2020-12-06,8,3978.967810354248,West,Historical
2020-12-07,8,5363.79768699378,West,Historical
2020-12-08,8,4419.356436138007,West,Historical
2020-12-09,8,4624.9688927950365,West,Historical
2020-12-10,8,4735.689835190787,West,Historical
2020-12-11,8,4331.715827810776,West,Historical
2020-12-12,8,4335.248835329351,West,Historical
2020-12-13,8,3849.117564359535,West,Historical
2020-12-14,8,4749.709974792456,West,Historical
2020-12-15,8,3840.25047337044,West,Historical
2020-12-16,8,4522.434520420923,West,Historical
2020-12-17,8,4692.174393505339,West,Historical
2020-12-18,8,4534.8216572076635,West,Historical
2020-12-19,8,4523.629408935572,West,Historical
2020-12-20,8,4269.604499014794,West,Historical
2020-12-21,8,4379.980486021052,West,Historical
2020-12-22,8,4876.82733017576,West,Historical
2020-12-23,8,4820.203877581123,West,Historical
2020-12-24,8,5432.615695093021,West,Historical
2020-12-25,8,5533.965656896593,West,Historical
2020-12-26,8,4556.179819253286,West,Historical
2020-12-27,8,4739.311340801886,West,Historical
2020-12-28,8,5011.339612225495,West,Historical
2020-12-29,8,4283.9248828578575,West,Historical
2020-12-30,8,5092.309807384537,West,Historical
2020-12-31,8,5870.071156785013,West,Historical
2021-01-01,8,4249.335437894088,West,Historical
2021-01-02,8,4573.487824771921,West,Historical
2021-01-03,8,4368.170918024594,West,Historical
2021-01-04,8,4462.726707882279,West,Historical
2021-01-05,8,4869.135871961314,West,Historical
2021-01-06,8,5580.525298095754,West,Historical
2021-01-07,8,5148.037381129718,West,Historical
2021-01-08,8,5344.028551031818,West,Historical
2021-01-09,8,4180.196860597549,West,Historical
2021-01-10,8,4767.283843983486,West,Historical
2021-01-11,8,4758.287924973102,West,Historical
2021-01-12,8,5073.714117407868,West,Historical
2021-01-13,8,4894.436235429009,West,Historical
2021-01-14,8,5306.400035467609,West,Historical
2021-01-15,8,5025.472824375266,West,Historical
2021-01-16,8,4573.646939228219,West,Historical
2021-01-17,8,5255.469835273304,West,Historical
2021-01-18,8,4705.541538874707,West,Historical
2021-01-19,8,5021.751760396551,West,Historical
2021-01-20,8,4999.268033117946,West,Historical
2021-01-21,8,5027.014814208118,West,Historical
2021-01-22,8,4744.794341997515,West,Historical
2021-01-23,8,4565.278094631183,West,Historical
2021-01-24,8,5168.245569982784,West,Historical
2021-01-25,8,5381.987935818005,West,Historical
2021-01-26,8,4935.060487907644,West,Historical
2021-01-27,8,5168.9858061045,West,Historical
2021-01-28,8,5427.953982030598,West,Historical
2021-01-29,8,4909.678239404947,West,Historical
2021-01-30,8,4575.981360021396,West,Historical
2021-01-31,8,5159.508079117056,West,Historical
2021-02-01,8,5520.84235380632,West,Historical
2021-02-02,8,5171.507582781936,West,Historical
2021-02-03,8,5543.13622195771,West,Historical
2021-02-04,8,5160.884369285639,West,Historical
2021-02-05,8,5367.275836571345,West,Historical
2021-02-06,8,4844.68706187494,West,Historical
2021-02-07,8,4656.59630597213,West,Historical
2021-02-08,8,4814.0947209077285,West,Historical
2021-02-09,8,5095.818793979117,West,Historical
2021-02-10,8,5297.002979280451,West,Historical
2021-02-11,8,5181.067489141858,West,Historical
2021-02-12,8,5061.735700827331,West,Historical
2021-02-13,8,4989.991910811381,West,Historical
2021-02-14,8,5112.259207534579,West,Historical
2021-02-15,8,4760.506775256764,West,Historical
2021-02-16,8,4920.628691940899,West,Historical
2021-02-17,8,5100.2882410793,West,Historical
2021-02-18,8,4979.23075398282,West,Historical
2021-02-19,8,4725.489374721063,West,Historical
2021-02-20,8,4654.142770108696,West,Historical
2021-02-21,8,4943.374438498395,West,Historical
2021-02-22,8,5245.535313987602,West,Historical
2021-02-23,8,5425.166408594617,West,Historical
2021-02-24,8,4603.639774479018,West,Historical
2021-02-25,8,4962.898612970362,West,Historical
2021-02-26,8,5125.877669385064,West,Historical
2021-02-27,8,5073.715446828003,West,Historical
2021-02-28,8,4916.715329198009,West,Historical
2021-03-01,8,5480.491950596497,West,Historical
2021-03-02,8,5812.911407141312,West,Historical
2021-03-03,8,5361.558898779561,West,Historical
2021-03-04,8,5494.9017740908785,West,Historical
2021-03-05,8,5969.510395678983,West,Historical
2021-03-06,8,4878.781096448543,West,Historical
2021-03-07,8,5193.317980396507,West,Historical
2021-03-08,8,5379.959440376106,West,Historical
2021-03-09,8,5523.398826806343,West,Historical
2021-03-10,8,5396.882574811554,West,Historical
2021-03-11,8,4802.3770902147235,West,Historical
2021-03-12,8,5150.4370171393575,West,Historical
2021-03-13,8,5183.058090260802,West,Historical
2021-03-14,8,4943.122149326804,West,Historical
2021-03-15,8,5214.1501839282355,West,Historical
2021-03-16,8,5264.485086987891,West,Historical
2021-03-17,8,5209.465050590986,West,Historical
2021-03-18,8,5014.863389539322,West,Historical
2021-03-19,8,5214.07580008002,West,Historical
2021-03-20,8,4750.22845478829,West,Historical
2021-03-21,8,5192.882899390402,West,Historical
2021-03-22,8,5581.129103511765,West,Historical
2021-03-23,8,5298.887847733529,West,Historical
2021-03-24,8,5804.178063241948,West,Historical
2021-03-25,8,5782.180150087052,West,Historical
2021-03-26,8,5440.479587642914,West,Historical
2021-03-27,8,5116.802525570854,West,Historical
2021-03-28,8,4577.299184287533,West,Historical
2021-03-29,8,4993.018821288772,West,Historical
2021-03-30,8,5213.6304413767575,West,Historical
2021-03-31,8,5931.246107732332,West,Historical
2021-04-01,8,5462.886526134836,West,Historical
2021-04-02,8,5324.798787175666,West,Historical
2021-04-03,8,5296.65014043146,West,Historical
2021-04-04,8,5232.905846597208,West,Historical
2021-04-05,8,4851.719280012097,West,Historical
2021-04-06,8,5161.81845626757,West,Historical
2021-04-07,8,5608.133827112749,West,Historical
2021-04-08,8,5408.973106075897,West,Historical
2021-04-09,8,5653.3039689634625,West,Historical
2021-04-10,8,5699.631709620142,West,Historical
2021-04-11,8,5048.077943518331,West,Historical
2021-04-12,8,5023.11411200906,West,Historical
2021-04-13,8,5591.030007609478,West,Historical
2021-04-14,8,5283.751189727711,West,Historical
2021-04-15,8,5294.5931165563115,West,Historical
2021-04-16,8,5572.074305811,West,Historical
2021-04-17,8,5213.0269189917835,West,Historical
2021-04-18,8,5890.743841245302,West,Historical
2021-04-19,8,5277.707995394859,West,Historical
2021-04-20,8,5260.051630151827,West,Historical
2021-04-21,8,4923.88771899074,West,Historical
2021-04-22,8,5392.224085067975,West,Historical
2021-04-23,8,5601.078011279608,West,Historical
2021-04-24,8,5303.486096273924,West,Historical
2021-04-25,8,4877.2816037973025,West,Historical
2021-04-26,8,5329.841746616541,West,Historical
2021-04-27,8,5576.372542325198,West,Historical
2021-04-28,8,5402.463043436095,West,Historical
2021-04-29,8,5026.733242639441,West,Historical
2021-04-30,8,4886.539789555144,West,Historical
2021-05-01,8,4966.778091247694,West,Historical
2021-05-02,8,5508.961312150045,West,Historical
2021-05-03,8,4870.228380357336,West,Historical
2021-05-04,8,4951.411338885453,West,Historical
2021-05-05,8,5064.65112574149,West,Historical
2021-05-06,8,5218.04725666653,West,Historical
2021-05-07,8,5366.694780631313,West,Historical
2021-05-08,8,4825.8524005368145,West,Historical
2021-05-09,8,6118.606851324189,West,Historical
2021-05-10,8,5188.5089793429215,West,Historical
2021-05-11,8,5237.41662772923,West,Historical
2021-05-12,8,5605.264676404843,West,Historical
2021-05-13,8,5197.589230831515,West,Historical
2021-05-14,8,5049.1674310758335,West,Historical
2021-05-15,8,4689.375059767148,West,Historical
2021-05-16,8,4598.646654961879,West,Historical
2021-05-17,8,4884.8611008296675,West,Historical
2021-05-18,8,5313.855498509053,West,Historical
2021-05-19,8,4768.645351886662,West,Historical
2021-05-20,8,5198.651049123728,West,Historical
2021-05-21,8,5085.556574150554,West,Historical
2021-05-22,8,4950.7495150826235,West,Historical
2021-05-23,8,4468.770808499116,West,Historical
2021-05-24,8,4915.653233924573,West,Historical
2021-05-25,8,4541.623705437462,West,Historical
2021-05-26,8,5482.736499236323,West,Historical
2021-05-27,8,5582.419302351356,West,Historical
2021-05-28,8,4788.576413176683,West,Historical
2021-05-29,8,4846.103134419126,West,Historical
2021-05-30,8,5069.860838715432,West,Historical
2021-05-31,8,5007.740829090634,West,Historical
2021-06-01,8,5100.853399264476,West,Historical
2021-06-02,8,4689.248574808844,West,Historical
2021-06-03,8,5089.145236140894,West,Historical
2021-06-04,8,4421.452632011609,West,Historical
2021-06-05,8,4898.922476775409,West,Historical
2021-06-06,8,4352.805863790198,West,Historical
2021-06-07,8,4627.512100885091,West,Historical
2021-06-08,8,5175.6200928528215,West,Historical
2021-06-09,8,5198.706740291054,West,Historical
2021-06-10,8,4207.685874896678,West,Historical
2021-06-11,8,4895.2526236295635,West,Historical
2021-06-12,8,4459.872604042644,West,Historical
2021-06-13,8,4363.646226437812,West,Historical
2021-06-14,8,4578.067292037631,West,Historical
2021-06-15,8,4829.147187251823,West,Historical
2021-06-16,8,5154.945791459743,West,Historical
2021-06-17,8,4513.168832185298,West,Historical
2021-06-18,8,4655.438496388638,West,Historical
2021-06-19,8,4292.919403395159,West,Historical
2021-06-20,8,4581.938951587493,West,Historical
2021-06-21,8,4970.798476898969,West,Historical
2021-06-22,8,4979.903415256073,West,Historical
2021-06-23,8,5194.285023453052,West,Historical
2021-06-24,8,5085.312689559746,West,Historical
2021-06-25,8,4480.739585444374,West,Historical
2021-06-26,8,4707.696290526323,West,Historical
2021-06-27,8,4347.955980187673,West,Historical
2021-06-28,8,4675.177670222419,West,Historical
2021-06-29,8,5034.62531409384,West,Historical
2021-06-30,8,4823.508351864024,West,Historical
2021-07-01,8,4652.900721298664,West,Historical
2021-07-02,8,4882.280778135503,West,Historical
2021-07-03,8,4495.3712813668735,West,Historical
2021-07-04,8,4439.421190687048,West,Historical
2021-07-05,8,4327.622802832181,West,Historical
2021-07-06,8,4282.451353263383,West,Historical
2021-07-07,8,4953.08015635479,West,Historical
2021-07-08,8,4588.820116637033,West,Historical
2021-07-09,8,4130.7678899206485,West,Historical
2021-07-10,8,3968.51996002511,West,Historical
2021-07-11,8,3986.0990705926806,West,Historical
2021-07-12,8,4788.058623570056,West,Historical
2021-07-13,8,4801.350233365941,West,Historical
2021-07-14,8,4908.687062036966,West,Historical
2021-07-15,8,4740.882222191805,West,Historical
2021-07-16,8,4312.947825231879,West,Historical
2021-07-17,8,4026.5881807203477,West,Historical
2021-07-18,8,4203.502491412589,West,Historical
2021-07-19,8,4291.315982300674,West,Historical
2021-07-20,8,4415.077460752692,West,Historical
2021-07-21,8,4582.068918534087,West,Historical
2021-07-22,8,4120.945153751613,West,Historical
2021-07-23,8,4189.121003242323,West,Historical
2021-07-24,8,4013.3393440279356,West,Historical
2021-07-25,8,4459.973392457238,West,Historical
2021-07-26,8,4214.131769603091,West,Historical
2021-07-27,8,4386.604799474492,West,Historical
2021-07-28,8,4266.111092857838,West,Historical
2021-07-29,8,4515.702728390853,West,Historical
2021-07-30,8,3926.535942120522,West,Historical
2021-07-31,8,3987.542918903045,West,Historical
2021-08-01,8,3999.902008441653,West,Historical
2021-08-02,8,4413.2188284226895,West,Historical
2021-08-03,8,4027.5702160011947,West,Historical
2021-08-04,8,4077.857449445028,West,Historical
2021-08-05,8,4236.510178836097,West,Historical
2021-08-06,8,4393.54947544026,West,Historical
2021-08-07,8,4316.489863103824,West,Historical
2021-08-08,8,4157.931449309704,West,Historical
2021-08-09,8,4333.90946207578,West,Historical
2021-08-10,8,4091.7590181318146,West,Historical
2021-08-11,8,4351.2601925554345,West,Historical
2021-08-12,8,4264.524132012576,West,Historical
2021-08-13,8,3688.3954934481794,West,Historical
2021-08-14,8,3656.427005833651,West,Historical
2021-08-15,8,4183.308956833532,West,Historical
2021-08-16,8,3914.8372569929634,West,Historical
2021-08-17,8,3961.114050891702,West,Historical
2021-08-18,8,4078.4425452426517,West,Historical
2021-08-19,8,3716.6464790113578,West,Historical
2021-08-20,8,3733.5455272215304,West,Historical
2021-08-21,8,3748.8815815475396,West,Historical
2021-08-22,8,3125.1451292603406,West,Historical
2021-08-23,8,3656.7962285840003,West,Historical
2021-08-24,8,3516.5836431375637,West,Historical
2021-08-25,8,3873.372545888279,West,Historical
2021-08-26,8,3923.1865693360055,West,Historical
2021-08-27,8,3374.1476104369867,West,Historical
2021-08-28,8,3624.619210783331,West,Historical
2021-08-29,8,3592.4750341766226,West,Historical
2021-08-30,8,3189.768340488616,West,Historical
2021-08-31,8,3855.094502036602,West,Historical
2021-09-01,8,3760.6617954763706,West,Historical
2021-09-02,8,3768.8010383859014,West,Historical
2021-09-03,8,3476.648441430386,West,Historical
2021-09-04,8,3420.457296006039,West,Historical
2021-09-05,8,3652.233606130403,West,Historical
2021-09-06,8,4062.3947185417896,West,Historical
2021-09-07,8,3749.5544759309405,West,Historical
2021-09-08,8,3569.4579333577126,West,Historical
2021-09-09,8,3804.1508596705116,West,Historical
2021-09-10,8,3455.9489427473,West,Historical
2021-09-11,8,3310.8457640696693,West,Historical
2021-09-12,8,3433.280905957664,West,Historical
2021-09-13,8,3578.909268321096,West,Historical
2021-09-14,8,3885.7783524444476,West,Historical
2021-09-15,8,3924.024972080682,West,Historical
2021-09-16,8,3413.2255440523977,West,Historical
2021-09-17,8,3796.416007224959,West,Historical
2021-09-18,8,3342.849488215123,West,Historical
2021-09-19,8,3709.9975019730596,West,Historical
2021-09-20,8,3730.3528133325503,West,Historical
2021-09-21,8,3748.239815404981,West,Historical
2021-09-22,8,3769.160933883737,West,Historical
2021-09-23,8,3385.6958315327956,West,Historical
2021-09-24,8,3437.473441942921,West,Historical
2021-09-25,8,3419.3118471919324,West,Historical
2021-09-26,8,3576.6319121196334,West,Historical
2021-09-27,8,4042.6553475512546,West,Historical
2021-09-28,8,3635.504492553751,West,Historical
2021-09-29,8,3695.906354807154,West,Historical
2021-09-30,8,3928.1407367763936,West,Historical
2021-10-01,8,3679.519787315108,West,Historical
2021-10-02,8,3932.1926402662602,West,Historical
2021-10-03,8,3102.580823613517,West,Historical
2021-10-04,8,3567.6400282776076,West,Historical
2021-10-05,8,3854.4120443705265,West,Historical
2021-10-06,8,4082.97575224527,West,Historical
2021-10-07,8,3906.471488656796,West,Historical
2021-10-08,8,3701.035852516096,West,Historical
2021-10-09,8,3366.5648352342546,West,Historical
2021-10-10,8,3312.6213241158516,West,Historical
2021-10-11,8,3893.9112985038287,West,Historical
2021-10-12,8,3878.5095147178386,West,Historical
2021-10-13,8,4125.7822628128615,West,Historical
2021-10-14,8,3814.268277272776,West,Historical
2021-10-15,8,3686.816275496356,West,Historical
2021-10-16,8,3684.337848612182,West,Historical
2021-10-17,8,3610.854892735126,West,Historical
2021-10-18,8,3683.0678498188836,West,Historical
2021-10-19,8,4054.737228347919,West,Historical
2021-10-20,8,3958.6284372193436,West,Historical
2021-10-21,8,3880.478226023196,West,Historical
2021-10-22,8,4231.070482248429,West,Historical
2021-10-23,8,3868.0609279290793,West,Historical
2021-10-24,8,3765.623437046019,West,Historical
2021-10-25,8,4088.485782181474,West,Historical
2021-10-26,8,3938.480166186068,West,Historical
2021-10-27,8,4334.151748524698,West,Historical
2021-10-28,8,3678.7706489407497,West,Historical
2021-10-29,8,3764.8726643221557,West,Historical
2021-10-30,8,4069.1854424716307,West,Historical
2021-10-31,8,4456.654815908173,West,Historical
2021-11-01,8,4372.402164482395,West,Historical
2021-11-02,8,4159.692461029926,West,Historical
2021-11-03,8,4675.738690776835,West,Historical
2021-11-04,8,3808.8467928641744,West,Historical
2021-11-05,8,4116.51734682736,West,Historical
2021-11-06,8,3867.635094766717,West,Historical
2021-11-07,8,3695.547570895389,West,Historical
2021-11-08,8,3908.7500484688394,West,Historical
2021-11-09,8,4173.308795421022,West,Historical
2021-11-10,8,4580.364978673177,West,Historical
2021-11-11,8,3969.9955157484483,West,Historical
2021-11-12,8,4313.721367522282,West,Historical
2021-11-13,8,3835.9423317783844,West,Historical
2021-11-14,8,3648.998971433529,West,Historical
2021-11-15,8,4025.8656481605353,West,Historical
2021-11-16,8,4036.6908800738597,West,Historical
2021-11-17,8,4109.9077119807025,West,Historical
2021-11-18,8,3622.193916215597,West,Historical
2021-11-19,8,4243.389150280425,West,Historical
2021-11-20,8,3677.4034315363024,West,Historical
2021-11-21,8,3647.8550107719325,West,Historical
2021-11-22,8,4930.430432973158,West,Historical
2021-11-23,8,5040.5503804318205,West,Historical
2021-11-24,8,5213.93785803511,West,Historical
2021-11-25,8,5524.198059088707,West,Historical
2021-11-26,8,4318.186513648713,West,Historical
2021-11-27,8,4473.369554516504,West,Historical
2021-11-28,8,5141.791643991053,West,Historical
2021-11-29,8,4131.813619111178,West,Historical
2021-11-30,8,4178.607099310767,West,Historical
2021-12-01,8,4637.772883193255,West,Historical
2021-12-02,8,4612.040317535605,West,Historical
2021-12-03,8,4345.57528289086,West,Historical
2021-12-04,8,4011.1244330006652,West,Historical
2021-12-05,8,4399.743268544675,West,Historical
2021-12-06,8,4118.6540221105415,West,Historical
2021-12-07,8,4541.250447240908,West,Historical
2021-12-08,8,4253.459126350757,West,Historical
2021-12-09,8,4329.740780889816,West,Historical
2021-12-10,8,4370.254234016445,West,Historical
2021-12-11,8,4675.866028494184,West,Historical
2021-12-12,8,4353.424019995231,West,Historical
2021-12-13,8,4575.688336570296,West,Historical
2021-12-14,8,4464.380156805887,West,Historical
2021-12-15,8,4802.65740715915,West,Historical
2021-12-16,8,4643.378277008635,West,Historical
2021-12-17,8,4155.511354787278,West,Historical
2021-12-18,8,4371.733723781465,West,Historical
2021-12-19,8,4616.6034124209555,West,Historical
2021-12-20,8,4176.773707574941,West,Historical
2021-12-21,8,4838.033645532695,West,Historical
2021-12-22,8,5469.495790786116,West,Historical
2021-12-23,8,4756.578179234321,West,Historical
2021-12-24,8,5242.230405630632,West,Historical
2021-12-25,8,5674.51969747729,West,Historical
2021-12-26,8,4627.933832973239,West,Historical
2021-12-27,8,4960.296596837689,West,Historical
2021-12-28,8,4796.2393157973875,West,Historical
2021-12-29,8,5307.899580609086,West,Historical
2021-12-30,8,5261.310434304468,West,Historical
2021-12-31,8,5514.72112435527,West,Historical
2022-01-01,8,4819.833001007698,West,Historical
2022-01-02,8,4816.942505591904,West,Historical
2022-01-03,8,4792.768003714585,West,Historical
2022-01-04,8,5162.379346315494,West,Historical
2022-01-05,8,5107.071822967435,West,Historical
2022-01-06,8,4739.726123004884,West,Historical
2022-01-07,8,4566.290196651234,West,Historical
2022-01-08,8,4696.369773485592,West,Historical
2022-01-09,8,4549.375120823452,West,Historical
2022-01-10,8,5420.393483873225,West,Historical
2022-01-11,8,5424.117410542681,West,Historical
2022-01-12,8,5256.838299249385,West,Historical
2022-01-13,8,4994.0034180462535,West,Historical
2022-01-14,8,5320.659449180381,West,Historical
2022-01-15,8,5190.989868034023,West,Historical
2022-01-16,8,5386.199649990253,West,Historical
2022-01-17,8,5314.611811354907,West,Historical
2022-01-18,8,5111.534758627997,West,Historical
2022-01-19,8,5269.153740214237,West,Historical
2022-01-20,8,5433.024236289001,West,Historical
2022-01-21,8,5205.449730376606,West,Historical
2022-01-22,8,4645.085471831442,West,Historical
2022-01-23,8,4513.638892894304,West,Historical
2022-01-24,8,4795.072301730437,West,Historical
2022-01-25,8,5098.305025759788,West,Historical
2022-01-26,8,5679.430282045316,West,Historical
2022-01-27,8,5298.198749612034,West,Historical
2022-01-28,8,5028.531438303175,West,Historical
2022-01-29,8,4570.903487830499,West,Historical
2022-01-30,8,5259.634471394989,West,Historical
2022-01-31,8,5118.363207521741,West,Historical
2022-02-01,8,5168.649133871449,West,Historical
2022-02-02,8,5280.666741629272,West,Historical
2022-02-03,8,6074.142801234814,West,Historical
2022-02-04,8,4996.059945798615,West,Historical
2022-02-05,8,4766.269595506772,West,Historical
2022-02-06,8,5250.638162723801,West,Historical
2022-02-07,8,4966.199777720452,West,Historical
2022-02-08,8,5296.408524295667,West,Historical
2022-02-09,8,5311.1264097868425,West,Historical
2022-02-10,8,5634.154344772822,West,Historical
2022-02-11,8,4959.826216399899,West,Historical
2022-02-12,8,5227.8655906718095,West,Historical
2022-02-13,8,5142.0279091657185,West,Historical
2022-02-14,8,5462.846208720166,West,Historical
2022-02-15,8,5318.10096850209,West,Historical
2022-02-16,8,4840.827555651061,West,Historical
2022-02-17,8,5374.7730905772805,West,Historical
2022-02-18,8,4848.275578982178,West,Historical
2022-02-19,8,4877.974205683263,West,Historical
2022-02-20,8,5598.926996631381,West,Historical
2022-02-21,8,5241.8375586546135,West,Historical
2022-02-22,8,4956.630790794726,West,Historical
2022-02-23,8,5769.711528100844,West,Historical
2022-02-24,8,5354.895933839829,West,Historical
2022-02-25,8,5676.258639905389,West,Historical
2022-02-26,8,5373.006138422547,West,Historical
2022-02-27,8,4849.950442486558,West,Historical
2022-02-28,8,4776.551500044726,West,Historical
2022-03-01,8,5319.162044127746,West,Historical
2022-03-02,8,5176.643762104551,West,Historical
2022-03-03,8,4780.784934383449,West,Historical
2022-03-04,8,5543.720898199037,West,Historical
2022-03-05,8,5710.581819716324,West,Historical
2022-03-06,8,5080.253971471857,West,Historical
2022-03-07,8,5035.699773627775,West,Historical
2022-03-08,8,6005.312340560404,West,Historical
2022-03-09,8,5336.086327180692,West,Historical
2022-03-10,8,5224.8250139945585,West,Historical
2022-03-11,8,5573.695938167416,West,Historical
2022-03-12,8,4839.462862913149,West,Historical
2022-03-13,8,5089.196485398828,West,Historical
2022-03-14,8,5161.109843332513,West,Historical
2022-03-15,8,6099.218814437521,West,Historical
2022-03-16,8,5172.288246772815,West,Historical
2022-03-17,8,5250.242204985169,West,Historical
2022-03-18,8,5730.407407843077,West,Historical
2022-03-19,8,5473.518517767436,West,Historical
2022-03-20,8,5591.997254035663,West,Historical
2022-03-21,8,5555.140044424649,West,Historical
2022-03-22,8,5218.87692083251,West,Historical
2022-03-23,8,5700.278084349407,West,Historical
2022-03-24,8,5523.501632224143,West,Historical
2022-03-25,8,5790.693663270917,West,Historical
2022-03-26,8,5865.738193146041,West,Historical
2022-03-27,8,5724.3360293475525,West,Historical
2022-03-28,8,5384.145161293973,West,Historical
2022-03-29,8,5622.595152234154,West,Historical
2022-03-30,8,6016.507301371645,West,Historical
2022-03-31,8,5367.306737439464,West,Historical
2022-04-01,8,5365.8610120079775,West,Historical
2022-04-02,8,5615.768447844323,West,Historical
2022-04-03,8,5398.010026576607,West,Historical
2022-04-04,8,5229.999541686897,West,Historical
2022-04-05,8,5785.499137427599,West,Historical
2022-04-06,8,5644.063737672848,West,Historical
2022-04-07,8,5516.783952746555,West,Historical
2022-04-08,8,5583.091870583472,West,Historical
2022-04-09,8,5328.4940710702995,West,Historical
2022-04-10,8,5099.137555853685,West,Historical
2022-04-11,8,5238.813995227949,West,Historical
2022-04-12,8,5518.379888531478,West,Historical
2022-04-13,8,5831.314610744176,West,Historical
2022-04-14,8,5813.75161567549,West,Historical
2022-04-15,8,5609.464169619455,West,Historical
2022-04-16,8,5584.550112259713,West,Historical
2022-04-17,8,5425.721360692382,West,Historical
2022-04-18,8,5343.6660810834255,West,Historical
2022-04-19,8,5675.334746970657,West,Historical
2022-04-20,8,5374.328908466674,West,Historical
2022-04-21,8,5210.958825715243,West,Historical
2022-04-22,8,5590.3461585844625,West,Historical
2022-04-23,8,5488.916779220059,West,Historical
2022-04-24,8,5121.7019508076155,West,Historical
2022-04-25,8,5455.2395267383345,West,Historical
2022-04-26,8,5599.648902825565,West,Historical
2022-04-27,8,5317.6522847324995,West,Historical
2022-04-28,8,4901.300729290182,West,Historical
2022-04-29,8,5143.610649492953,West,Historical
2022-04-30,8,5073.92046206484,West,Historical
2022-05-01,8,4953.71895226708,West,Historical
2022-05-02,8,5145.05569126098,West,Historical
2022-05-03,8,5202.3545041560155,West,Historical
2022-05-04,8,5245.822228474364,West,Historical
2022-05-05,8,5518.471610714201,West,Historical
2022-05-06,8,5549.2774889747825,West,Historical
2022-05-07,8,5127.020777418083,West,Historical
2022-05-08,8,5461.4174897981065,West,Historical
2022-05-09,8,5528.631312214075,West,Historical
2022-05-10,8,5879.125306953859,West,Historical
2022-05-11,8,5589.107795261385,West,Historical
2022-05-12,8,4764.090594709893,West,Historical
2022-05-13,8,5102.325410910446,West,Historical
2022-05-14,8,5411.220737785386,West,Historical
2022-05-15,8,5061.976183696841,West,Historical
2022-05-16,8,5030.560129547394,West,Historical
2022-05-17,8,5579.77647884349,West,Historical
2022-05-18,8,5463.4605171108215,West,Historical
2022-05-19,8,5438.15288978024,West,Historical
2022-05-20,8,4641.762954842813,West,Historical
2022-05-21,8,4710.647266308795,West,Historical
2022-05-22,8,5028.529042797914,West,Historical
2022-05-23,8,5320.693575756759,West,Historical
2022-05-24,8,5278.288278168779,West,Historical
2022-05-25,8,5476.015569754594,West,Historical
2022-05-26,8,4515.550179939541,West,Historical
2022-05-27,8,4668.3744830445,West,Historical
2022-05-28,8,4833.3553406680385,West,Historical
2022-05-29,8,5407.538253728688,West,Historical
2022-05-30,8,4991.955008212018,West,Historical
2022-05-31,8,5451.224956070332,West,Historical
2022-06-01,8,4706.716544748658,West,Historical
2022-06-02,8,4792.016220353818,West,Historical
2022-06-03,8,5013.788518451261,West,Historical
2022-06-04,8,4718.756401909356,West,Historical
2022-06-05,8,4994.944036400509,West,Historical
2022-06-06,8,4709.460017008367,West,Historical
2022-06-07,8,4890.337903351695,West,Historical
2022-06-08,8,5002.488838264077,West,Historical
2022-06-09,8,5096.559298443047,West,Historical
2022-06-10,8,4793.138638505909,West,Historical
2022-06-11,8,4724.854438922551,West,Historical
2022-06-12,8,5222.592433681281,West,Historical
2022-06-13,8,4762.21100214518,West,Historical
2022-06-14,8,5112.963308526741,West,Historical
2022-06-15,8,5309.478529035307,West,Historical
2022-06-16,8,5200.857481971497,West,Historical
2022-06-17,8,5004.671222104088,West,Historical
2022-06-18,8,4650.209364072527,West,Historical
2022-06-19,8,5030.020662227013,West,Historical
2022-06-20,8,4430.190655296732,West,Historical
2022-06-21,8,4840.5073244324,West,Historical
2022-06-22,8,5143.234841032544,West,Historical
2022-06-23,8,4961.120727890568,West,Historical
2022-06-24,8,4669.2078705026615,West,Historical
2022-06-25,8,4644.4258631246375,West,Historical
2022-06-26,8,4401.456228406309,West,Historical
2022-06-27,8,4621.639409878578,West,Historical
2022-06-28,8,5538.6749020862135,West,Historical
2022-06-29,8,4947.970780733477,West,Historical
2022-06-30,8,4704.27514428697,West,Historical
2022-07-01,8,4177.501167216982,West,Historical
2022-07-02,8,4654.53697546304,West,Historical
2022-07-03,8,4517.667612991958,West,Historical
2022-07-04,8,4832.92407931243,West,Historical
2022-07-05,8,4834.704387444038,West,Historical
2022-07-06,8,4838.290972920021,West,Historical
2022-07-07,8,4692.855906665969,West,Historical
2022-07-08,8,3961.0398561495595,West,Historical
2022-07-09,8,4377.737649040414,West,Historical
2022-07-10,8,4062.594800550255,West,Historical
2022-07-11,8,4602.345574384618,West,Historical
2022-07-12,8,4402.9811415332315,West,Historical
2022-07-13,8,5012.764492967497,West,Historical
2022-07-14,8,4730.014504564137,West,Historical
2022-07-15,8,4985.255789407722,West,Historical
2022-07-16,8,4283.84685388949,West,Historical
2022-07-17,8,4167.612353323934,West,Historical
2022-07-18,8,4969.585997104161,West,Historical
2022-07-19,8,4798.456814835527,West,Historical
2022-07-20,8,4695.618157522552,West,Historical
2022-07-21,8,4313.1327698566665,West,Historical
2022-07-22,8,4017.368777208823,West,Historical
2022-07-23,8,4352.85948464889,West,Historical
2022-07-24,8,4097.443301424381,West,Historical
2022-07-25,8,4852.745935002827,West,Historical
2022-07-26,8,4836.43952031969,West,Historical
2022-07-27,8,3954.201362517661,West,Historical
2022-07-28,8,4385.709763118608,West,Historical
2022-07-29,8,4100.160981455279,West,Historical
2022-07-30,8,4210.496313539467,West,Historical
2022-07-31,8,4092.6482789371553,West,Historical
2022-08-01,8,4537.415589006048,West,Historical
2022-08-02,8,4346.2355800459945,West,Historical
2022-08-03,8,4224.407851296285,West,Historical
2022-08-04,8,4489.519213352486,West,Historical
2022-08-05,8,4151.61324486612,West,Historical
2022-08-06,8,4008.5962933443093,West,Historical
2022-08-07,8,4010.6468001110807,West,Historical
2022-08-08,8,4119.709360469003,West,Historical
2022-08-09,8,4209.783408199498,West,Historical
2022-08-10,8,4055.837801173763,West,Historical
2022-08-11,8,4418.733397861698,West,Historical
2022-08-12,8,4194.737470108572,West,Historical
2022-08-13,8,4648.220176560517,West,Historical
2022-08-14,8,3861.2904100648284,West,Historical
2022-08-15,8,4559.174245789698,West,Historical
2022-08-16,8,4062.9918242286217,West,Historical
2022-08-17,8,3959.556028800882,West,Historical
2022-08-18,8,3912.5659242251545,West,Historical
2022-08-19,8,3679.270282976321,West,Historical
2022-08-20,8,3386.0172613241875,West,Historical
2022-08-21,8,3798.931981974463,West,Historical
2022-08-22,8,3872.7066132262385,West,Historical
2022-08-23,8,3768.4217146754263,West,Historical
2022-08-24,8,4026.6374142637865,West,Historical
2022-08-25,8,4104.656452479547,West,Historical
2022-08-26,8,4294.929650747972,West,Historical
2022-08-27,8,3687.588957426719,West,Historical
2022-08-28,8,3349.5609877068837,West,Historical
2022-08-29,8,4636.512927151638,West,Historical
2022-08-30,8,4048.0503431452717,West,Historical
2022-08-31,8,3935.876096454467,West,Historical
2022-09-01,8,3662.1532648542498,West,Historical
2022-09-02,8,3892.0282735938185,West,Historical
2022-09-03,8,4416.993976772301,West,Historical
2022-09-04,8,3618.8579405462733,West,Historical
2022-09-05,8,3899.194836442725,West,Historical
2022-09-06,8,3582.0065188523968,West,Historical
2022-09-07,8,4209.025608677272,West,Historical
2022-09-08,8,3723.2040355426593,West,Historical
2022-09-09,8,3942.035582548057,West,Historical
2022-09-10,8,3638.1086594458848,West,Historical
2022-09-11,8,4325.309320406844,West,Historical
2022-09-12,8,3585.6527720672916,West,Historical
2022-09-13,8,3691.6517991941655,West,Historical
2022-09-14,8,4074.040960145233,West,Historical
2022-09-15,8,4147.390313682141,West,Historical
2022-09-16,8,3905.086986626599,West,Historical
2022-09-17,8,3762.958067553114,West,Historical
2022-09-18,8,3521.1637804439238,West,Historical
2022-09-19,8,4015.3179580405745,West,Historical
2022-09-20,8,3412.1358187454134,West,Historical
2022-09-21,8,3882.4421105777333,West,Historical
2022-09-22,8,3751.3336495908425,West,Historical
2022-09-23,8,4052.116172253709,West,Historical
2022-09-24,8,3805.723455784121,West,Historical
2022-09-25,8,3428.119857753286,West,Historical
2022-09-26,8,3805.136490207835,West,Historical
2022-09-27,8,3619.94234326227,West,Historical
2022-09-28,8,4074.908015500958,West,Historical
2022-09-29,8,4166.068332381467,West,Historical
2022-09-30,8,3376.05911184295,West,Historical
2022-10-01,8,4174.739535445989,West,Historical
2022-10-02,8,4070.5825034541867,West,Historical
2022-10-03,8,3935.2648281841152,West,Historical
2022-10-04,8,4116.677529416927,West,Historical
2022-10-05,8,4505.987693902438,West,Historical
2022-10-06,8,4044.196442618013,West,Historical
2022-10-07,8,3450.533581614086,West,Historical
2022-10-08,8,3799.787687624147,West,Historical
2022-10-09,8,3842.2570874610797,West,Historical
2022-10-10,8,4253.422899632279,West,Historical
2022-10-11,8,4266.824224958941,West,Historical
2022-10-12,8,4160.954245917515,West,Historical
2022-10-13,8,3853.182755498296,West,Historical
2022-10-14,8,4415.917495845512,West,Historical
2022-10-15,8,3890.4850642381857,West,Historical
2022-10-16,8,3653.0384160848575,West,Historical
2022-10-17,8,3682.248154246784,West,Historical
2022-10-18,8,4368.807170503109,West,Historical
2022-10-19,8,4024.049995357245,West,Historical
2022-10-20,8,3810.707682430968,West,Historical
2022-10-21,8,4163.46944708934,West,Historical
2022-10-22,8,3599.1429202805843,West,Historical
2022-10-23,8,3438.719718827239,West,Historical
2022-10-24,8,3861.900401546314,West,Historical
2022-10-25,8,3593.423369375825,West,Historical
2022-10-26,8,4250.022087061243,West,Historical
2022-10-27,8,4207.625400567775,West,Historical
2022-10-28,8,3880.0884462539384,West,Historical
2022-10-29,8,3806.952982314899,West,Historical
2022-10-30,8,3402.931140821217,West,Historical
2022-10-31,8,3950.5372835392222,West,Historical
2022-11-01,8,4498.947119317239,West,Historical
2022-11-02,8,4125.4971560339245,West,Historical
2022-11-03,8,4416.87931829677,West,Historical
2022-11-04,8,4156.091282416439,West,Historical
2022-11-05,8,3590.7889459358057,West,Historical
2022-11-06,8,4024.513921196768,West,Historical
2022-11-07,8,4063.6665605975777,West,Historical
2022-11-08,8,4371.545130201013,West,Historical
2022-11-09,8,5336.792104309091,West,Historical
2022-11-10,8,4390.397583396721,West,Historical
2022-11-11,8,3904.337003928181,West,Historical
2022-11-12,8,4263.0299377792635,West,Historical
2022-11-13,8,4044.6991187323474,West,Historical
2022-11-14,8,3978.6316682791585,West,Historical
2022-11-15,8,4559.504953425269,West,Historical
2022-11-16,8,4204.980104728613,West,Historical
2022-11-17,8,3866.821529872378,West,Historical
2022-11-18,8,4460.423369531696,West,Historical
2022-11-19,8,4005.134282682158,West,Historical
2022-11-20,8,3937.0708266797124,West,Historical
2022-11-21,8,4103.672891895894,West,Historical
2022-11-22,8,4955.072242941491,West,Historical
2022-11-23,8,4885.962232224606,West,Historical
2022-11-24,8,4795.714745220757,West,Historical
2022-11-25,8,4956.608028407178,West,Historical
2022-11-26,8,5036.679995189385,West,Historical
2022-11-27,8,4933.9400307302285,West,Historical
2022-11-28,8,4765.713528222455,West,Historical
2022-11-29,8,4697.725915273385,West,Historical
2022-11-30,8,4335.96140910932,West,Historical
2022-12-01,8,4362.209200159461,West,Historical
2022-12-02,8,4410.44632179627,West,Historical
2022-12-03,8,3938.9493725144384,West,Historical
2022-12-04,8,4552.817411937778,West,Historical
2022-12-05,8,4447.248657860312,West,Historical
2022-12-06,8,4651.70155781861,West,Historical
2022-12-07,8,4616.832305534577,West,Historical
2022-12-08,8,5035.162849573161,West,Historical
2022-12-09,8,4819.649663271915,West,Historical
2022-12-10,8,4149.123082604953,West,Historical
2022-12-11,8,4882.285098323368,West,Historical
2022-12-12,8,5243.8536981134075,West,Historical
2022-12-13,8,5093.847629949392,West,Historical
2022-12-14,8,4968.127248845199,West,Historical
2022-12-15,8,5212.245660437697,West,Historical
2022-12-16,8,4574.893099242693,West,Historical
2022-12-17,8,4389.361777723467,West,Historical
2022-12-18,8,5035.032217241181,West,Historical
2022-12-19,8,5602.315721677358,West,Historical
2022-12-20,8,5137.623424290441,West,Historical
2022-12-21,8,5100.5776667260325,West,Historical
2022-12-22,8,5095.557077850235,West,Historical
2022-12-23,8,4953.477170691863,West,Historical
2022-12-24,8,6432.9698670860535,West,Historical
2022-12-25,8,5948.969114108162,West,Historical
2022-12-26,8,4706.569136832744,West,Historical
2022-12-27,8,5526.475442242455,West,Historical
2022-12-28,8,5271.380649730551,West,Historical
2022-12-29,8,4710.080987417172,West,Historical
2022-12-30,8,4865.468666906615,West,Historical
2020-01-01,9,3718.983230970274,West,Historical
2020-01-02,9,3583.5783607210647,West,Historical
2020-01-03,9,3394.0543653888644,West,Historical
2020-01-04,9,3281.295555365745,West,Historical
2020-01-05,9,3854.4206437846233,West,Historical
2020-01-06,9,3575.650088865653,West,Historical
2020-01-07,9,3647.6322685469363,West,Historical
2020-01-08,9,3653.406860017503,West,Historical
2020-01-09,9,3634.6962876322655,West,Historical
2020-01-10,9,3529.88353685602,West,Historical
2020-01-11,9,3382.903328466446,West,Historical
2020-01-12,9,3689.3964917713697,West,Historical
2020-01-13,9,3752.5780207191924,West,Historical
2020-01-14,9,3909.411444786533,West,Historical
2020-01-15,9,4160.754637392853,West,Historical
2020-01-16,9,4241.957084992093,West,Historical
2020-01-17,9,3655.340011165414,West,Historical
2020-01-18,9,3823.2585602886943,West,Historical
2020-01-19,9,4080.9927332193106,West,Historical
2020-01-20,9,3692.100284364848,West,Historical
2020-01-21,9,3774.4876703924915,West,Historical
2020-01-22,9,3914.5925346684016,West,Historical
2020-01-23,9,3986.5723188200764,West,Historical
2020-01-24,9,4107.774135940588,West,Historical
2020-01-25,9,3449.9272874638646,West,Historical
2020-01-26,9,3577.0271980924313,West,Historical
2020-01-27,9,3741.83867421247,West,Historical
2020-01-28,9,3681.761284658673,West,Historical
2020-01-29,9,4018.8291776226815,West,Historical
2020-01-30,9,4109.575224866126,West,Historical
2020-01-31,9,3828.059897134557,West,Historical
2020-02-01,9,3535.185995025896,West,Historical
2020-02-02,9,3783.7464546418505,West,Historical
2020-02-03,9,4020.8744243706137,West,Historical
2020-02-04,9,4134.368249339975,West,Historical
2020-02-05,9,4126.033984966616,West,Historical
2020-02-06,9,4139.2763469055935,West,Historical
2020-02-07,9,3503.5370739100463,West,Historical
2020-02-08,9,3555.4634920102367,West,Historical
2020-02-09,9,3818.050552216825,West,Historical
2020-02-10,9,3589.583549848752,West,Historical
2020-02-11,9,3950.3734793289927,West,Historical
2020-02-12,9,4233.025426289388,West,Historical
2020-02-13,9,3728.907453569922,West,Historical
2020-02-14,9,4382.350858776288,West,Historical
2020-02-15,9,3464.3616112789077,West,Historical
2020-02-16,9,3753.901246824506,West,Historical
2020-02-17,9,3850.5369628528215,West,Historical
2020-02-18,9,4124.246788410962,West,Historical
2020-02-19,9,4037.6698246332903,West,Historical
2020-02-20,9,3936.765150304876,West,Historical
2020-02-21,9,4142.226922708598,West,Historical
2020-02-22,9,3809.9156831223554,West,Historical
2020-02-23,9,3669.629344153503,West,Historical
2020-02-24,9,4183.1697108788885,West,Historical
2020-02-25,9,3843.200828783193,West,Historical
2020-02-26,9,4051.7602378940132,West,Historical
2020-02-27,9,3948.701825258271,West,Historical
2020-02-28,9,4724.119716446168,West,Historical
2020-02-29,9,3490.0492660593736,West,Historical
2020-03-01,9,3853.1835150059087,West,Historical
2020-03-02,9,4059.377590969143,West,Historical
2020-03-03,9,4323.558048374523,West,Historical
2020-03-04,9,3933.7707154406435,West,Historical
2020-03-05,9,3929.6346194034572,West,Historical
2020-03-06,9,3681.559201998855,West,Historical
2020-03-07,9,3810.1510539304827,West,Historical
2020-03-08,9,3755.9446931338844,West,Historical
2020-03-09,9,4336.605776362527,West,Historical
2020-03-10,9,4185.925173818603,West,Historical
2020-03-11,9,4303.364931822544,West,Historical
2020-03-12,9,4150.16671720818,West,Historical
2020-03-13,9,3990.8384320892146,West,Historical
2020-03-14,9,3752.4855204401397,West,Historical
2020-03-15,9,4196.916158896517,West,Historical
2020-03-16,9,4064.19377767031,West,Historical
2020-03-17,9,4280.364233697377,West,Historical
2020-03-18,9,4466.9419186493815,West,Historical
2020-03-19,9,4039.0912681775276,West,Historical
2020-03-20,9,3715.4794604769713,West,Historical
2020-03-21,9,4326.663168903763,West,Historical
2020-03-22,9,3572.1976479400923,West,Historical
2020-03-23,9,4390.880415730691,West,Historical
2020-03-24,9,3755.0450651935093,West,Historical
2020-03-25,9,4136.754407743049,West,Historical
2020-03-26,9,4089.4645645532787,West,Historical
2020-03-27,9,3886.2751868442488,West,Historical
2020-03-28,9,3745.6196843625507,West,Historical
2020-03-29,9,3823.977499749058,West,Historical
2020-03-30,9,3965.770286296315,West,Historical
2020-03-31,9,4144.860186086173,West,Historical
2020-04-01,9,4316.19213227356,West,Historical
2020-04-02,9,4052.0372737326716,West,Historical
2020-04-03,9,4642.369398421245,West,Historical
2020-04-04,9,4127.279287051356,West,Historical
2020-04-05,9,3876.9909839217094,West,Historical
2020-04-06,9,4097.63843099878,West,Historical
2020-04-07,9,4167.547815025131,West,Historical
2020-04-08,9,4381.207051939947,West,Historical
2020-04-09,9,4088.293317717516,West,Historical
2020-04-10,9,3514.478561626374,West,Historical
2020-04-11,9,3953.2291593441278,West,Historical
2020-04-12,9,4432.896677836975,West,Historical
2020-04-13,9,4038.132429773987,West,Historical
2020-04-14,9,4032.411072445717,West,Historical
2020-04-15,9,4128.695697653981,West,Historical
2020-04-16,9,3927.7473712927313,West,Historical
2020-04-17,9,4003.7161147779275,West,Historical
2020-04-18,9,4218.800802756275,West,Historical
2020-04-19,9,3681.4239136330116,West,Historical
2020-04-20,9,4069.194472661995,West,Historical
2020-04-21,9,4126.719306791172,West,Historical
2020-04-22,9,4567.068587069729,West,Historical
2020-04-23,9,3812.5543158879145,West,Historical
2020-04-24,9,4115.077369205196,West,Historical
2020-04-25,9,4133.3974524252035,West,Historical
2020-04-26,9,4438.385306382329,West,Historical
2020-04-27,9,3888.834728613884,West,Historical
2020-04-28,9,4201.909666192695,West,Historical
2020-04-29,9,4268.821497951352,West,Historical
2020-04-30,9,4385.460070452225,West,Historical
2020-05-01,9,3426.564219590924,West,Historical
2020-05-02,9,3393.4571908523585,West,Historical
2020-05-03,9,3828.4693242716285,West,Historical
2020-05-04,9,4228.880218550322,West,Historical
2020-05-05,9,4767.103994111293,West,Historical
2020-05-06,9,4003.353823446438,West,Historical
2020-05-07,9,3975.1584506508198,West,Historical
2020-05-08,9,3560.947843454561,West,Historical
2020-05-09,9,3713.911130275549,West,Historical
2020-05-10,9,4535.487838472012,West,Historical
2020-05-11,9,3862.75025990464,West,Historical
2020-05-12,9,4121.5884404390845,West,Historical
2020-05-13,9,4205.927116474517,West,Historical
2020-05-14,9,3959.4795713739286,West,Historical
2020-05-15,9,4065.749489893056,West,Historical
2020-05-16,9,3153.718142496835,West,Historical
2020-05-17,9,3381.3759183204293,West,Historical
2020-05-18,9,3836.556723436832,West,Historical
2020-05-19,9,4038.227744751453,West,Historical
2020-05-20,9,4045.820179930537,West,Historical
2020-05-21,9,3847.670315029441,West,Historical
2020-05-22,9,3442.3626142934354,West,Historical
2020-05-23,9,3578.0639330812146,West,Historical
2020-05-24,9,4219.010103904177,West,Historical
2020-05-25,9,3862.0545566785486,West,Historical
2020-05-26,9,3752.725017242863,West,Historical
2020-05-27,9,4231.670250606194,West,Historical
2020-05-28,9,4068.4037992842864,West,Historical
2020-05-29,9,3462.7715267016442,West,Historical
2020-05-30,9,3379.038017507472,West,Historical
2020-05-31,9,3516.553172410122,West,Historical
2020-06-01,9,3483.309569311219,West,Historical
2020-06-02,9,3662.263299969473,West,Historical
2020-06-03,9,3480.4048700661983,West,Historical
2020-06-04,9,4154.771832283651,West,Historical
2020-06-05,9,3599.1104962223185,West,Historical
2020-06-06,9,3420.5607217183046,West,Historical
2020-06-07,9,3665.6664065505734,West,Historical
2020-06-08,9,3513.3423607421882,West,Historical
2020-06-09,9,3515.146831471101,West,Historical
2020-06-10,9,3634.911974096804,West,Historical
2020-06-11,9,3854.8336258705194,West,Historical
2020-06-12,9,3526.719760575409,West,Historical
2020-06-13,9,3025.2255380319707,West,Historical
2020-06-14,9,2989.4843140977423,West,Historical
2020-06-15,9,3573.3324791897876,West,Historical
2020-06-16,9,3376.723650417407,West,Historical
2020-06-17,9,3683.639540435023,West,Historical
2020-06-18,9,3595.7890302500127,West,Historical
2020-06-19,9,3742.285736936472,West,Historical
2020-06-20,9,3465.6192358142066,West,Historical
2020-06-21,9,3222.793520518943,West,Historical
2020-06-22,9,3754.3995830193876,West,Historical
2020-06-23,9,4205.112292700421,West,Historical
2020-06-24,9,3434.57785948742,West,Historical
2020-06-25,9,3792.1795755917374,West,Historical
2020-06-26,9,3584.270311631846,West,Historical
2020-06-27,9,3185.243445997323,West,Historical
2020-06-28,9,3624.9516715214413,West,Historical
2020-06-29,9,3433.2615952851625,West,Historical
2020-06-30,9,3671.4485794322013,West,Historical
2020-07-01,9,3601.076374644404,West,Historical
2020-07-02,9,3624.7651535491605,West,Historical
2020-07-03,9,3050.238653957031,West,Historical
2020-07-04,9,3806.6902373960584,West,Historical
2020-07-05,9,2966.1372772944146,West,Historical
2020-07-06,9,3145.275927530006,West,Historical
2020-07-07,9,3161.9329751741293,West,Historical
2020-07-08,9,3278.861807058002,West,Historical
2020-07-09,9,3347.833434851101,West,Historical
2020-07-10,9,3086.074779459255,West,Historical
2020-07-11,9,2958.518375338304,West,Historical
2020-07-12,9,2987.1033108856245,West,Historical
2020-07-13,9,2908.590284988403,West,Historical
2020-07-14,9,3405.507414660798,West,Historical
2020-07-15,9,3369.068403800781,West,Historical
2020-07-16,9,3149.197706463122,West,Historical
2020-07-17,9,3042.866329164021,West,Historical
2020-07-18,9,2830.086583863213,West,Historical
2020-07-19,9,2797.9805095438924,West,Historical
2020-07-20,9,3371.0129568904063,West,Historical
2020-07-21,9,3361.68551444104,West,Historical
2020-07-22,9,3600.9765952933076,West,Historical
2020-07-23,9,2931.548348008527,West,Historical
2020-07-24,9,2839.2396099610755,West,Historical
2020-07-25,9,3204.937875451221,West,Historical
2020-07-26,9,2805.4291646100605,West,Historical
2020-07-27,9,3314.2282018541077,West,Historical
2020-07-28,9,3106.20364026634,West,Historical
2020-07-29,9,3261.98901697641,West,Historical
2020-07-30,9,2963.105496017716,West,Historical
2020-07-31,9,3231.603292577569,West,Historical
2020-08-01,9,2687.596282093993,West,Historical
2020-08-02,9,2853.7990785524257,West,Historical
2020-08-03,9,2845.6200039297482,West,Historical
2020-08-04,9,2928.6570441002004,West,Historical
2020-08-05,9,3085.4453805718567,West,Historical
2020-08-06,9,3081.264461730357,West,Historical
2020-08-07,9,2715.417289643093,West,Historical
2020-08-08,9,2440.0233983531057,West,Historical
2020-08-09,9,2413.8911108114603,West,Historical
2020-08-10,9,2798.731113493573,West,Historical
2020-08-11,9,2890.6716363415744,West,Historical
2020-08-12,9,3103.843294352037,West,Historical
2020-08-13,9,2903.693675518101,West,Historical
2020-08-14,9,2787.920980884276,West,Historical
2020-08-15,9,3064.6751377251767,West,Historical
2020-08-16,9,2262.066240311904,West,Historical
2020-08-17,9,2757.923947778149,West,Historical
2020-08-18,9,2635.6798611984486,West,Historical
2020-08-19,9,2882.4814891350316,West,Historical
2020-08-20,9,2645.7329136177505,West,Historical
2020-08-21,9,2614.272163090707,West,Historical
2020-08-22,9,2597.1282707702017,West,Historical
2020-08-23,9,2887.8515901335118,West,Historical
2020-08-24,9,2805.8717416638906,West,Historical
2020-08-25,9,2630.594417547941,West,Historical
2020-08-26,9,3011.987696308767,West,Historical
2020-08-27,9,2553.6974972222392,West,Historical
2020-08-28,9,2447.2325198569683,West,Historical
2020-08-29,9,2390.5938233894803,West,Historical
2020-08-30,9,2258.5382374890214,West,Historical
2020-08-31,9,2471.631674851056,West,Historical
2020-09-01,9,2691.7078398124427,West,Historical
2020-09-02,9,2803.2313311899406,West,Historical
2020-09-03,9,2600.2044158232115,West,Historical
2020-09-04,9,2276.27226045277,West,Historical
2020-09-05,9,1941.452959581339,West,Historical
2020-09-06,9,2448.1816299067136,West,Historical
2020-09-07,9,2639.3102840376255,West,Historical
2020-09-08,9,2771.2693501246313,West,Historical
2020-09-09,9,2578.4002561492416,West,Historical
2020-09-10,9,2375.213936255937,West,Historical
2020-09-11,9,2135.457333332745,West,Historical
2020-09-12,9,2003.3152817990942,West,Historical
2020-09-13,9,2703.866064139563,West,Historical
2020-09-14,9,2455.403684930421,West,Historical
2020-09-15,9,2529.806428697154,West,Historical
2020-09-16,9,2565.4173421097826,West,Historical
2020-09-17,9,2761.461180249709,West,Historical
2020-09-18,9,2403.753861983901,West,Historical
2020-09-19,9,2232.7587354207562,West,Historical
2020-09-20,9,2154.151762005603,West,Historical
2020-09-21,9,2625.1969530222773,West,Historical
2020-09-22,9,2957.0990050877554,West,Historical
2020-09-23,9,2927.193375549017,West,Historical
2020-09-24,9,2385.8745187550026,West,Historical
2020-09-25,9,3020.7937143554996,West,Historical
2020-09-26,9,2074.643270453177,West,Historical
2020-09-27,9,2352.4585350376533,West,Historical
2020-09-28,9,2140.534659335679,West,Historical
2020-09-29,9,2351.405687915258,West,Historical
2020-09-30,9,2527.3455431170564,West,Historical
2020-10-01,9,3104.7084368471506,West,Historical
2020-10-02,9,2734.7494779117737,West,Historical
2020-10-03,9,2185.5672644961874,West,Historical
2020-10-04,9,2661.674794886267,West,Historical
2020-10-05,9,2365.1599384110273,West,Historical
2020-10-06,9,2515.043528244794,West,Historical
2020-10-07,9,2585.110495184453,West,Historical
2020-10-08,9,2788.479009858415,West,Historical
2020-10-09,9,2280.6323235171612,West,Historical
2020-10-10,9,2093.011648902888,West,Historical
2020-10-11,9,2879.406995466634,West,Historical
2020-10-12,9,2670.4008899220084,West,Historical
2020-10-13,9,2792.2154195555213,West,Historical
2020-10-14,9,2773.4619195838404,West,Historical
2020-10-15,9,2773.3567199666195,West,Historical
2020-10-16,9,2714.317941570615,West,Historical
2020-10-17,9,2173.1036824400953,West,Historical
2020-10-18,9,3294.898298016399,West,Historical
2020-10-19,9,2450.9078912939167,West,Historical
2020-10-20,9,2547.9482316035824,West,Historical
2020-10-21,9,3018.5385135082465,West,Historical
2020-10-22,9,3121.022422545847,West,Historical
2020-10-23,9,2688.5162053835556,West,Historical
2020-10-24,9,2177.4406785876095,West,Historical
2020-10-25,9,2617.703489241888,West,Historical
2020-10-26,9,2701.575270855078,West,Historical
2020-10-27,9,2823.098454415624,West,Historical
2020-10-28,9,2401.7226238862927,West,Historical
2020-10-29,9,2266.740312603785,West,Historical
2020-10-30,9,2339.9266804355875,West,Historical
2020-10-31,9,2753.419615109746,West,Historical
2020-11-01,9,2595.3421158055044,West,Historical
2020-11-02,9,2922.8791725783576,West,Historical
2020-11-03,9,3423.3753452925703,West,Historical
2020-11-04,9,3063.55830745804,West,Historical
2020-11-05,9,2746.0419072034497,West,Historical
2020-11-06,9,2976.8905449217036,West,Historical
2020-11-07,9,2667.97442902269,West,Historical
2020-11-08,9,2835.1499568944446,West,Historical
2020-11-09,9,3056.226460862502,West,Historical
2020-11-10,9,3299.259513624588,West,Historical
2020-11-11,9,2947.047573200406,West,Historical
2020-11-12,9,2829.7466100818597,West,Historical
2020-11-13,9,2639.563528546763,West,Historical
2020-11-14,9,2354.152931864805,West,Historical
2020-11-15,9,2743.0061981948897,West,Historical
2020-11-16,9,2685.7770304142837,West,Historical
2020-11-17,9,3014.1737381195176,West,Historical
2020-11-18,9,3314.253296412805,West,Historical
2020-11-19,9,2623.760745872177,West,Historical
2020-11-20,9,2868.9702933634767,West,Historical
2020-11-21,9,2678.9412297509425,West,Historical
2020-11-22,9,3548.487052640829,West,Historical
2020-11-23,9,3503.3202559661895,West,Historical
2020-11-24,9,3758.106998429461,West,Historical
2020-11-25,9,3729.389109551261,West,Historical
2020-11-26,9,3717.574209956723,West,Historical
2020-11-27,9,3489.39216127487,West,Historical
2020-11-28,9,3568.8254182675214,West,Historical
2020-11-29,9,2926.7522806969855,West,Historical
2020-11-30,9,2789.54987228916,West,Historical
2020-12-01,9,3628.5285458450035,West,Historical
2020-12-02,9,3544.539017899199,West,Historical
2020-12-03,9,3073.9524622117283,West,Historical
2020-12-04,9,2741.7860843522294,West,Historical
2020-12-05,9,3269.6375038544666,West,Historical
2020-12-06,9,2845.803547367799,West,Historical
2020-12-07,9,3325.7043837855786,West,Historical
2020-12-08,9,3257.0896760771275,West,Historical
2020-12-09,9,3471.426050138,West,Historical
2020-12-10,9,3498.5894604041523,West,Historical
2020-12-11,9,3019.4849111818935,West,Historical
2020-12-12,9,3110.136345798291,West,Historical
2020-12-13,9,3143.0801592326366,West,Historical
2020-12-14,9,3164.5058995274817,West,Historical
2020-12-15,9,3634.984411753078,West,Historical
2020-12-16,9,3339.6707061780107,West,Historical
2020-12-17,9,3526.206568284177,West,Historical
2020-12-18,9,3016.9825280953,West,Historical
2020-12-19,9,3535.2047696765626,West,Historical
2020-12-20,9,3146.9578679339493,West,Historical
2020-12-21,9,3500.2031995962693,West,Historical
2020-12-22,9,3315.6986066611857,West,Historical
2020-12-23,9,3817.8954318091683,West,Historical
2020-12-24,9,4363.458256002657,West,Historical
2020-12-25,9,4377.459248206663,West,Historical
2020-12-26,9,3351.8352710692866,West,Historical
2020-12-27,9,3239.415844633765,West,Historical
2020-12-28,9,3826.3533332696156,West,Historical
2020-12-29,9,3509.492274589067,West,Historical
2020-12-30,9,3831.257992483009,West,Historical
2020-12-31,9,4985.409465043907,West,Historical
2021-01-01,9,3433.730277887075,West,Historical
2021-01-02,9,3356.322136120233,West,Historical
2021-01-03,9,3682.7555007134015,West,Historical
2021-01-04,9,3751.229795260784,West,Historical
2021-01-05,9,3625.778613632712,West,Historical
2021-01-06,9,3838.4691645675885,West,Historical
2021-01-07,9,4100.422006528647,West,Historical
2021-01-08,9,3615.168444444044,West,Historical
2021-01-09,9,3216.765762115448,West,Historical
2021-01-10,9,3573.8162540626527,West,Historical
2021-01-11,9,3534.971554349064,West,Historical
2021-01-12,9,4079.1334979624503,West,Historical
2021-01-13,9,3932.0957695344387,West,Historical
2021-01-14,9,4100.340102907055,West,Historical
2021-01-15,9,3809.2016238519104,West,Historical
2021-01-16,9,3183.82282929099,West,Historical
2021-01-17,9,3461.755751048846,West,Historical
2021-01-18,9,4030.616037150547,West,Historical
2021-01-19,9,3933.716696493685,West,Historical
2021-01-20,9,3861.0206510119583,West,Historical
2021-01-21,9,4044.3801050705283,West,Historical
2021-01-22,9,3784.4180519052215,West,Historical
2021-01-23,9,3638.8166286362525,West,Historical
2021-01-24,9,3618.869530674589,West,Historical
2021-01-25,9,3886.510722245856,West,Historical
2021-01-26,9,4212.7474204017235,West,Historical
2021-01-27,9,4452.06927574855,West,Historical
2021-01-28,9,3949.543592231586,West,Historical
2021-01-29,9,4129.971706561868,West,Historical
2021-01-30,9,3566.8848241439437,West,Historical
2021-01-31,9,4069.4834452306677,West,Historical
2021-02-01,9,3985.393996617464,West,Historical
2021-02-02,9,4231.2007018129025,West,Historical
2021-02-03,9,4569.998055343151,West,Historical
2021-02-04,9,4311.335642590113,West,Historical
2021-02-05,9,3782.6077862417064,West,Historical
2021-02-06,9,3622.989714315852,West,Historical
2021-02-07,9,3564.6855831322723,West,Historical
2021-02-08,9,4118.965781861997,West,Historical
2021-02-09,9,4167.008414148315,West,Historical
2021-02-10,9,4316.387589294345,West,Historical
2021-02-11,9,4214.178716385598,West,Historical
2021-02-12,9,3602.7549451602604,West,Historical
2021-02-13,9,3830.3531547904427,West,Historical
2021-02-14,9,4206.335226289265,West,Historical
2021-02-15,9,3835.4694255685076,West,Historical
2021-02-16,9,4365.8745300772935,West,Historical
2021-02-17,9,4133.107894306216,West,Historical
2021-02-18,9,4122.563048752791,West,Historical
2021-02-19,9,3950.7032280788917,West,Historical
2021-02-20,9,3498.425735406568,West,Historical
2021-02-21,9,3588.134751604681,West,Historical
2021-02-22,9,4028.5349233237607,West,Historical
2021-02-23,9,4035.4190142121633,West,Historical
2021-02-24,9,4019.2841214921973,West,Historical
2021-02-25,9,4781.830790831852,West,Historical
2021-02-26,9,3988.3359586131805,West,Historical
2021-02-27,9,3784.5897914133516,West,Historical
2021-02-28,9,3857.585112244306,West,Historical
2021-03-01,9,4187.56137615447,West,Historical
2021-03-02,9,4332.812278487712,West,Historical
2021-03-03,9,4254.966274809775,West,Historical
2021-03-04,9,4058.1270461188406,West,Historical
2021-03-05,9,3885.654016276878,West,Historical
2021-03-06,9,3520.0496617165845,West,Historical
2021-03-07,9,4055.9466344105117,West,Historical
2021-03-08,9,4056.829808811292,West,Historical
2021-03-09,9,4304.439136480319,West,Historical
2021-03-10,9,4367.241707507178,West,Historical
2021-03-11,9,4090.334202235738,West,Historical
2021-03-12,9,3954.968564271483,West,Historical
2021-03-13,9,3946.146678894862,West,Historical
2021-03-14,9,3918.576170442415,West,Historical
2021-03-15,9,4140.891390183353,West,Historical
2021-03-16,9,4269.308964999405,West,Historical
2021-03-17,9,4323.017791270127,West,Historical
2021-03-18,9,4018.227310514429,West,Historical
2021-03-19,9,4625.277176383352,West,Historical
2021-03-20,9,3838.4872901965964,West,Historical
2021-03-21,9,3348.42807625862,West,Historical
2021-03-22,9,4338.711281750864,West,Historical
2021-03-23,9,5114.741577659145,West,Historical
2021-03-24,9,4488.6109823585575,West,Historical
2021-03-25,9,4083.3762600239725,West,Historical
2021-03-26,9,4253.564454743391,West,Historical
2021-03-27,9,4013.4679025785613,West,Historical
2021-03-28,9,3978.817215689295,West,Historical
2021-03-29,9,4195.231792453736,West,Historical
2021-03-30,9,4388.213701793469,West,Historical
2021-03-31,9,4291.594796958414,West,Historical
2021-04-01,9,4933.3682245598475,West,Historical
2021-04-02,9,3691.6776047321528,West,Historical
2021-04-03,9,4059.9209695656673,West,Historical
2021-04-04,9,3853.5676646019965,West,Historical
2021-04-05,9,4394.0512598204205,West,Historical
2021-04-06,9,4460.43044144809,West,Historical
2021-04-07,9,4185.966611839225,West,Historical
2021-04-08,9,3969.1175685160474,West,Historical
2021-04-09,9,4479.871010446195,West,Historical
2021-04-10,9,3863.1926247989686,West,Historical
2021-04-11,9,4334.819836608638,West,Historical
2021-04-12,9,4207.7845009573175,West,Historical
2021-04-13,9,4525.1509632024945,West,Historical
2021-04-14,9,4069.4040948947513,West,Historical
2021-04-15,9,4151.2388733141215,West,Historical
2021-04-16,9,4235.420105930243,West,Historical
2021-04-17,9,3596.6360587926356,West,Historical
2021-04-18,9,4090.232607974509,West,Historical
2021-04-19,9,4088.175228526324,West,Historical
2021-04-20,9,4213.612539208226,West,Historical
2021-04-21,9,4170.438322325922,West,Historical
2021-04-22,9,4053.5703096337566,West,Historical
2021-04-23,9,3625.79637716657,West,Historical
2021-04-24,9,4560.942693494737,West,Historical
2021-04-25,9,3834.3193753011433,West,Historical
2021-04-26,9,4072.868370866139,West,Historical
2021-04-27,9,4680.922088470461,West,Historical
2021-04-28,9,4268.919213405312,West,Historical
2021-04-29,9,4286.446377364364,West,Historical
2021-04-30,9,3928.0595586614218,West,Historical
2021-05-01,9,3921.37854240239,West,Historical
2021-05-02,9,4006.7808622690336,West,Historical
2021-05-03,9,3855.1275927775073,West,Historical
2021-05-04,9,4662.017751863372,West,Historical
2021-05-05,9,4486.109198521632,West,Historical
2021-05-06,9,3729.479173893587,West,Historical
2021-05-07,9,4040.6758561133774,West,Historical
2021-05-08,9,3536.4448363280203,West,Historical
2021-05-09,9,3482.2622903884258,West,Historical
2021-05-10,9,4269.837691372585,West,Historical
2021-05-11,9,4263.103713050007,West,Historical
2021-05-12,9,4119.748624285811,West,Historical
2021-05-13,9,4191.512766377344,West,Historical
2021-05-14,9,4016.6158697790925,West,Historical
2021-05-15,9,3729.4919066319667,West,Historical
2021-05-16,9,3806.3364474435757,West,Historical
2021-05-17,9,3904.852621106675,West,Historical
2021-05-18,9,4302.455718010836,West,Historical
2021-05-19,9,3821.121960352154,West,Historical
2021-05-20,9,4251.35461593268,West,Historical
2021-05-21,9,3902.0912157184293,West,Historical
2021-05-22,9,3496.669457865077,West,Historical
2021-05-23,9,3681.496460738599,West,Historical
2021-05-24,9,3845.569799962347,West,Historical
2021-05-25,9,4263.225201282603,West,Historical
2021-05-26,9,4015.4996679475976,West,Historical
2021-05-27,9,3883.717132794052,West,Historical
2021-05-28,9,3809.671759134331,West,Historical
2021-05-29,9,3855.3372868703295,West,Historical
2021-05-30,9,3566.264165183422,West,Historical
2021-05-31,9,3663.482535862031,West,Historical
2021-06-01,9,4102.870490341739,West,Historical
2021-06-02,9,4052.4372747124517,West,Historical
2021-06-03,9,3848.889768926942,West,Historical
2021-06-04,9,3700.578308195599,West,Historical
2021-06-05,9,3523.9217646190295,West,Historical
2021-06-06,9,4232.998596082073,West,Historical
2021-06-07,9,3857.16644593171,West,Historical
2021-06-08,9,3851.3691244892666,West,Historical
2021-06-09,9,3854.0900060310782,West,Historical
2021-06-10,9,4564.385358603885,West,Historical
2021-06-11,9,3507.582214351516,West,Historical
2021-06-12,9,3222.358296337597,West,Historical
2021-06-13,9,4067.154375881543,West,Historical
2021-06-14,9,3716.7347369732856,West,Historical
2021-06-15,9,3868.9407177712146,West,Historical
2021-06-16,9,3375.346820220153,West,Historical
2021-06-17,9,3898.236235470375,West,Historical
2021-06-18,9,3614.103518455349,West,Historical
2021-06-19,9,3623.802786584044,West,Historical
2021-06-20,9,3378.2667583737893,West,Historical
2021-06-21,9,3539.218617389534,West,Historical
2021-06-22,9,3828.9371384505675,West,Historical
2021-06-23,9,3678.780704646046,West,Historical
2021-06-24,9,3440.9392903246057,West,Historical
2021-06-25,9,3626.728167774896,West,Historical
2021-06-26,9,3307.372388972049,West,Historical
2021-06-27,9,3111.917474760401,West,Historical
2021-06-28,9,3569.5612934699934,West,Historical
2021-06-29,9,4084.4488308648165,West,Historical
2021-06-30,9,3724.2042708236477,West,Historical
2021-07-01,9,3481.320205917022,West,Historical
2021-07-02,9,3702.9306586582593,West,Historical
2021-07-03,9,3156.835147213756,West,Historical
2021-07-04,9,3378.816887935369,West,Historical
2021-07-05,9,3622.9447320035633,West,Historical
2021-07-06,9,3940.3791831421045,West,Historical
2021-07-07,9,3795.577262865484,West,Historical
2021-07-08,9,3146.8635913402886,West,Historical
2021-07-09,9,3161.9093752697972,West,Historical
2021-07-10,9,3023.681143246815,West,Historical
2021-07-11,9,3193.3932821284643,West,Historical
2021-07-12,9,3309.7014631907637,West,Historical
2021-07-13,9,3595.902813507693,West,Historical
2021-07-14,9,3633.348578991637,West,Historical
2021-07-15,9,3231.3183100924407,West,Historical
2021-07-16,9,3132.819546966682,West,Historical
2021-07-17,9,2963.6819498057266,West,Historical
2021-07-18,9,3205.2506745703367,West,Historical
2021-07-19,9,2979.249542660549,West,Historical
2021-07-20,9,3288.579377252868,West,Historical
2021-07-21,9,3367.40697689123,West,Historical
2021-07-22,9,3487.24501094267,West,Historical
2021-07-23,9,3179.205373070866,West,Historical
2021-07-24,9,2920.1123758193567,West,Historical
2021-07-25,9,3282.812050990567,West,Historical
2021-07-26,9,3233.0422882447347,West,Historical
2021-07-27,9,3350.7522769385705,West,Historical
2021-07-28,9,3368.4000641039015,West,Historical
2021-07-29,9,3225.955784568048,West,Historical
2021-07-30,9,3245.4427188066543,West,Historical
2021-07-31,9,2810.536720776317,West,Historical
2021-08-01,9,2971.6906873602375,West,Historical
2021-08-02,9,2913.6384136760416,West,Historical
2021-08-03,9,3212.896957987411,West,Historical
2021-08-04,9,2956.4499229217945,West,Historical
2021-08-05,9,2910.1186981188102,West,Historical
2021-08-06,9,2998.6509003542155,West,Historical
2021-08-07,9,2871.0295622260887,West,Historical
2021-08-08,9,3191.180287027225,West,Historical
2021-08-09,9,2772.089453812001,West,Historical
2021-08-10,9,2966.988513844078,West,Historical
2021-08-11,9,2865.9697346315334,West,Historical
2021-08-12,9,2902.4680327481256,West,Historical
2021-08-13,9,2934.4900820474586,West,Historical
2021-08-14,9,2744.4367359549515,West,Historical
2021-08-15,9,2938.4313867289443,West,Historical
2021-08-16,9,2970.2991160428073,West,Historical
2021-08-17,9,2872.462868881871,West,Historical
2021-08-18,9,2770.461817308528,West,Historical
2021-08-19,9,2747.864512499273,West,Historical
2021-08-20,9,2431.69956600352,West,Historical
2021-08-21,9,2827.2316163275573,West,Historical
2021-08-22,9,2484.313631723581,West,Historical
2021-08-23,9,2688.447908640178,West,Historical
2021-08-24,9,2734.294193870725,West,Historical
2021-08-25,9,3038.1253687097333,West,Historical
2021-08-26,9,2569.538099518182,West,Historical
2021-08-27,9,2387.1943253381796,West,Historical
2021-08-28,9,2284.6074024314416,West,Historical
2021-08-29,9,2960.9468018068574,West,Historical
2021-08-30,9,2626.15420911143,West,Historical
2021-08-31,9,2829.6119460596196,West,Historical
2021-09-01,9,2495.2187730513515,West,Historical
2021-09-02,9,2599.5934167218766,West,Historical
2021-09-03,9,2491.655772699656,West,Historical
2021-09-04,9,2403.0393462334177,West,Historical
2021-09-05,9,2324.004713184885,West,Historical
2021-09-06,9,2448.340924466489,West,Historical
2021-09-07,9,2871.313893413221,West,Historical
2021-09-08,9,2894.965233380521,West,Historical
2021-09-09,9,2668.1984142622555,West,Historical
2021-09-10,9,2328.5108883152543,West,Historical
2021-09-11,9,2577.4356856442582,West,Historical
2021-09-12,9,2505.327760775732,West,Historical
2021-09-13,9,2432.2449546346656,West,Historical
2021-09-14,9,3014.169250595052,West,Historical
2021-09-15,9,2820.9852170938116,West,Historical
2021-09-16,9,2671.403899907297,West,Historical
2021-09-17,9,2466.7566171920803,West,Historical
2021-09-18,9,2748.1834009542363,West,Historical
2021-09-19,9,2212.901257123101,West,Historical
2021-09-20,9,2616.5923695544943,West,Historical
2021-09-21,9,2910.253515163539,West,Historical
2021-09-22,9,2579.623956044568,West,Historical
2021-09-23,9,2495.893712306716,West,Historical
2021-09-24,9,2567.3970302964594,West,Historical
2021-09-25,9,2749.0482512912076,West,Historical
2021-09-26,9,2351.000539734017,West,Historical
2021-09-27,9,2671.1257383530956,West,Historical
2021-09-28,9,2786.983239842071,West,Historical
2021-09-29,9,3080.188116739008,West,Historical
2021-09-30,9,2432.0995044731844,West,Historical
2021-10-01,9,2422.1721388178285,West,Historical
2021-10-02,9,2524.0439801799644,West,Historical
2021-10-03,9,2717.4309684637456,West,Historical
2021-10-04,9,2927.252047449722,West,Historical
2021-10-05,9,3081.641263237203,West,Historical
2021-10-06,9,2696.382028339413,West,Historical
2021-10-07,9,2682.397430357097,West,Historical
2021-10-08,9,2487.7491662369157,West,Historical
2021-10-09,9,2477.7317694503117,West,Historical
2021-10-10,9,3107.1373932259276,West,Historical
2021-10-11,9,2585.209319055437,West,Historical
2021-10-12,9,2942.3306559506814,West,Historical
2021-10-13,9,3091.7816668568435,West,Historical
2021-10-14,9,2679.10858082521,West,Historical
2021-10-15,9,2875.322774511503,West,Historical
2021-10-16,9,2510.397953794179,West,Historical
2021-10-17,9,2911.688695781672,West,Historical
2021-10-18,9,2446.7378785053743,West,Historical
2021-10-19,9,2913.855014121364,West,Historical
2021-10-20,9,2825.3104299175925,West,Historical
2021-10-21,9,2781.1720789588394,West,Historical
2021-10-22,9,2362.3478484991533,West,Historical
2021-10-23,9,2571.942850604267,West,Historical
2021-10-24,9,2938.48442989032,West,Historical
2021-10-25,9,3013.351852821431,West,Historical
2021-10-26,9,2711.5789671023854,West,Historical
2021-10-27,9,3136.240202472832,West,Historical
2021-10-28,9,2443.5242828164955,West,Historical
2021-10-29,9,2659.058455840007,West,Historical
2021-10-30,9,2605.8957415204404,West,Historical
2021-10-31,9,2750.1588438937815,West,Historical
2021-11-01,9,2875.2075563160674,West,Historical
2021-11-02,9,3094.999399529538,West,Historical
2021-11-03,9,3352.9887592693417,West,Historical
2021-11-04,9,2917.1206764441818,West,Historical
2021-11-05,9,2759.406613815974,West,Historical
2021-11-06,9,2711.8932277675517,West,Historical
2021-11-07,9,2888.92688913166,West,Historical
2021-11-08,9,2844.8882294368295,West,Historical
2021-11-09,9,3213.040087481427,West,Historical
2021-11-10,9,3043.4613652398903,West,Historical
2021-11-11,9,2829.1971897862963,West,Historical
2021-11-12,9,3091.5362405852316,West,Historical
2021-11-13,9,2904.14327105024,West,Historical
2021-11-14,9,2875.5626152196087,West,Historical
2021-11-15,9,2624.000722275104,West,Historical
2021-11-16,9,3175.7819603135013,West,Historical
2021-11-17,9,3051.43316987744,West,Historical
2021-11-18,9,2995.396815039103,West,Historical
2021-11-19,9,3031.504315050446,West,Historical
2021-11-20,9,2596.371218759038,West,Historical
2021-11-21,9,2762.0337559622576,West,Historical
2021-11-22,9,3671.8891768421367,West,Historical
2021-11-23,9,3849.2996932516726,West,Historical
2021-11-24,9,3220.315480173304,West,Historical
2021-11-25,9,3904.3204834130074,West,Historical
2021-11-26,9,3776.8189185920733,West,Historical
2021-11-27,9,3389.2498661957234,West,Historical
2021-11-28,9,3869.2215541468795,West,Historical
2021-11-29,9,2976.918787163172,West,Historical
2021-11-30,9,3165.8941636845534,West,Historical
2021-12-01,9,3187.5623755204533,West,Historical
2021-12-02,9,3742.005283296789,West,Historical
2021-12-03,9,3152.241210061181,West,Historical
2021-12-04,9,2858.991577559545,West,Historical
2021-12-05,9,3289.542618774443,West,Historical
2021-12-06,9,3267.5922801412253,West,Historical
2021-12-07,9,3434.969053571555,West,Historical
2021-12-08,9,3491.4752774304748,West,Historical
2021-12-09,9,4012.780095536554,West,Historical
2021-12-10,9,3234.433471150625,West,Historical
2021-12-11,9,3160.0827326222775,West,Historical
2021-12-12,9,3341.062343701535,West,Historical
2021-12-13,9,3312.414412530967,West,Historical
2021-12-14,9,3629.553163710651,West,Historical
2021-12-15,9,3692.1562466175073,West,Historical
2021-12-16,9,3396.0107994882214,West,Historical
2021-12-17,9,3548.792601232692,West,Historical
2021-12-18,9,3175.678748103238,West,Historical
2021-12-19,9,3130.0919053518783,West,Historical
2021-12-20,9,3421.912114115583,West,Historical
2021-12-21,9,3679.4983149299405,West,Historical
2021-12-22,9,4051.4681653590064,West,Historical
2021-12-23,9,3306.7522145591724,West,Historical
2021-12-24,9,4422.701517179052,West,Historical
2021-12-25,9,4355.611673901551,West,Historical
2021-12-26,9,3491.9625150132892,West,Historical
2021-12-27,9,3441.7175205204935,West,Historical
2021-12-28,9,4037.4784067011924,West,Historical
2021-12-29,9,3662.9704309762533,West,Historical
2021-12-30,9,3866.587358426492,West,Historical
2021-12-31,9,4232.713060029404,West,Historical
2022-01-01,9,3759.5053460570102,West,Historical
2022-01-02,9,3527.1896330698805,West,Historical
2022-01-03,9,3772.7165870109693,West,Historical
2022-01-04,9,3711.4808315824216,West,Historical
2022-01-05,9,3697.802114067405,West,Historical
2022-01-06,9,3749.364772383915,West,Historical
2022-01-07,9,3587.761828234177,West,Historical
2022-01-08,9,3521.964563138534,West,Historical
2022-01-09,9,3534.568164745902,West,Historical
2022-01-10,9,3827.849236924701,West,Historical
2022-01-11,9,4351.421176429488,West,Historical
2022-01-12,9,3903.413828111388,West,Historical
2022-01-13,9,4277.851092940718,West,Historical
2022-01-14,9,3840.810284165536,West,Historical
2022-01-15,9,3606.530412803718,West,Historical
2022-01-16,9,4016.3859076621056,West,Historical
2022-01-17,9,3895.8439370949604,West,Historical
2022-01-18,9,4190.419570445392,West,Historical
2022-01-19,9,4143.888936216814,West,Historical
2022-01-20,9,4432.690368045274,West,Historical
2022-01-21,9,4320.39783529886,West,Historical
2022-01-22,9,3701.896569220932,West,Historical
2022-01-23,9,3485.1646877143653,West,Historical
2022-01-24,9,4126.339922776548,West,Historical
2022-01-25,9,4023.5557254308387,West,Historical
2022-01-26,9,4248.081943809723,West,Historical
2022-01-27,9,4305.05294668498,West,Historical
2022-01-28,9,4352.230096319257,West,Historical
2022-01-29,9,4049.442238375944,West,Historical
2022-01-30,9,4432.076495841536,West,Historical
2022-01-31,9,3964.9017464882436,West,Historical
2022-02-01,9,4775.195567643504,West,Historical
2022-02-02,9,4416.609396729825,West,Historical
2022-02-03,9,3958.203121504331,West,Historical
2022-02-04,9,4375.1221951783,West,Historical
2022-02-05,9,4123.03437359493,West,Historical
2022-02-06,9,3844.9515011491735,West,Historical
2022-02-07,9,4193.057407150577,West,Historical
2022-02-08,9,5211.5848675768575,West,Historical
2022-02-09,9,4143.232087781771,West,Historical
2022-02-10,9,4264.1610152700105,West,Historical
2022-02-11,9,4639.786302992115,West,Historical
2022-02-12,9,3657.021815180604,West,Historical
2022-02-13,9,3785.7519357569877,West,Historical
2022-02-14,9,4169.348906293822,West,Historical
2022-02-15,9,4330.063643306995,West,Historical
2022-02-16,9,3706.658721003851,West,Historical
2022-02-17,9,4358.2614111804905,West,Historical
2022-02-18,9,3719.025141218652,West,Historical
2022-02-19,9,4144.88561584046,West,Historical
2022-02-20,9,4271.096961256852,West,Historical
2022-02-21,9,4576.631514740338,West,Historical
2022-02-22,9,3990.000601543383,West,Historical
2022-02-23,9,4292.530133629879,West,Historical
2022-02-24,9,4239.016497798487,West,Historical
2022-02-25,9,4335.807217741138,West,Historical
2022-02-26,9,4473.09544237565,West,Historical
2022-02-27,9,3987.5708329334657,West,Historical
2022-02-28,9,4126.883635187294,West,Historical
2022-03-01,9,4139.453662164693,West,Historical
2022-03-02,9,4095.791476065538,West,Historical
2022-03-03,9,4240.9558315570675,West,Historical
2022-03-04,9,4273.312785408448,West,Historical
2022-03-05,9,3595.781390328976,West,Historical
2022-03-06,9,3851.0008307849994,West,Historical
2022-03-07,9,3981.5164539091425,West,Historical
2022-03-08,9,4146.862164242457,West,Historical
2022-03-09,9,4901.5307606247325,West,Historical
2022-03-10,9,4470.441671507995,West,Historical
2022-03-11,9,4382.587882252769,West,Historical
2022-03-12,9,4105.756926726685,West,Historical
2022-03-13,9,4032.2255009859023,West,Historical
2022-03-14,9,4249.328864824146,West,Historical
2022-03-15,9,4458.976687881234,West,Historical
2022-03-16,9,3827.0944235806096,West,Historical
2022-03-17,9,4459.041395654268,West,Historical
2022-03-18,9,4208.779330374532,West,Historical
2022-03-19,9,3949.3587991877043,West,Historical
2022-03-20,9,3980.1309396546935,West,Historical
2022-03-21,9,4360.388157999781,West,Historical
2022-03-22,9,4573.686954078788,West,Historical
2022-03-23,9,4435.769534566184,West,Historical
2022-03-24,9,4670.363013668301,West,Historical
2022-03-25,9,4286.718719901168,West,Historical
2022-03-26,9,3954.3781712054542,West,Historical
2022-03-27,9,4281.566940323538,West,Historical
2022-03-28,9,4434.7964763125665,West,Historical
2022-03-29,9,4761.437342526573,West,Historical
2022-03-30,9,4412.225820440437,West,Historical
2022-03-31,9,4176.317065059706,West,Historical
2022-04-01,9,4021.0833483543224,West,Historical
2022-04-02,9,4210.661597658021,West,Historical
2022-04-03,9,4108.300305480997,West,Historical
2022-04-04,9,4398.5160758596385,West,Historical
2022-04-05,9,4325.779727645257,West,Historical
2022-04-06,9,3941.7384295594247,West,Historical
2022-04-07,9,4174.915976095004,West,Historical
2022-04-08,9,4015.654774620903,West,Historical
2022-04-09,9,4076.4831603939556,West,Historical
2022-04-10,9,4185.339747533875,West,Historical
2022-04-11,9,4678.132599724089,West,Historical
2022-04-12,9,4369.965760713783,West,Historical
2022-04-13,9,4640.668904279845,West,Historical
2022-04-14,9,4196.110218979839,West,Historical
2022-04-15,9,3774.495529962256,West,Historical
2022-04-16,9,4019.687017684035,West,Historical
2022-04-17,9,4113.328569726409,West,Historical
2022-04-18,9,4113.340900244721,West,Historical
2022-04-19,9,4014.168030001448,West,Historical
2022-04-20,9,4379.1946185640945,West,Historical
2022-04-21,9,4368.688836611046,West,Historical
2022-04-22,9,4047.42825058773,West,Historical
2022-04-23,9,3907.72619613333,West,Historical
2022-04-24,9,4045.6238514701113,West,Historical
2022-04-25,9,4170.506280298674,West,Historical
2022-04-26,9,4203.921513711049,West,Historical
2022-04-27,9,4769.760174062091,West,Historical
2022-04-28,9,4179.855536779822,West,Historical
2022-04-29,9,3900.3146847440685,West,Historical
2022-04-30,9,3846.080289111411,West,Historical
2022-05-01,9,3898.344989233577,West,Historical
2022-05-02,9,4123.414724780057,West,Historical
2022-05-03,9,4144.9699570555385,West,Historical
2022-05-04,9,4117.249245298665,West,Historical
2022-05-05,9,3970.7607096795014,West,Historical
2022-05-06,9,4123.0793465881015,West,Historical
2022-05-07,9,3816.5796392362467,West,Historical
2022-05-08,9,4419.187464322114,West,Historical
2022-05-09,9,3936.3592358675514,West,Historical
2022-05-10,9,4734.365337831049,West,Historical
2022-05-11,9,3928.667933177049,West,Historical
2022-05-12,9,4019.708106930823,West,Historical
2022-05-13,9,3772.538706126639,West,Historical
2022-05-14,9,3831.022438361792,West,Historical
2022-05-15,9,3529.3404544313244,West,Historical
2022-05-16,9,3803.1670607760925,West,Historical
2022-05-17,9,4224.4414484727695,West,Historical
2022-05-18,9,4151.254059802623,West,Historical
2022-05-19,9,4235.692574122451,West,Historical
2022-05-20,9,4063.593576242829,West,Historical
2022-05-21,9,3738.449536621131,West,Historical
2022-05-22,9,3547.0236608085966,West,Historical
2022-05-23,9,4110.07622413787,West,Historical
2022-05-24,9,4339.877074804754,West,Historical
2022-05-25,9,4204.967161415912,West,Historical
2022-05-26,9,4150.272691114585,West,Historical
2022-05-27,9,4262.532278010107,West,Historical
2022-05-28,9,3223.6189648448176,West,Historical
2022-05-29,9,4213.121458301846,West,Historical
2022-05-30,9,3892.1668863621803,West,Historical
2022-05-31,9,3932.156237778747,West,Historical
2022-06-01,9,3794.335643515596,West,Historical
2022-06-02,9,3795.066627363047,West,Historical
2022-06-03,9,4375.171483501774,West,Historical
2022-06-04,9,3365.4100682685353,West,Historical
2022-06-05,9,3482.067502380299,West,Historical
2022-06-06,9,3895.5588219192346,West,Historical
2022-06-07,9,3699.0822473013286,West,Historical
2022-06-08,9,4335.872658172968,West,Historical
2022-06-09,9,3894.816314638718,West,Historical
2022-06-10,9,3380.8850778054652,West,Historical
2022-06-11,9,3558.1520147239357,West,Historical
2022-06-12,9,3982.47580919382,West,Historical
2022-06-13,9,3670.3022020641597,West,Historical
2022-06-14,9,3656.2255212288574,West,Historical
2022-06-15,9,4135.942379587839,West,Historical
2022-06-16,9,4233.618696699481,West,Historical
2022-06-17,9,4266.1083359062,West,Historical
2022-06-18,9,3866.837070649444,West,Historical
2022-06-19,9,3555.3700005912074,West,Historical
2022-06-20,9,3429.3141294072348,West,Historical
2022-06-21,9,3502.4223166263846,West,Historical
2022-06-22,9,3703.6794002918355,West,Historical
2022-06-23,9,3400.4023585062996,West,Historical
2022-06-24,9,3756.742529700702,West,Historical
2022-06-25,9,3370.875951739157,West,Historical
2022-06-26,9,3954.8334388411436,West,Historical
2022-06-27,9,3686.2548758556227,West,Historical
2022-06-28,9,3777.650955833274,West,Historical
2022-06-29,9,4160.659261830353,West,Historical
2022-06-30,9,3511.1539940515077,West,Historical
2022-07-01,9,3207.503189197633,West,Historical
2022-07-02,9,3193.3470972471814,West,Historical
2022-07-03,9,3527.883957776676,West,Historical
2022-07-04,9,3915.5928156575483,West,Historical
2022-07-05,9,3652.92780275702,West,Historical
2022-07-06,9,3679.6802093639326,West,Historical
2022-07-07,9,3898.9628587612456,West,Historical
2022-07-08,9,3556.5632817865467,West,Historical
2022-07-09,9,3140.60583764432,West,Historical
2022-07-10,9,3321.2323254432995,West,Historical
2022-07-11,9,3455.7662567879793,West,Historical
2022-07-12,9,3658.038021747063,West,Historical
2022-07-13,9,3645.943587380888,West,Historical
2022-07-14,9,3366.207955664876,West,Historical
2022-07-15,9,3459.2520070372525,West,Historical
2022-07-16,9,3472.947318066029,West,Historical
2022-07-17,9,3391.591408380892,West,Historical
2022-07-18,9,3112.8735811952256,West,Historical
2022-07-19,9,3330.516736081353,West,Historical
2022-07-20,9,3422.4214264483917,West,Historical
2022-07-21,9,3546.2544154568254,West,Historical
2022-07-22,9,3140.9372722984695,West,Historical
2022-07-23,9,3047.0020850819947,West,Historical
2022-07-24,9,3123.3881306443127,West,Historical
2022-07-25,9,3406.045593979857,West,Historical
2022-07-26,9,3667.6101851083554,West,Historical
2022-07-27,9,3140.21157547944,West,Historical
2022-07-28,9,3311.3605989379985,West,Historical
2022-07-29,9,2996.5302023442036,West,Historical
2022-07-30,9,3041.4131838695353,West,Historical
2022-07-31,9,2951.409939526624,West,Historical
2022-08-01,9,2983.2213084981113,West,Historical
2022-08-02,9,3055.966193959653,West,Historical
2022-08-03,9,3409.336919705942,West,Historical
2022-08-04,9,3147.2824724194684,West,Historical
2022-08-05,9,2655.6160810633146,West,Historical
2022-08-06,9,3311.4285219748704,West,Historical
2022-08-07,9,2948.3508181509396,West,Historical
2022-08-08,9,2895.804424990783,West,Historical
2022-08-09,9,3228.9741397212256,West,Historical
2022-08-10,9,3276.4333969631093,West,Historical
2022-08-11,9,3220.920774383663,West,Historical
2022-08-12,9,2714.6282533929502,West,Historical
2022-08-13,9,2418.4565559709504,West,Historical
2022-08-14,9,3160.8188130812146,West,Historical
2022-08-15,9,2840.4793579147768,West,Historical
2022-08-16,9,2692.350460250925,West,Historical
2022-08-17,9,2784.000132531257,West,Historical
2022-08-18,9,2993.7185892071643,West,Historical
2022-08-19,9,2662.2079249945004,West,Historical
2022-08-20,9,2559.084088642547,West,Historical
2022-08-21,9,2761.6253898598056,West,Historical
2022-08-22,9,2837.418187001867,West,Historical
2022-08-23,9,2920.8868877450795,West,Historical
2022-08-24,9,2967.2348568068433,West,Historical
2022-08-25,9,2714.740192154878,West,Historical
2022-08-26,9,2411.313160739489,West,Historical
2022-08-27,9,2485.853049499414,West,Historical
2022-08-28,9,2855.18552210422,West,Historical
2022-08-29,9,2969.7028633616624,West,Historical
2022-08-30,9,3278.199808965097,West,Historical
2022-08-31,9,3028.7122862906353,West,Historical
2022-09-01,9,2874.12808070185,West,Historical
2022-09-02,9,2509.8788952753016,West,Historical
2022-09-03,9,2410.6071888668066,West,Historical
2022-09-04,9,2616.4115782641375,West,Historical
2022-09-05,9,2512.0981584574442,West,Historical
2022-09-06,9,2882.086095446162,West,Historical
2022-09-07,9,2976.9809948597917,West,Historical
2022-09-08,9,2677.52032300531,West,Historical
2022-09-09,9,2500.7178796629955,West,Historical
2022-09-10,9,2790.484516041061,West,Historical
2022-09-11,9,2406.5042478534147,West,Historical
2022-09-12,9,2644.2208119774064,West,Historical
2022-09-13,9,2433.2803895005673,West,Historical
2022-09-14,9,2554.4156066515084,West,Historical
2022-09-15,9,2803.8927719835015,West,Historical
2022-09-16,9,2565.4780822453104,West,Historical
2022-09-17,9,2368.4173474464624,West,Historical
2022-09-18,9,3005.1735916832613,West,Historical
2022-09-19,9,2693.8570432160313,West,Historical
2022-09-20,9,3123.345077976907,West,Historical
2022-09-21,9,3251.3255564664796,West,Historical
2022-09-22,9,3008.5467724572045,West,Historical
2022-09-23,9,2872.680634632352,West,Historical
2022-09-24,9,2480.1058784163297,West,Historical
2022-09-25,9,2441.0880497476624,West,Historical
2022-09-26,9,2704.849196494647,West,Historical
2022-09-27,9,3119.6937430503763,West,Historical
2022-09-28,9,2616.4380091916382,West,Historical
2022-09-29,9,2922.2351396704707,West,Historical
2022-09-30,9,2559.352408512881,West,Historical
2022-10-01,9,2728.203766472734,West,Historical
2022-10-02,9,2373.8772722712465,West,Historical
2022-10-03,9,2904.9978087956933,West,Historical
2022-10-04,9,3568.774678823061,West,Historical
2022-10-05,9,3062.5461666575957,West,Historical
2022-10-06,9,3077.1539965723077,West,Historical
2022-10-07,9,3117.445422302136,West,Historical
2022-10-08,9,2485.9518598727045,West,Historical
2022-10-09,9,2603.754355315897,West,Historical
2022-10-10,9,2757.6231820469925,West,Historical
2022-10-11,9,3090.621675630015,West,Historical
2022-10-12,9,3146.9639369717506,West,Historical
2022-10-13,9,2947.869983025083,West,Historical
2022-10-14,9,2945.7551017964306,West,Historical
2022-10-15,9,3277.0389547127647,West,Historical
2022-10-16,9,2678.3187811276557,West,Historical
2022-10-17,9,2808.660397795273,West,Historical
2022-10-18,9,2761.0518061700927,West,Historical
2022-10-19,9,2823.495574168729,West,Historical
2022-10-20,9,2907.198558506217,West,Historical
2022-10-21,9,2729.3499775596956,West,Historical
2022-10-22,9,2474.517769746175,West,Historical
2022-10-23,9,2818.240633964675,West,Historical
2022-10-24,9,2682.8734002654696,West,Historical
2022-10-25,9,3104.670324217118,West,Historical
2022-10-26,9,3024.4987519139345,West,Historical
2022-10-27,9,2636.768229134899,West,Historical
2022-10-28,9,2632.4431154013437,West,Historical
2022-10-29,9,2546.5443895325097,West,Historical
2022-10-30,9,2628.572990864018,West,Historical
2022-10-31,9,3240.3726285259618,West,Historical
2022-11-01,9,3129.454336080033,West,Historical
2022-11-02,9,3287.8269434180643,West,Historical
2022-11-03,9,2955.8749916664788,West,Historical
2022-11-04,9,2950.628617468379,West,Historical
2022-11-05,9,2589.3083705010426,West,Historical
2022-11-06,9,3155.7235440057348,West,Historical
2022-11-07,9,3008.0480418350767,West,Historical
2022-11-08,9,3340.8725568730597,West,Historical
2022-11-09,9,3365.9790755053473,West,Historical
2022-11-10,9,3177.255637924183,West,Historical
2022-11-11,9,3049.3101706822335,West,Historical
2022-11-12,9,2875.1184585904175,West,Historical
2022-11-13,9,2907.421226130121,West,Historical
2022-11-14,9,3559.468270627083,West,Historical
2022-11-15,9,3409.049974470805,West,Historical
2022-11-16,9,3046.212580469559,West,Historical
2022-11-17,9,3266.833441755373,West,Historical
2022-11-18,9,3168.7540032426427,West,Historical
2022-11-19,9,3843.8110539369045,West,Historical
2022-11-20,9,2992.094620451814,West,Historical
2022-11-21,9,3193.9900537868994,West,Historical
2022-11-22,9,3927.6069188813867,West,Historical
2022-11-23,9,4050.7303654607313,West,Historical
2022-11-24,9,3516.9450173296277,West,Historical
2022-11-25,9,4002.828981097085,West,Historical
2022-11-26,9,3811.8422012316664,West,Historical
2022-11-27,9,4169.316715269375,West,Historical
2022-11-28,9,3881.5093971644687,West,Historical
2022-11-29,9,3437.97185460763,West,Historical
2022-11-30,9,3580.2398613796763,West,Historical
2022-12-01,9,3520.224329604574,West,Historical
2022-12-02,9,2980.498789106286,West,Historical
2022-12-03,9,3123.604150701017,West,Historical
2022-12-04,9,3324.576268567763,West,Historical
2022-12-05,9,3626.4379879313997,West,Historical
2022-12-06,9,3772.429805558918,West,Historical
2022-12-07,9,3583.2849319178263,West,Historical
2022-12-08,9,3416.5253822133377,West,Historical
2022-12-09,9,3211.6836041790634,West,Historical
2022-12-10,9,3506.078064914155,West,Historical
2022-12-11,9,3208.8232200082375,West,Historical
2022-12-12,9,3390.2223980110602,West,Historical
2022-12-13,9,4046.375273417274,West,Historical
2022-12-14,9,3932.5373585201564,West,Historical
2022-12-15,9,3997.410914965581,West,Historical
2022-12-16,9,3429.937133736315,West,Historical
2022-12-17,9,3451.130373985674,West,Historical
2022-12-18,9,3708.1784354072997,West,Historical
2022-12-19,9,3655.6896185726782,West,Historical
2022-12-20,9,3822.450102177025,West,Historical
2022-12-21,9,3898.507030385052,West,Historical
2022-12-22,9,3792.2064358262646,West,Historical
2022-12-23,9,3441.9396969880418,West,Historical
2022-12-24,9,4507.681447550963,West,Historical
2022-12-25,9,4264.8006197739405,West,Historical
2022-12-26,9,3807.5318166074735,West,Historical
2022-12-27,9,3958.1231126774037,West,Historical
2022-12-28,9,3957.9249754987172,West,Historical
2022-12-29,9,3968.000302634433,West,Historical
2022-12-30,9,3847.377371565279,West,Historical
2020-01-01,10,3712.813803894115,West,Historical
2020-01-02,10,3777.4339461010013,West,Historical
2020-01-03,10,3632.2098347603733,West,Historical
2020-01-04,10,3408.9074019483382,West,Historical
2020-01-05,10,3818.377491857047,West,Historical
2020-01-06,10,3458.354842596081,West,Historical
2020-01-07,10,3732.9931649878204,West,Historical
2020-01-08,10,3422.023170504414,West,Historical
2020-01-09,10,3588.072619535328,West,Historical
2020-01-10,10,3580.9624402657264,West,Historical
2020-01-11,10,3430.221498314723,West,Historical
2020-01-12,10,3604.481369212692,West,Historical
2020-01-13,10,3723.949867136732,West,Historical
2020-01-14,10,4037.023523600553,West,Historical
2020-01-15,10,4109.650878273718,West,Historical
2020-01-16,10,3788.7886695705342,West,Historical
2020-01-17,10,3866.209917967572,West,Historical
2020-01-18,10,3891.480912510529,West,Historical
2020-01-19,10,3751.2052049898616,West,Historical
2020-01-20,10,4080.5740499446647,West,Historical
2020-01-21,10,3832.364782051646,West,Historical
2020-01-22,10,3866.2166959756437,West,Historical
2020-01-23,10,4459.363480230902,West,Historical
2020-01-24,10,3702.5174706996095,West,Historical
2020-01-25,10,3897.8698700477394,West,Historical
2020-01-26,10,3815.5485925088124,West,Historical
2020-01-27,10,3482.933431642722,West,Historical
2020-01-28,10,3810.4690002507546,West,Historical
2020-01-29,10,4143.997781731675,West,Historical
2020-01-30,10,4617.604886533908,West,Historical
2020-01-31,10,3935.3806041594103,West,Historical
2020-02-01,10,3884.4189770411026,West,Historical
2020-02-02,10,3784.8002388955756,West,Historical
2020-02-03,10,3902.499204024851,West,Historical
2020-02-04,10,3950.253057504958,West,Historical
2020-02-05,10,3983.940358152824,West,Historical
2020-02-06,10,4551.205710178708,West,Historical
2020-02-07,10,4212.759552773199,West,Historical
2020-02-08,10,3683.7829459345708,West,Historical
2020-02-09,10,4065.7136434221297,West,Historical
2020-02-10,10,3896.635257124384,West,Historical
2020-02-11,10,4076.751365706268,West,Historical
2020-02-12,10,4154.174358264066,West,Historical
2020-02-13,10,3787.5789342992352,West,Historical
2020-02-14,10,4976.8859928598495,West,Historical
2020-02-15,10,3489.3500580332534,West,Historical
2020-02-16,10,3972.085658605804,West,Historical
2020-02-17,10,3656.7585346108476,West,Historical
2020-02-18,10,4240.792768338685,West,Historical
2020-02-19,10,3750.1405258928594,West,Historical
2020-02-20,10,4135.294235939093,West,Historical
2020-02-21,10,4056.1725623734715,West,Historical
2020-02-22,10,3562.833206590426,West,Historical
2020-02-23,10,4157.212069931772,West,Historical
2020-02-24,10,3936.819654209475,West,Historical
2020-02-25,10,4137.20757825952,West,Historical
2020-02-26,10,3959.093223921227,West,Historical
2020-02-27,10,3895.5297445545916,West,Historical
2020-02-28,10,4258.216906455231,West,Historical
2020-02-29,10,3635.388653633332,West,Historical
2020-03-01,10,4336.608991684419,West,Historical
2020-03-02,10,3796.5647331231066,West,Historical
2020-03-03,10,4133.905261768412,West,Historical
2020-03-04,10,4314.49272557757,West,Historical
2020-03-05,10,4291.774649114859,West,Historical
2020-03-06,10,3901.1071463539583,West,Historical
2020-03-07,10,3729.2825570154578,West,Historical
2020-03-08,10,4034.2977338348887,West,Historical
2020-03-09,10,3644.957299780385,West,Historical
2020-03-10,10,4419.3801330601555,West,Historical
2020-03-11,10,4181.250032421155,West,Historical
2020-03-12,10,3983.2444746827846,West,Historical
2020-03-13,10,3766.6333837307543,West,Historical
2020-03-14,10,4108.710333923353,West,Historical
2020-03-15,10,4153.269641662091,West,Historical
2020-03-16,10,4232.638948245154,West,Historical
2020-03-17,10,4663.073542163482,West,Historical
2020-03-18,10,3902.5045860066793,West,Historical
2020-03-19,10,4804.506298377614,West,Historical
2020-03-20,10,4425.7121976436765,West,Historical
2020-03-21,10,3711.767827738187,West,Historical
2020-03-22,10,4350.5366349412125,West,Historical
2020-03-23,10,3726.7261989912604,West,Historical
2020-03-24,10,4471.177539932717,West,Historical
2020-03-25,10,4301.350973517658,West,Historical
2020-03-26,10,4240.4927559508515,West,Historical
2020-03-27,10,3951.4771394755862,West,Historical
2020-03-28,10,3790.236592760031,West,Historical
2020-03-29,10,4446.372388292453,West,Historical
2020-03-30,10,4178.306323187967,West,Historical
2020-03-31,10,4112.692853450881,West,Historical
2020-04-01,10,4054.0472974109734,West,Historical
2020-04-02,10,4128.096215377714,West,Historical
2020-04-03,10,4357.289621177306,West,Historical
2020-04-04,10,3546.2242795135658,West,Historical
2020-04-05,10,4402.992159193769,West,Historical
2020-04-06,10,4112.0026955970425,West,Historical
2020-04-07,10,4798.460698007326,West,Historical
2020-04-08,10,4398.512043945745,West,Historical
2020-04-09,10,4189.209432257944,West,Historical
2020-04-10,10,4139.457369360128,West,Historical
2020-04-11,10,4055.921663744365,West,Historical
2020-04-12,10,3667.594515724939,West,Historical
2020-04-13,10,4530.058618952955,West,Historical
2020-04-14,10,3964.324816500329,West,Historical
2020-04-15,10,3939.4040697010555,West,Historical
2020-04-16,10,4560.3878833393055,West,Historical
2020-04-17,10,4909.008444522404,West,Historical
2020-04-18,10,4164.861635075695,West,Historical
2020-04-19,10,3903.983028722041,West,Historical
2020-04-20,10,4134.7068965395765,West,Historical
2020-04-21,10,4176.167773688024,West,Historical
2020-04-22,10,4413.50324706598,West,Historical
2020-04-23,10,4386.4282874692535,West,Historical
2020-04-24,10,4196.458100185327,West,Historical
2020-04-25,10,4394.862516188203,West,Historical
2020-04-26,10,3784.717152272158,West,Historical
2020-04-27,10,4112.565488184676,West,Historical
2020-04-28,10,4526.8703440932,West,Historical
2020-04-29,10,4114.086719143477,West,Historical
2020-04-30,10,4597.416860913427,West,Historical
2020-05-01,10,4123.487634994735,West,Historical
2020-05-02,10,3838.9780823552646,West,Historical
2020-05-03,10,3506.241487977849,West,Historical
2020-05-04,10,3875.6122440445506,West,Historical
2020-05-05,10,4304.352850725799,West,Historical
2020-05-06,10,4088.1991482553567,West,Historical
2020-05-07,10,4103.335034761037,West,Historical
2020-05-08,10,3689.4363419233396,West,Historical
2020-05-09,10,3818.555896132593,West,Historical
2020-05-10,10,3730.4329347399284,West,Historical
2020-05-11,10,4371.183704065365,West,Historical
2020-05-12,10,3564.3151507701587,West,Historical
2020-05-13,10,4115.555893533508,West,Historical
2020-05-14,10,3820.0772483251253,West,Historical
2020-05-15,10,3497.659613113713,West,Historical
2020-05-16,10,3953.783556766784,West,Historical
2020-05-17,10,3526.8835943514205,West,Historical
2020-05-18,10,4194.371776303951,West,Historical
2020-05-19,10,4003.813430173542,West,Historical
2020-05-20,10,4012.7954310913938,West,Historical
2020-05-21,10,3666.320748196089,West,Historical
2020-05-22,10,3848.0917107961263,West,Historical
2020-05-23,10,3753.758577093593,West,Historical
2020-05-24,10,3767.933944683898,West,Historical
2020-05-25,10,3878.3049805988258,West,Historical
2020-05-26,10,3917.3170007566328,West,Historical
2020-05-27,10,3944.383935096636,West,Historical
2020-05-28,10,3831.1491469476096,West,Historical
2020-05-29,10,3669.353333140503,West,Historical
2020-05-30,10,3623.3763084821717,West,Historical
2020-05-31,10,3302.5760413368384,West,Historical
2020-06-01,10,4045.2955688375732,West,Historical
2020-06-02,10,3682.8242515562747,West,Historical
2020-06-03,10,4082.535286837532,West,Historical
2020-06-04,10,3885.34583938484,West,Historical
2020-06-05,10,3692.941624254182,West,Historical
2020-06-06,10,3553.035362453439,West,Historical
2020-06-07,10,3609.275727021789,West,Historical
2020-06-08,10,3587.167520062001,West,Historical
2020-06-09,10,4059.352884347561,West,Historical
2020-06-10,10,3642.8167753799485,West,Historical
2020-06-11,10,4036.9977078439397,West,Historical
2020-06-12,10,4000.5318991301724,West,Historical
2020-06-13,10,3423.8527393918644,West,Historical
2020-06-14,10,3630.892608143256,West,Historical
2020-06-15,10,3624.646364079303,West,Historical
2020-06-16,10,3648.7975578270803,West,Historical
2020-06-17,10,3697.1940713062077,West,Historical
2020-06-18,10,3476.581818058051,West,Historical
2020-06-19,10,3416.9056234418554,West,Historical
2020-06-20,10,3464.3519940710617,West,Historical
2020-06-21,10,3687.1983505546905,West,Historical
2020-06-22,10,3530.3068004707493,West,Historical
2020-06-23,10,3714.92224442895,West,Historical
2020-06-24,10,3790.922337885083,West,Historical
2020-06-25,10,3798.1203522942856,West,Historical
2020-06-26,10,3396.4408642683866,West,Historical
2020-06-27,10,3299.220133188327,West,Historical
2020-06-28,10,3465.505164196444,West,Historical
2020-06-29,10,3621.2314165435428,West,Historical
2020-06-30,10,3674.0711040453666,West,Historical
2020-07-01,10,3703.6418162966006,West,Historical
2020-07-02,10,3434.24521142476,West,Historical
2020-07-03,10,3167.0418571547584,West,Historical
2020-07-04,10,3505.4181515756472,West,Historical
2020-07-05,10,2863.13522862335,West,Historical
2020-07-06,10,3798.5323503291993,West,Historical
2020-07-07,10,3802.7852351833308,West,Historical
2020-07-08,10,3858.1424840985546,West,Historical
2020-07-09,10,4119.031775959664,West,Historical
2020-07-10,10,3496.440152923565,West,Historical
2020-07-11,10,2980.932917280922,West,Historical
2020-07-12,10,3042.078073207178,West,Historical
2020-07-13,10,3562.977076640874,West,Historical
2020-07-14,10,3364.386559658795,West,Historical
2020-07-15,10,3545.4768551332645,West,Historical
2020-07-16,10,3422.5288281591124,West,Historical
2020-07-17,10,3219.968187435514,West,Historical
2020-07-18,10,3568.633778565369,West,Historical
2020-07-19,10,3065.819808355483,West,Historical
2020-07-20,10,3310.2512532449387,West,Historical
2020-07-21,10,3167.850308685015,West,Historical
2020-07-22,10,2990.6622258987586,West,Historical
2020-07-23,10,3384.883966548048,West,Historical
2020-07-24,10,3322.3189696222757,West,Historical
2020-07-25,10,3256.830930740787,West,Historical
2020-07-26,10,2875.103829142052,West,Historical
2020-07-27,10,3155.9839374178023,West,Historical
2020-07-28,10,3505.8020344548163,West,Historical
2020-07-29,10,3361.9243103403896,West,Historical
2020-07-30,10,3224.3353386231483,West,Historical
2020-07-31,10,2823.542551795358,West,Historical
2020-08-01,10,2802.504551302898,West,Historical
2020-08-02,10,2940.5452930334545,West,Historical
2020-08-03,10,2956.4167828670747,West,Historical
2020-08-04,10,3016.611350065014,West,Historical
2020-08-05,10,3304.139195950985,West,Historical
2020-08-06,10,2891.066470710187,West,Historical
2020-08-07,10,2892.0696837432,West,Historical
2020-08-08,10,2691.3186301312635,West,Historical
2020-08-09,10,2942.089892258768,West,Historical
2020-08-10,10,2620.246028399727,West,Historical
2020-08-11,10,3512.628945136579,West,Historical
2020-08-12,10,3040.592564239673,West,Historical
2020-08-13,10,3204.202908474166,West,Historical
2020-08-14,10,3350.8542246002653,West,Historical
2020-08-15,10,2687.6078412394277,West,Historical
2020-08-16,10,2508.2757867562314,West,Historical
2020-08-17,10,3514.187929507263,West,Historical
2020-08-18,10,2471.9371959760274,West,Historical
2020-08-19,10,2720.663409894198,West,Historical
2020-08-20,10,3374.5777662120554,West,Historical
2020-08-21,10,2720.0568563140964,West,Historical
2020-08-22,10,3036.3073096358316,West,Historical
2020-08-23,10,2725.440464854164,West,Historical
2020-08-24,10,2246.296720102349,West,Historical
2020-08-25,10,2794.5824662569507,West,Historical
2020-08-26,10,3329.3547009954323,West,Historical
2020-08-27,10,2543.639872726832,West,Historical
2020-08-28,10,2624.3189046409807,West,Historical
2020-08-29,10,2506.0006389345244,West,Historical
2020-08-30,10,2460.3737223078588,West,Historical
2020-08-31,10,2426.3122175376307,West,Historical
2020-09-01,10,2878.1210051059156,West,Historical
2020-09-02,10,2961.459581760984,West,Historical
2020-09-03,10,2420.4592546142094,West,Historical
2020-09-04,10,2316.862533984631,West,Historical
2020-09-05,10,2440.0757528080676,West,Historical
2020-09-06,10,2451.4109715296777,West,Historical
2020-09-07,10,2628.287022188438,West,Historical
2020-09-08,10,2660.772462959729,West,Historical
2020-09-09,10,2689.6268524019288,West,Historical
2020-09-10,10,2965.6273547844767,West,Historical
2020-09-11,10,2337.7541950880113,West,Historical
2020-09-12,10,2768.034741412396,West,Historical
2020-09-13,10,2453.2681179115143,West,Historical
2020-09-14,10,2304.8061039335835,West,Historical
2020-09-15,10,2508.466525856157,West,Historical
2020-09-16,10,2732.5513477881564,West,Historical
2020-09-17,10,2661.9537504497466,West,Historical
2020-09-18,10,2447.0176138573784,West,Historical
2020-09-19,10,2204.6518264584925,West,Historical
2020-09-20,10,2493.7966148555397,West,Historical
2020-09-21,10,2615.3501030164484,West,Historical
2020-09-22,10,2616.959768187684,West,Historical
2020-09-23,10,2798.6710084353676,West,Historical
2020-09-24,10,2816.7125308016402,West,Historical
2020-09-25,10,2370.65649060415,West,Historical
2020-09-26,10,2693.1527808973506,West,Historical
2020-09-27,10,2418.4234247863487,West,Historical
2020-09-28,10,3074.8615713829486,West,Historical
2020-09-29,10,2740.053339457899,West,Historical
2020-09-30,10,2907.2258414940056,West,Historical
2020-10-01,10,2785.0573599691475,West,Historical
2020-10-02,10,3300.1363991187895,West,Historical
2020-10-03,10,2403.022918470005,West,Historical
2020-10-04,10,2347.679799079938,West,Historical
2020-10-05,10,2793.379750880018,West,Historical
2020-10-06,10,2766.1719751518303,West,Historical
2020-10-07,10,2815.848470182743,West,Historical
2020-10-08,10,2960.0440884050013,West,Historical
2020-10-09,10,3004.884727464313,West,Historical
2020-10-10,10,2406.236501208344,West,Historical
2020-10-11,10,2552.3930377356455,West,Historical
2020-10-12,10,2704.106253507479,West,Historical
2020-10-13,10,2545.9315008977896,West,Historical
2020-10-14,10,2607.9420674001517,West,Historical
2020-10-15,10,2733.1906392237233,West,Historical
2020-10-16,10,2676.538268943086,West,Historical
2020-10-17,10,2353.9164656987364,West,Historical
2020-10-18,10,2708.0849815433317,West,Historical
2020-10-19,10,2688.54197349214,West,Historical
2020-10-20,10,2880.5850174497496,West,Historical
2020-10-21,10,2937.5576749706115,West,Historical
2020-10-22,10,2733.459455915759,West,Historical
2020-10-23,10,2560.446681462947,West,Historical
2020-10-24,10,2814.6887357189166,West,Historical
2020-10-25,10,2369.5700178782604,West,Historical
2020-10-26,10,2746.898684932973,West,Historical
2020-10-27,10,2748.0550591600136,West,Historical
2020-10-28,10,3002.2803197662797,West,Historical
2020-10-29,10,2798.3306168724284,West,Historical
2020-10-30,10,2476.7887074480886,West,Historical
2020-10-31,10,3530.647771776066,West,Historical
2020-11-01,10,3026.8368259928525,West,Historical
2020-11-02,10,3222.3386951917923,West,Historical
2020-11-03,10,3369.7071003402816,West,Historical
2020-11-04,10,3369.058441341086,West,Historical
2020-11-05,10,3212.6702528280007,West,Historical
2020-11-06,10,3323.469254687712,West,Historical
2020-11-07,10,3060.974002333308,West,Historical
2020-11-08,10,2786.378180710977,West,Historical
2020-11-09,10,3035.1071897989905,West,Historical
2020-11-10,10,3369.6937206386874,West,Historical
2020-11-11,10,3706.1094712476097,West,Historical
2020-11-12,10,3745.8395023387725,West,Historical
2020-11-13,10,2923.1756447305247,West,Historical
2020-11-14,10,2945.99284712574,West,Historical
2020-11-15,10,2648.112712290752,West,Historical
2020-11-16,10,3001.469565329059,West,Historical
2020-11-17,10,2894.95937442796,West,Historical
2020-11-18,10,3543.225674608516,West,Historical
2020-11-19,10,3129.794033998417,West,Historical
2020-11-20,10,2928.243468031053,West,Historical
2020-11-21,10,2644.2839236021973,West,Historical
2020-11-22,10,3941.5463251018455,West,Historical
2020-11-23,10,3711.373520543564,West,Historical
2020-11-24,10,3492.7918266317447,West,Historical
2020-11-25,10,3512.1159674218443,West,Historical
2020-11-26,10,3857.3607320316446,West,Historical
2020-11-27,10,3659.135146774868,West,Historical
2020-11-28,10,4224.153251078482,West,Historical
2020-11-29,10,2703.311226203638,West,Historical
2020-11-30,10,3079.5607215974824,West,Historical
2020-12-01,10,3122.4924963590315,West,Historical
2020-12-02,10,3402.1537429201653,West,Historical
2020-12-03,10,3345.506637092383,West,Historical
2020-12-04,10,3209.133235417788,West,Historical
2020-12-05,10,2943.7256675216513,West,Historical
2020-12-06,10,3360.145198754251,West,Historical
2020-12-07,10,3118.4715766370155,West,Historical
2020-12-08,10,3701.0608021121066,West,Historical
2020-12-09,10,4030.266873146774,West,Historical
2020-12-10,10,3528.750139673648,West,Historical
2020-12-11,10,3672.6820783969447,West,Historical
2020-12-12,10,3515.525292273417,West,Historical
2020-12-13,10,3596.6746891940884,West,Historical
2020-12-14,10,3310.6196493096945,West,Historical
2020-12-15,10,3332.9131173727537,West,Historical
2020-12-16,10,3718.0642628492656,West,Historical
2020-12-17,10,3880.8106613365785,West,Historical
2020-12-18,10,3424.92462152491,West,Historical
2020-12-19,10,3798.653188269661,West,Historical
2020-12-20,10,3389.846066887374,West,Historical
2020-12-21,10,3445.0550209032144,West,Historical
2020-12-22,10,4045.5605457161378,West,Historical
2020-12-23,10,3904.6625636736094,West,Historical
2020-12-24,10,4696.209749098828,West,Historical
2020-12-25,10,3905.504263833587,West,Historical
2020-12-26,10,3279.9485026737307,West,Historical
2020-12-27,10,3483.7358929505817,West,Historical
2020-12-28,10,3796.7669009684164,West,Historical
2020-12-29,10,3829.4494181514947,West,Historical
2020-12-30,10,3807.5301247410052,West,Historical
2020-12-31,10,4478.282018837874,West,Historical
2021-01-01,10,4363.191033704023,West,Historical
2021-01-02,10,3678.2380391884067,West,Historical
2021-01-03,10,3327.5592486483524,West,Historical
2021-01-04,10,3888.407130799538,West,Historical
2021-01-05,10,4088.330169664529,West,Historical
2021-01-06,10,4630.5473093505925,West,Historical
2021-01-07,10,4054.884313037452,West,Historical
2021-01-08,10,3766.155917901523,West,Historical
2021-01-09,10,3775.7967319515797,West,Historical
2021-01-10,10,3734.7788056299582,West,Historical
2021-01-11,10,4712.776670440313,West,Historical
2021-01-12,10,4101.565228149474,West,Historical
2021-01-13,10,3936.1802642145885,West,Historical
2021-01-14,10,4187.523130350437,West,Historical
2021-01-15,10,3861.0906553445125,West,Historical
2021-01-16,10,3776.0370858545657,West,Historical
2021-01-17,10,3418.503601642749,West,Historical
2021-01-18,10,3931.7767038193947,West,Historical
2021-01-19,10,4535.111888191497,West,Historical
2021-01-20,10,4283.824358796658,West,Historical
2021-01-21,10,3909.5847396271984,West,Historical
2021-01-22,10,4021.34089107703,West,Historical
2021-01-23,10,3779.0120734245243,West,Historical
2021-01-24,10,3950.409420389355,West,Historical
2021-01-25,10,3969.81812358593,West,Historical
2021-01-26,10,5360.525304930023,West,Historical
2021-01-27,10,4421.833151836174,West,Historical
2021-01-28,10,3615.4933034080086,West,Historical
2021-01-29,10,4183.511959839392,West,Historical
2021-01-30,10,3869.327636969938,West,Historical
2021-01-31,10,3855.4301656056596,West,Historical
2021-02-01,10,4220.419091230301,West,Historical
2021-02-02,10,4261.192723167549,West,Historical
2021-02-03,10,4223.5289980858,West,Historical
2021-02-04,10,4437.211196204288,West,Historical
2021-02-05,10,3987.2455324870443,West,Historical
2021-02-06,10,4053.1201413200847,West,Historical
2021-02-07,10,3547.582738708863,West,Historical
2021-02-08,10,4049.568834767527,West,Historical
2021-02-09,10,4374.970668522287,West,Historical
2021-02-10,10,4545.506601065082,West,Historical
2021-02-11,10,4201.368502684419,West,Historical
2021-02-12,10,4410.706829349122,West,Historical
2021-02-13,10,3998.095549809539,West,Historical
2021-02-14,10,4301.603792494529,West,Historical
2021-02-15,10,4030.8559352073653,West,Historical
2021-02-16,10,4401.503250620415,West,Historical
2021-02-17,10,4849.247741619015,West,Historical
2021-02-18,10,3474.601753574376,West,Historical
2021-02-19,10,4158.065604573069,West,Historical
2021-02-20,10,3806.300477857778,West,Historical
2021-02-21,10,4230.643280490147,West,Historical
2021-02-22,10,4632.676377508133,West,Historical
2021-02-23,10,3983.897398957867,West,Historical
2021-02-24,10,4142.958544714962,West,Historical
2021-02-25,10,4269.614858436319,West,Historical
2021-02-26,10,4016.406384187424,West,Historical
2021-02-27,10,3868.0974615279956,West,Historical
2021-02-28,10,3858.067093140257,West,Historical
2021-03-01,10,4170.622846888278,West,Historical
2021-03-02,10,4365.910422552425,West,Historical
2021-03-03,10,4264.996332129377,West,Historical
2021-03-04,10,4257.431235851181,West,Historical
2021-03-05,10,4257.223593120463,West,Historical
2021-03-06,10,3735.989242823823,West,Historical
2021-03-07,10,4162.499713440659,West,Historical
2021-03-08,10,4388.670658335341,West,Historical
2021-03-09,10,4419.152815849895,West,Historical
2021-03-10,10,4277.394893075112,West,Historical
2021-03-11,10,3736.3306122226386,West,Historical
2021-03-12,10,4483.293447812081,West,Historical
2021-03-13,10,3564.770735346002,West,Historical
2021-03-14,10,4502.007973646575,West,Historical
2021-03-15,10,4443.750185582119,West,Historical
2021-03-16,10,4389.086774406702,West,Historical
2021-03-17,10,4729.498617878227,West,Historical
2021-03-18,10,3953.1806901195796,West,Historical
2021-03-19,10,3873.130072943673,West,Historical
2021-03-20,10,4016.347332577835,West,Historical
2021-03-21,10,4070.6892098230937,West,Historical
2021-03-22,10,4357.7749990213515,West,Historical
2021-03-23,10,4597.9388563117145,West,Historical
2021-03-24,10,4849.207505039019,West,Historical
2021-03-25,10,4430.799315371205,West,Historical
2021-03-26,10,4134.583796036856,West,Historical
2021-03-27,10,4142.192801374877,West,Historical
2021-03-28,10,4579.966130548876,West,Historical
2021-03-29,10,3879.500479893203,West,Historical
2021-03-30,10,3969.8007149336086,West,Historical
2021-03-31,10,4187.497993160412,West,Historical
2021-04-01,10,4361.544071239675,West,Historical
2021-04-02,10,4389.8947938141955,West,Historical
2021-04-03,10,3921.814812473692,West,Historical
2021-04-04,10,3668.4743245502814,West,Historical
2021-04-05,10,4588.775837081827,West,Historical
2021-04-06,10,4685.6527292012,West,Historical
2021-04-07,10,4503.998585340087,West,Historical
2021-04-08,10,4590.848374257303,West,Historical
2021-04-09,10,4674.700613020382,West,Historical
2021-04-10,10,4049.530816871387,West,Historical
2021-04-11,10,4224.246166107227,West,Historical
2021-04-12,10,4093.963854774921,West,Historical
2021-04-13,10,4958.587806635795,West,Historical
2021-04-14,10,4149.480902767482,West,Historical
2021-04-15,10,4680.721406701877,West,Historical
2021-04-16,10,4320.78775566369,West,Historical
2021-04-17,10,4235.146300115932,West,Historical
2021-04-18,10,3874.2544590915363,West,Historical
2021-04-19,10,4107.499273160526,West,Historical
2021-04-20,10,4638.118067231719,West,Historical
2021-04-21,10,4282.891729776074,West,Historical
2021-04-22,10,4791.460279636093,West,Historical
2021-04-23,10,4166.198842634497,West,Historical
2021-04-24,10,4234.417338136706,West,Historical
2021-04-25,10,4031.0877201830544,West,Historical
2021-04-26,10,4097.493814592961,West,Historical
2021-04-27,10,4973.1568653076065,West,Historical
2021-04-28,10,4409.628529294633,West,Historical
2021-04-29,10,4252.33545746156,West,Historical
2021-04-30,10,4247.987676289496,West,Historical
2021-05-01,10,4106.300322595191,West,Historical
2021-05-02,10,4083.879622618269,West,Historical
2021-05-03,10,4731.473686911328,West,Historical
2021-05-04,10,4079.1958560760477,West,Historical
2021-05-05,10,4121.271605586888,West,Historical
2021-05-06,10,4106.328620573963,West,Historical
2021-05-07,10,4529.433730882588,West,Historical
2021-05-08,10,3743.1733236981486,West,Historical
2021-05-09,10,4557.67282009765,West,Historical
2021-05-10,10,4413.061691003962,West,Historical
2021-05-11,10,4506.28776025161,West,Historical
2021-05-12,10,4071.4035807584964,West,Historical
2021-05-13,10,4441.944442922884,West,Historical
2021-05-14,10,3876.3906705370314,West,Historical
2021-05-15,10,3684.772274424655,West,Historical
2021-05-16,10,3630.986889690867,West,Historical
2021-05-17,10,4081.854067506584,West,Historical
2021-05-18,10,4044.552287726732,West,Historical
2021-05-19,10,3788.5915943926857,West,Historical
2021-05-20,10,4594.052921389621,West,Historical
2021-05-21,10,3957.4069624639546,West,Historical
2021-05-22,10,3821.1052329472986,West,Historical
2021-05-23,10,3791.198491785312,West,Historical
2021-05-24,10,4322.5299031098275,West,Historical
2021-05-25,10,3872.5696600564816,West,Historical
2021-05-26,10,4199.68159251513,West,Historical
2021-05-27,10,3851.786634877175,West,Historical
2021-05-28,10,4012.144723336188,West,Historical
2021-05-29,10,3616.8129257161922,West,Historical
2021-05-30,10,3973.7153909087006,West,Historical
2021-05-31,10,3771.265605445473,West,Historical
2021-06-01,10,3976.5229683873695,West,Historical
2021-06-02,10,3969.032887043295,West,Historical
2021-06-03,10,4014.398072591007,West,Historical
2021-06-04,10,3549.6712212168136,West,Historical
2021-06-05,10,3854.861425016675,West,Historical
2021-06-06,10,3609.176043133733,West,Historical
2021-06-07,10,4227.235773035882,West,Historical
2021-06-08,10,4321.018012925707,West,Historical
2021-06-09,10,3983.5272754344646,West,Historical
2021-06-10,10,3932.6268310189257,West,Historical
2021-06-11,10,3812.469538812739,West,Historical
2021-06-12,10,3446.454106252049,West,Historical
2021-06-13,10,3670.6898399130177,West,Historical
2021-06-14,10,4005.0498846174555,West,Historical
2021-06-15,10,4224.380253166658,West,Historical
2021-06-16,10,4194.813535979596,West,Historical
2021-06-17,10,3712.4969004447285,West,Historical
2021-06-18,10,3534.2391557011847,West,Historical
2021-06-19,10,3671.436982014068,West,Historical
2021-06-20,10,3671.085387748403,West,Historical
2021-06-21,10,3473.7765297837364,West,Historical
2021-06-22,10,3917.2872393062135,West,Historical
2021-06-23,10,4012.7470741557495,West,Historical
2021-06-24,10,3703.8743030858773,West,Historical
2021-06-25,10,3671.8213413245617,West,Historical
2021-06-26,10,3258.912922801933,West,Historical
2021-06-27,10,3682.146944505842,West,Historical
2021-06-28,10,3849.393413537073,West,Historical
2021-06-29,10,4079.81499252967,West,Historical
2021-06-30,10,3958.144772614387,West,Historical
2021-07-01,10,3801.4844005150558,West,Historical
2021-07-02,10,3672.1685420105828,West,Historical
2021-07-03,10,3102.998122967458,West,Historical
2021-07-04,10,4239.410222240947,West,Historical
2021-07-05,10,3697.242732912328,West,Historical
2021-07-06,10,3430.2111000067307,West,Historical
2021-07-07,10,3839.9060855537573,West,Historical
2021-07-08,10,3777.35784471837,West,Historical
2021-07-09,10,3321.325196799525,West,Historical
2021-07-10,10,3234.174923835301,West,Historical
2021-07-11,10,3449.753003731501,West,Historical
2021-07-12,10,4191.120676539436,West,Historical
2021-07-13,10,3341.048359714805,West,Historical
2021-07-14,10,3856.5206056612305,West,Historical
2021-07-15,10,3219.202149424116,West,Historical
2021-07-16,10,3356.722488533149,West,Historical
2021-07-17,10,3226.1986142688743,West,Historical
2021-07-18,10,3246.475298859311,West,Historical
2021-07-19,10,3645.0835576975114,West,Historical
2021-07-20,10,3503.8848055550015,West,Historical
2021-07-21,10,3440.7628480778926,West,Historical
2021-07-22,10,3358.845056935841,West,Historical
2021-07-23,10,3181.3071468732387,West,Historical
2021-07-24,10,3020.151128343264,West,Historical
2021-07-25,10,3123.0411545480843,West,Historical
2021-07-26,10,3715.583343269955,West,Historical
2021-07-27,10,3297.5273648271304,West,Historical
2021-07-28,10,3544.3031835114502,West,Historical
2021-07-29,10,3465.0448460590405,West,Historical
2021-07-30,10,2945.177540633833,West,Historical
2021-07-31,10,2886.1608439868846,West,Historical
2021-08-01,10,2875.1178893791803,West,Historical
2021-08-02,10,3352.8755558771904,West,Historical
2021-08-03,10,3164.400455143663,West,Historical
2021-08-04,10,2719.5867737413537,West,Historical
2021-08-05,10,2676.997589969041,West,Historical
2021-08-06,10,2787.2955140669333,West,Historical
2021-08-07,10,2635.104291251911,West,Historical
2021-08-08,10,2688.0523917132073,West,Historical
2021-08-09,10,2890.0343262469387,West,Historical
2021-08-10,10,3388.6489992798124,West,Historical
2021-08-11,10,2937.3550738500535,West,Historical
2021-08-12,10,3087.7162248721515,West,Historical
2021-08-13,10,3107.4703633947397,West,Historical
2021-08-14,10,2428.9384005410006,West,Historical
2021-08-15,10,3106.9715176559907,West,Historical
2021-08-16,10,2810.7672651683743,West,Historical
2021-08-17,10,3007.197300913822,West,Historical
2021-08-18,10,3082.4311164149885,West,Historical
2021-08-19,10,2625.185222227791,West,Historical
2021-08-20,10,3060.3371966472637,West,Historical
2021-08-21,10,2960.9036947832246,West,Historical
2021-08-22,10,2582.3237322984696,West,Historical
2021-08-23,10,2713.759822841993,West,Historical
2021-08-24,10,3061.8519423470657,West,Historical
2021-08-25,10,2958.625603785881,West,Historical
2021-08-26,10,2813.2162206670323,West,Historical
2021-08-27,10,3200.0515718818124,West,Historical
2021-08-28,10,2580.8053899762517,West,Historical
2021-08-29,10,2896.7166145961824,West,Historical
2021-08-30,10,2578.399899778547,West,Historical
2021-08-31,10,2877.987726736249,West,Historical
2021-09-01,10,2720.7338704578206,West,Historical
2021-09-02,10,3196.459805518518,West,Historical
2021-09-03,10,2562.219010086518,West,Historical
2021-09-04,10,2148.469321881763,West,Historical
2021-09-05,10,2753.8634775610562,West,Historical
2021-09-06,10,3134.968179513533,West,Historical
2021-09-07,10,2862.3929006856597,West,Historical
2021-09-08,10,2591.6438165811246,West,Historical
2021-09-09,10,3340.033944307239,West,Historical
2021-09-10,10,2634.959336963789,West,Historical
2021-09-11,10,2319.6205787018675,West,Historical
2021-09-12,10,2632.634535370495,West,Historical
2021-09-13,10,2709.1869111801634,West,Historical
2021-09-14,10,2901.4537145320887,West,Historical
2021-09-15,10,2969.7145225370878,West,Historical
2021-09-16,10,2758.8551749393355,West,Historical
2021-09-17,10,2741.601755627969,West,Historical
2021-09-18,10,2569.5153953299973,West,Historical
2021-09-19,10,2192.3757822145767,West,Historical
2021-09-20,10,2588.8265599288443,West,Historical
2021-09-21,10,2887.681775042242,West,Historical
2021-09-22,10,3145.141583125508,West,Historical
2021-09-23,10,2725.4137007441523,West,Historical
2021-09-24,10,2642.000437762759,West,Historical
2021-09-25,10,2334.6720452850873,West,Historical
2021-09-26,10,2987.3251910809736,West,Historical
2021-09-27,10,2588.2833245180605,West,Historical
2021-09-28,10,2781.1423455488707,West,Historical
2021-09-29,10,2945.039791672858,West,Historical
2021-09-30,10,2716.518547898968,West,Historical
2021-10-01,10,2743.7411602333586,West,Historical
2021-10-02,10,3006.3908299184013,West,Historical
2021-10-03,10,2909.129643149373,West,Historical
2021-10-04,10,2755.2198110514964,West,Historical
2021-10-05,10,3077.7389455993357,West,Historical
2021-10-06,10,3043.202149334988,West,Historical
2021-10-07,10,3082.246314802208,West,Historical
2021-10-08,10,2380.87161949307,West,Historical
2021-10-09,10,2269.574499676935,West,Historical
2021-10-10,10,2717.23574047384,West,Historical
2021-10-11,10,2838.396443184682,West,Historical
2021-10-12,10,2741.429802182891,West,Historical
2021-10-13,10,2932.998628390574,West,Historical
2021-10-14,10,3105.0953806760454,West,Historical
2021-10-15,10,2636.4088157227147,West,Historical
2021-10-16,10,3062.9577989754985,West,Historical
2021-10-17,10,3011.3197065591507,West,Historical
2021-10-18,10,2946.0391860217724,West,Historical
2021-10-19,10,3076.723367352116,West,Historical
2021-10-20,10,2407.2485308350833,West,Historical
2021-10-21,10,3083.8223110329955,West,Historical
2021-10-22,10,3006.3493003649955,West,Historical
2021-10-23,10,2707.9555055265305,West,Historical
2021-10-24,10,2725.8395796650325,West,Historical
2021-10-25,10,2646.7496051522185,West,Historical
2021-10-26,10,3426.736005613973,West,Historical
2021-10-27,10,3026.348162034532,West,Historical
2021-10-28,10,2913.710304138733,West,Historical
2021-10-29,10,2756.5321978266584,West,Historical
2021-10-30,10,2788.343286273105,West,Historical
2021-10-31,10,2856.6961831034173,West,Historical
2021-11-01,10,3113.8503956820123,West,Historical
2021-11-02,10,3508.402937329304,West,Historical
2021-11-03,10,3376.2494086436363,West,Historical
2021-11-04,10,2955.664154065054,West,Historical
2021-11-05,10,3014.5171440315967,West,Historical
2021-11-06,10,3028.6455319344295,West,Historical
2021-11-07,10,2827.5483494204045,West,Historical
2021-11-08,10,3076.21027677132,West,Historical
2021-11-09,10,3132.6047399243225,West,Historical
2021-11-10,10,4130.361647945218,West,Historical
2021-11-11,10,3046.8725246074882,West,Historical
2021-11-12,10,3152.260323609573,West,Historical
2021-11-13,10,3063.159123876856,West,Historical
2021-11-14,10,2903.4368599147906,West,Historical
2021-11-15,10,3483.6388548911236,West,Historical
2021-11-16,10,3441.653415937773,West,Historical
2021-11-17,10,3408.5218733438355,West,Historical
2021-11-18,10,3491.4726361963335,West,Historical
2021-11-19,10,3019.632784153183,West,Historical
2021-11-20,10,2692.2221171052306,West,Historical
2021-11-21,10,3477.097621925149,West,Historical
2021-11-22,10,3507.1747072401954,West,Historical
2021-11-23,10,3530.482188324086,West,Historical
2021-11-24,10,3910.5576140189546,West,Historical
2021-11-25,10,3858.417331227184,West,Historical
2021-11-26,10,4134.510119289118,West,Historical
2021-11-27,10,3322.391032018175,West,Historical
2021-11-28,10,3746.6779351468304,West,Historical
2021-11-29,10,3162.4579612086523,West,Historical
2021-11-30,10,3381.441692210491,West,Historical
2021-12-01,10,3494.9986048972896,West,Historical
2021-12-02,10,3509.979620435406,West,Historical
2021-12-03,10,3234.574812850677,West,Historical
2021-12-04,10,2957.278648533095,West,Historical
2021-12-05,10,3226.456486551878,West,Historical
2021-12-06,10,3366.5479634238436,West,Historical
2021-12-07,10,3552.186943372523,West,Historical
2021-12-08,10,3691.1345034903525,West,Historical
2021-12-09,10,3625.743387148683,West,Historical
2021-12-10,10,3194.142100051014,West,Historical
2021-12-11,10,2951.6815489277965,West,Historical
2021-12-12,10,3454.545108601304,West,Historical
2021-12-13,10,3599.0146798254,West,Historical
2021-12-14,10,3853.988000096436,West,Historical
2021-12-15,10,3797.0511527335966,West,Historical
2021-12-16,10,3768.776281627949,West,Historical
2021-12-17,10,3549.231304129755,West,Historical
2021-12-18,10,3241.547545217049,West,Historical
2021-12-19,10,3187.6777863496295,West,Historical
2021-12-20,10,3664.7990536759125,West,Historical
2021-12-21,10,3944.356551040567,West,Historical
2021-12-22,10,4036.4541486101107,West,Historical
2021-12-23,10,3691.7224836897262,West,Historical
2021-12-24,10,4425.071958352459,West,Historical
2021-12-25,10,4706.116039482995,West,Historical
2021-12-26,10,3406.2375553313123,West,Historical
2021-12-27,10,3309.8000993184755,West,Historical
2021-12-28,10,3574.6262263451417,West,Historical
2021-12-29,10,3770.714056326124,West,Historical
2021-12-30,10,4274.625344846048,West,Historical
2021-12-31,10,4349.246098752668,West,Historical
2022-01-01,10,3603.8048912649137,West,Historical
2022-01-02,10,3782.981397815729,West,Historical
2022-01-03,10,3752.2248486307217,West,Historical
2022-01-04,10,4075.9322439634784,West,Historical
2022-01-05,10,4200.530980124665,West,Historical
2022-01-06,10,4567.8591410492145,West,Historical
2022-01-07,10,3916.7735199841914,West,Historical
2022-01-08,10,3786.6970264988704,West,Historical
2022-01-09,10,3702.919110086426,West,Historical
2022-01-10,10,3860.4927001403694,West,Historical
2022-01-11,10,4036.4347332744705,West,Historical
2022-01-12,10,4406.020703434843,West,Historical
2022-01-13,10,4264.104634493093,West,Historical
2022-01-14,10,3902.66391647349,West,Historical
2022-01-15,10,3988.821843218553,West,Historical
2022-01-16,10,3908.112539260211,West,Historical
2022-01-17,10,4529.329046113377,West,Historical
2022-01-18,10,4361.284855598923,West,Historical
2022-01-19,10,4651.378239548614,West,Historical
2022-01-20,10,4426.317775423956,West,Historical
2022-01-21,10,4014.069362078868,West,Historical
2022-01-22,10,4004.1860437314763,West,Historical
2022-01-23,10,4130.486407268497,West,Historical
2022-01-24,10,3951.0065751916754,West,Historical
2022-01-25,10,3917.2834920673718,West,Historical
2022-01-26,10,4551.08422389354,West,Historical
2022-01-27,10,4022.490527328474,West,Historical
2022-01-28,10,3895.5696796052225,West,Historical
2022-01-29,10,4265.326595663198,West,Historical
2022-01-30,10,4093.3999629616137,West,Historical
2022-01-31,10,3640.689528913573,West,Historical
2022-02-01,10,4673.027392859471,West,Historical
2022-02-02,10,4070.2011876778015,West,Historical
2022-02-03,10,4623.270495745671,West,Historical
2022-02-04,10,4358.987293921598,West,Historical
2022-02-05,10,4216.665854362526,West,Historical
2022-02-06,10,4272.97968179344,West,Historical
2022-02-07,10,3900.183225930743,West,Historical
2022-02-08,10,4665.901929306027,West,Historical
2022-02-09,10,4415.6926768177955,West,Historical
2022-02-10,10,3987.9911017297595,West,Historical
2022-02-11,10,4281.04217213978,West,Historical
2022-02-12,10,4137.528275026477,West,Historical
2022-02-13,10,3642.8524847306585,West,Historical
2022-02-14,10,4476.089942795801,West,Historical
2022-02-15,10,4215.781986256554,West,Historical
2022-02-16,10,4373.712042015848,West,Historical
2022-02-17,10,4140.333663508454,West,Historical
2022-02-18,10,4077.8104614385725,West,Historical
2022-02-19,10,3913.769169269154,West,Historical
2022-02-20,10,4091.0101755041374,West,Historical
2022-02-21,10,4451.6876360822935,West,Historical
2022-02-22,10,4382.126885133868,West,Historical
2022-02-23,10,4355.300768414024,West,Historical
2022-02-24,10,4382.903509086316,West,Historical
2022-02-25,10,4254.9856958782375,West,Historical
2022-02-26,10,4256.5139536949155,West,Historical
2022-02-27,10,3968.424427780932,West,Historical
2022-02-28,10,3907.9242973803653,West,Historical
2022-03-01,10,4353.958510190802,West,Historical
2022-03-02,10,4263.654237079909,West,Historical
2022-03-03,10,4968.799250396779,West,Historical
2022-03-04,10,4031.898388391217,West,Historical
2022-03-05,10,3780.542529709356,West,Historical
2022-03-06,10,4053.4254717375825,West,Historical
2022-03-07,10,4276.748988133329,West,Historical
2022-03-08,10,4415.194823292207,West,Historical
2022-03-09,10,4001.2345755410993,West,Historical
2022-03-10,10,4456.132503514235,West,Historical
2022-03-11,10,4151.763842356342,West,Historical
2022-03-12,10,3911.2730417050466,West,Historical
2022-03-13,10,4128.062042606664,West,Historical
2022-03-14,10,4565.825490071423,West,Historical
2022-03-15,10,4403.351500213067,West,Historical
2022-03-16,10,4317.862352278571,West,Historical
2022-03-17,10,4276.526148310481,West,Historical
2022-03-18,10,4191.6366059743905,West,Historical
2022-03-19,10,4085.2394503804358,West,Historical
2022-03-20,10,4003.0063608188507,West,Historical
2022-03-21,10,4751.620877996958,West,Historical
2022-03-22,10,4568.30954363634,West,Historical
2022-03-23,10,4894.084967451056,West,Historical
2022-03-24,10,4253.6807010395505,West,Historical
2022-03-25,10,4304.317343834711,West,Historical
2022-03-26,10,4419.426050981296,West,Historical
2022-03-27,10,5031.950991878298,West,Historical
2022-03-28,10,4505.028672597007,West,Historical
2022-03-29,10,4559.899340558552,West,Historical
2022-03-30,10,4572.26778868688,West,Historical
2022-03-31,10,4233.004225318204,West,Historical
2022-04-01,10,4589.504583612552,West,Historical
2022-04-02,10,4619.0997637538585,West,Historical
2022-04-03,10,3836.2595549899124,West,Historical
2022-04-04,10,4025.7241569116645,West,Historical
2022-04-05,10,4379.902308565977,West,Historical
2022-04-06,10,4155.862369742299,West,Historical
2022-04-07,10,4928.818376040192,West,Historical
2022-04-08,10,4280.662645313953,West,Historical
2022-04-09,10,4330.855393090843,West,Historical
2022-04-10,10,3908.5391403386875,West,Historical
2022-04-11,10,4354.16317472801,West,Historical
2022-04-12,10,4824.934430775803,West,Historical
2022-04-13,10,4594.23268784401,West,Historical
2022-04-14,10,4195.3827545783615,West,Historical
2022-04-15,10,4260.5140835428,West,Historical
2022-04-16,10,4219.285313811539,West,Historical
2022-04-17,10,4339.640632848993,West,Historical
2022-04-18,10,4330.971919622065,West,Historical
2022-04-19,10,4815.706113647353,West,Historical
2022-04-20,10,4689.701141473146,West,Historical
2022-04-21,10,4875.933843697767,West,Historical
2022-04-22,10,4241.4641734128945,West,Historical
2022-04-23,10,4166.6178744526305,West,Historical
2022-04-24,10,4003.3735787816945,West,Historical
2022-04-25,10,3938.8349632614118,West,Historical
2022-04-26,10,4513.577629838357,West,Historical
2022-04-27,10,4574.218338969171,West,Historical
2022-04-28,10,4621.820750859796,West,Historical
2022-04-29,10,4492.565561642941,West,Historical
2022-04-30,10,3895.2327592127463,West,Historical
2022-05-01,10,4078.934190956543,West,Historical
2022-05-02,10,4074.096168237822,West,Historical
2022-05-03,10,4848.73603537659,West,Historical
2022-05-04,10,4472.6610236781635,West,Historical
2022-05-05,10,4230.4118493687065,West,Historical
2022-05-06,10,4312.769330239204,West,Historical
2022-05-07,10,3606.8648555030113,West,Historical
2022-05-08,10,4060.750904306554,West,Historical
2022-05-09,10,3889.0105253092515,West,Historical
2022-05-10,10,4348.755695279986,West,Historical
2022-05-11,10,4331.687374629383,West,Historical
2022-05-12,10,4131.363649359246,West,Historical
2022-05-13,10,4185.762450408503,West,Historical
2022-05-14,10,4132.373105331573,West,Historical
2022-05-15,10,4162.641121750004,West,Historical
2022-05-16,10,4386.739002786986,West,Historical
2022-05-17,10,4598.049200628561,West,Historical
2022-05-18,10,4419.59733307455,West,Historical
2022-05-19,10,4444.879012416997,West,Historical
2022-05-20,10,4054.6703656252967,West,Historical
2022-05-21,10,3519.858322965859,West,Historical
2022-05-22,10,3700.1438572740312,West,Historical
2022-05-23,10,4384.322629857416,West,Historical
2022-05-24,10,4118.904072507797,West,Historical
2022-05-25,10,4284.437525549388,West,Historical
2022-05-26,10,4281.615343492724,West,Historical
2022-05-27,10,4082.937522676563,West,Historical
2022-05-28,10,4242.230526904136,West,Historical
2022-05-29,10,4214.434097840925,West,Historical
2022-05-30,10,4265.410175444839,West,Historical
2022-05-31,10,4698.1672305190505,West,Historical
2022-06-01,10,4174.2087149393265,West,Historical
2022-06-02,10,3827.1056374282603,West,Historical
2022-06-03,10,4323.586101029466,West,Historical
2022-06-04,10,3806.1455167852228,West,Historical
2022-06-05,10,3869.98865734129,West,Historical
2022-06-06,10,3851.9927389929753,West,Historical
2022-06-07,10,3977.6680983485444,West,Historical
2022-06-08,10,4298.346140526548,West,Historical
2022-06-09,10,3867.9588204236793,West,Historical
2022-06-10,10,3866.435291011937,West,Historical
2022-06-11,10,3552.1738659982443,West,Historical
2022-06-12,10,3880.7053086276833,West,Historical
2022-06-13,10,3773.220709471212,West,Historical
2022-06-14,10,4273.549588299909,West,Historical
2022-06-15,10,3988.346984486244,West,Historical
2022-06-16,10,3878.6480439735365,West,Historical
2022-06-17,10,3694.94057273295,West,Historical
2022-06-18,10,3652.4865995877876,West,Historical
2022-06-19,10,3726.630947750367,West,Historical
2022-06-20,10,4121.497239813974,West,Historical
2022-06-21,10,4248.320175733739,West,Historical
2022-06-22,10,4033.4033387217614,West,Historical
2022-06-23,10,4138.012675025057,West,Historical
2022-06-24,10,4017.3434359491102,West,Historical
2022-06-25,10,3461.7725500641927,West,Historical
2022-06-26,10,3750.1448656946136,West,Historical
2022-06-27,10,3543.8767796246593,West,Historical
2022-06-28,10,4512.692745192364,West,Historical
2022-06-29,10,4212.883106439478,West,Historical
2022-06-30,10,3853.2908708794735,West,Historical
2022-07-01,10,3468.6941470705433,West,Historical
2022-07-02,10,3680.8654518243216,West,Historical
2022-07-03,10,3428.1488630553554,West,Historical
2022-07-04,10,3705.495978140145,West,Historical
2022-07-05,10,3800.820665567662,West,Historical
2022-07-06,10,3868.9706484128847,West,Historical
2022-07-07,10,4003.768914707367,West,Historical
2022-07-08,10,3992.481407101226,West,Historical
2022-07-09,10,3230.852280077789,West,Historical
2022-07-10,10,3496.8693356763433,West,Historical
2022-07-11,10,3605.0062410427067,West,Historical
2022-07-12,10,3839.975322874456,West,Historical
2022-07-13,10,3492.2426119739066,West,Historical
2022-07-14,10,4142.890720117353,West,Historical
2022-07-15,10,3115.654784205495,West,Historical
2022-07-16,10,3217.6811721941895,West,Historical
2022-07-17,10,3362.708618139998,West,Historical
2022-07-18,10,3554.4483424895907,West,Historical
2022-07-19,10,3960.7060563351797,West,Historical
2022-07-20,10,3356.3226973672195,West,Historical
2022-07-21,10,3549.91334669392,West,Historical
2022-07-22,10,3075.316553764709,West,Historical
2022-07-23,10,3285.3960767367316,West,Historical
2022-07-24,10,3581.0533986970904,West,Historical
2022-07-25,10,3235.692545319055,West,Historical
2022-07-26,10,3885.661997420889,West,Historical
2022-07-27,10,3610.475885378806,West,Historical
2022-07-28,10,3444.410881064791,West,Historical
2022-07-29,10,3537.7579939978477,West,Historical
2022-07-30,10,3261.3586990710387,West,Historical
2022-07-31,10,3407.316169105104,West,Historical
2022-08-01,10,2995.515037348202,West,Historical
2022-08-02,10,3371.0171191767045,West,Historical
2022-08-03,10,3190.102819881916,West,Historical
2022-08-04,10,3434.4996047547343,West,Historical
2022-08-05,10,3041.637124268976,West,Historical
2022-08-06,10,3080.2808413722596,West,Historical
2022-08-07,10,3555.7408512522597,West,Historical
2022-08-08,10,2958.596965892745,West,Historical
2022-08-09,10,3379.4997625649926,West,Historical
2022-08-10,10,3381.5881161050897,West,Historical
2022-08-11,10,3114.2464505317926,West,Historical
2022-08-12,10,2917.209031396309,West,Historical
2022-08-13,10,3064.5345534806897,West,Historical
2022-08-14,10,3093.258702531009,West,Historical
2022-08-15,10,2813.1366719737384,West,Historical
2022-08-16,10,2898.061745101496,West,Historical
2022-08-17,10,3173.4630549077465,West,Historical
2022-08-18,10,3531.9659048969665,West,Historical
2022-08-19,10,2823.2040713044653,West,Historical
2022-08-20,10,3250.542003316122,West,Historical
2022-08-21,10,2874.7584022817146,West,Historical
2022-08-22,10,3084.289780667499,West,Historical
2022-08-23,10,2992.438901123629,West,Historical
2022-08-24,10,2960.7705733963476,West,Historical
2022-08-25,10,2861.2302892123766,West,Historical
2022-08-26,10,2688.5404332280914,West,Historical
2022-08-27,10,2694.3800446583705,West,Historical
2022-08-28,10,2682.9876756630465,West,Historical
2022-08-29,10,2859.9919195070424,West,Historical
2022-08-30,10,3041.5591239375644,West,Historical
2022-08-31,10,3265.9895761145112,West,Historical
2022-09-01,10,3109.8675126434227,West,Historical
2022-09-02,10,2745.064474461188,West,Historical
2022-09-03,10,2874.4255348114893,West,Historical
2022-09-04,10,2835.1067444683686,West,Historical
2022-09-05,10,3233.3654911168132,West,Historical
2022-09-06,10,2985.515949109485,West,Historical
2022-09-07,10,2799.960714524868,West,Historical
2022-09-08,10,3172.2241106306096,West,Historical
2022-09-09,10,2704.95627729372,West,Historical
2022-09-10,10,2645.759126956181,West,Historical
2022-09-11,10,2592.1266395823486,West,Historical
2022-09-12,10,3043.6306633776117,West,Historical
2022-09-13,10,2931.955131864963,West,Historical
2022-09-14,10,3297.326678821939,West,Historical
2022-09-15,10,3033.7970323171808,West,Historical
2022-09-16,10,2902.144640238131,West,Historical
2022-09-17,10,3033.147472030857,West,Historical
2022-09-18,10,2635.9586172727822,West,Historical
2022-09-19,10,2725.6965438566544,West,Historical
2022-09-20,10,3013.949822047139,West,Historical
2022-09-21,10,2676.869455524488,West,Historical
2022-09-22,10,2995.784967826285,West,Historical
2022-09-23,10,2646.2060697971783,West,Historical
2022-09-24,10,2830.4513810875796,West,Historical
2022-09-25,10,3108.9072482505903,West,Historical
2022-09-26,10,2938.269051291152,West,Historical
2022-09-27,10,3295.059922613596,West,Historical
2022-09-28,10,2753.485804268554,West,Historical
2022-09-29,10,3073.4900897391735,West,Historical
2022-09-30,10,2852.6140748874036,West,Historical
2022-10-01,10,2692.5783923687763,West,Historical
2022-10-02,10,2834.2931219278425,West,Historical
2022-10-03,10,2794.2287316224615,West,Historical
2022-10-04,10,2951.711038445653,West,Historical
2022-10-05,10,2875.081981723498,West,Historical
2022-10-06,10,3069.6738781506906,West,Historical
2022-10-07,10,2929.8830802748325,West,Historical
2022-10-08,10,2942.4860889098745,West,Historical
2022-10-09,10,3067.6770548705886,West,Historical
2022-10-10,10,2673.825556514349,West,Historical
2022-10-11,10,3345.63199570431,West,Historical
2022-10-12,10,3000.8043450490545,West,Historical
2022-10-13,10,3016.297969168834,West,Historical
2022-10-14,10,2918.3445749163484,West,Historical
2022-10-15,10,2867.9205805684637,West,Historical
2022-10-16,10,2450.208174143516,West,Historical
2022-10-17,10,2903.6395091972395,West,Historical
2022-10-18,10,3020.1924493339593,West,Historical
2022-10-19,10,3045.789047194638,West,Historical
2022-10-20,10,2946.4898334886543,West,Historical
2022-10-21,10,2841.4808828212103,West,Historical
2022-10-22,10,2936.845829927522,West,Historical
2022-10-23,10,2947.288778858352,West,Historical
2022-10-24,10,2812.3825409275746,West,Historical
2022-10-25,10,3009.434734547151,West,Historical
2022-10-26,10,3186.118744008695,West,Historical
2022-10-27,10,2791.866928308542,West,Historical
2022-10-28,10,2659.821580175963,West,Historical
2022-10-29,10,2659.4226028182406,West,Historical
2022-10-30,10,2810.2235347215537,West,Historical
2022-10-31,10,3607.1316137921112,West,Historical
2022-11-01,10,3502.1454253869747,West,Historical
2022-11-02,10,3589.0904355204775,West,Historical
2022-11-03,10,3692.9267722349996,West,Historical
2022-11-04,10,3231.0517264410846,West,Historical
2022-11-05,10,2814.85618151834,West,Historical
2022-11-06,10,3200.1196034342784,West,Historical
2022-11-07,10,3080.011019704715,West,Historical
2022-11-08,10,3385.2732029733206,West,Historical
2022-11-09,10,3845.4066165845124,West,Historical
2022-11-10,10,3139.3903925526115,West,Historical
2022-11-11,10,3180.6919490376035,West,Historical
2022-11-12,10,3204.796338039977,West,Historical
2022-11-13,10,3361.9787528553375,West,Historical
2022-11-14,10,3009.822197779075,West,Historical
2022-11-15,10,3712.5547475673407,West,Historical
2022-11-16,10,2990.2153393492476,West,Historical
2022-11-17,10,3101.692219079431,West,Historical
2022-11-18,10,3348.9604635357305,West,Historical
2022-11-19,10,3098.8121084188697,West,Historical
2022-11-20,10,2967.262962807238,West,Historical
2022-11-21,10,3631.9356804976323,West,Historical
2022-11-22,10,3781.37674773937,West,Historical
2022-11-23,10,3809.158236762948,West,Historical
2022-11-24,10,3887.933343493826,West,Historical
2022-11-25,10,3403.955370556194,West,Historical
2022-11-26,10,3393.7809781387264,West,Historical
2022-11-27,10,3736.97459789753,West,Historical
2022-11-28,10,3725.813640627661,West,Historical
2022-11-29,10,3615.3253791830234,West,Historical
2022-11-30,10,3635.5921278863902,West,Historical
2022-12-01,10,3450.5105011385567,West,Historical
2022-12-02,10,3383.703256268209,West,Historical
2022-12-03,10,3086.846204577271,West,Historical
2022-12-04,10,3698.1569639271675,West,Historical
2022-12-05,10,3525.129322228065,West,Historical
2022-12-06,10,3834.0928649320003,West,Historical
2022-12-07,10,3757.2955501562965,West,Historical
2022-12-08,10,3677.3212696508635,West,Historical
2022-12-09,10,3742.104063981857,West,Historical
2022-12-10,10,3473.455951311241,West,Historical
2022-12-11,10,3414.944782858277,West,Historical
2022-12-12,10,3542.119099346285,West,Historical
2022-12-13,10,3923.029896022794,West,Historical
2022-12-14,10,3885.4239816086038,West,Historical
2022-12-15,10,3610.5795835278054,West,Historical
2022-12-16,10,3367.4484160356888,West,Historical
2022-12-17,10,3539.8450864462457,West,Historical
2022-12-18,10,3808.8217396114555,West,Historical
2022-12-19,10,3636.7355088709096,West,Historical
2022-12-20,10,3943.3644646255148,West,Historical
2022-12-21,10,3980.077769250159,West,Historical
2022-12-22,10,4080.355305436546,West,Historical
2022-12-23,10,4150.42521962288,West,Historical
2022-12-24,10,5551.834618105437,West,Historical
2022-12-25,10,4356.127309777642,West,Historical
2022-12-26,10,4106.946476422506,West,Historical
2022-12-27,10,4174.841682341858,West,Historical
2022-12-28,10,4448.731091173226,West,Historical
2022-12-29,10,3757.2914121624235,West,Historical
2022-12-30,10,3850.905669582815,West,Historical
2022-12-31,1,3797.93442254162,North,Forecast
2023-01-01,1,3858.409352768679,North,Forecast
2023-01-02,1,4015.4866737029806,North,Forecast
2023-01-03,1,4145.262118911743,North,Forecast
2023-01-04,1,4191.5425261706405,North,Forecast
2023-01-05,1,4115.450092482377,North,Forecast
2023-01-06,1,3930.8731305764736,North,Forecast
2023-01-07,1,3808.7536677429935,North,Forecast
2023-01-08,1,3856.8089920275406,North,Forecast
2023-01-09,1,4003.2470853333784,North,Forecast
2023-01-10,1,4124.3302985240625,North,Forecast
2023-01-11,1,4163.980354870948,North,Forecast
2023-01-12,1,4083.3808263748097,North,Forecast
2023-01-13,1,3896.427558124023,North,Forecast
2023-01-14,1,3774.0173663063442,North,Forecast
2023-01-15,1,3823.7720606370585,North,Forecast
2023-01-16,1,3973.757639443827,North,Forecast
2023-01-17,1,4100.052887176048,North,Forecast
2023-01-18,1,4146.360305246183,North,Forecast
2023-01-19,1,4073.615339976116,North,Forecast
2023-01-20,1,3895.4441820501506,North,Forecast
2023-01-21,1,3782.4602483026515,North,Forecast
2023-01-22,1,3841.9961739614846,North,Forecast
2023-01-23,1,4001.830939486026,North,Forecast
2023-01-24,1,4137.766142539152,North,Forecast
2023-01-25,1,4193.24413777027,North,Forecast
2023-01-26,1,4128.96381668316,North,Forecast
2023-01-27,1,3958.3441324082387,North,Forecast
2023-01-28,1,3851.825337032074,North,Forecast
2023-01-29,1,3916.604646544311,North,Forecast
2023-01-30,1,4080.36587731062,North,Forecast
2023-01-31,1,4218.857019086357,North,Forecast
2023-02-01,1,4275.508457126041,North,Forecast
2023-02-02,1,4211.047640730315,North,Forecast
2023-02-03,1,4038.960362024506,North,Forecast
2023-02-04,1,3929.788703264321,North,Forecast
2023-02-05,1,3990.862486922546,North,Forecast
2023-02-06,1,4150.023916295619,North,Forecast
2023-02-07,1,4283.19953553379,North,Forecast
2023-02-08,1,4334.012400501713,North,Forecast
2023-02-09,1,4263.390446142153,North,Forecast
2023-02-10,1,4085.021406301017,North,Forecast
2022-12-31,2,2895.4029049715573,North,Forecast
2023-01-01,2,2940.1294785634695,North,Forecast
2023-01-02,2,3081.583826218114,North,Forecast
2023-01-03,2,3283.3451080208088,North,Forecast
2023-01-04,2,3268.006376348399,North,Forecast
2023-01-05,2,3182.062285407019,North,Forecast
2023-01-06,2,3053.318356914992,North,Forecast
2023-01-07,2,2916.365119446223,North,Forecast
2023-01-08,2,2950.0562415938903,North,Forecast
2023-01-09,2,3081.787493596122,North,Forecast
2023-01-10,2,3275.2997314654667,North,Forecast
2023-01-11,2,3253.307126545664,North,Forecast
2023-01-12,2,3162.382469129323,North,Forecast
2023-01-13,2,3030.3652459676173,North,Forecast
2023-01-14,2,2891.835825812624,North,Forecast
2023-01-15,2,2925.5948547325775,North,Forecast
2023-01-16,2,3058.9446431573588,North,Forecast
2023-01-17,2,3255.4956536167474,North,Forecast
2023-01-18,2,3237.799197316213,North,Forecast
2023-01-19,2,3152.2380273436574,North,Forecast
2023-01-20,2,3026.440365621699,North,Forecast
2023-01-21,2,2894.7605181513036,North,Forecast
2023-01-22,2,2935.764989068195,North,Forecast
2023-01-23,2,3076.520678292894,North,Forecast
2023-01-24,2,3280.408074351993,North,Forecast
2023-01-25,2,3269.760358628306,North,Forecast
2023-01-26,2,3190.7599279698484,North,Forecast
2023-01-27,2,3070.8577080658033,North,Forecast
2023-01-28,2,2944.2582682332823,North,Forecast
2023-01-29,2,2989.4095290282003,North,Forecast
2023-01-30,2,3133.2935563745827,North,Forecast
2023-01-31,2,3339.2412931392764,North,Forecast
2023-02-01,2,3329.57211566857,North,Forecast
2023-02-02,2,3250.489725913696,North,Forecast
2023-02-03,2,3129.499787298045,North,Forecast
2023-02-04,2,3000.8923813661672,North,Forecast
2023-02-05,2,3043.228171475754,North,Forecast
2023-02-06,2,3183.6248874006305,North,Forecast
2023-02-07,2,3385.567123528835,North,Forecast
2023-02-08,2,3371.5404970645027,North,Forecast
2023-02-09,2,3287.9218480225722,North,Forecast
2023-02-10,2,3162.3910673995742,North,Forecast
2022-12-31,3,3659.684046407267,North,Forecast
2023-01-01,3,3709.202763803362,North,Forecast
2023-01-02,3,3854.8760944629266,North,Forecast
2023-01-03,3,4008.1278539421237,North,Forecast
2023-01-04,3,4037.465023405124,North,Forecast
2023-01-05,3,3984.6452999959624,North,Forecast
2023-01-06,3,3818.2992677721,North,Forecast
2023-01-07,3,3692.0860833794313,North,Forecast
2023-01-08,3,3731.0447586124824,North,Forecast
2023-01-09,3,3866.792865577436,North,Forecast
2023-01-10,3,4010.94118695569,North,Forecast
2023-01-11,3,4032.1653208552925,North,Forecast
2023-01-12,3,3972.369073001587,North,Forecast
2023-01-13,3,3800.303040030159,North,Forecast
2023-01-14,3,3669.717373915236,North,Forecast
2023-01-15,3,3705.710887652749,North,Forecast
2023-01-16,3,3839.928385813895,North,Forecast
2023-01-17,3,3983.9747786718813,North,Forecast
2023-01-18,3,4006.487002854183,North,Forecast
2023-01-19,3,3949.2985716585476,North,Forecast
2023-01-20,3,3781.060126281197,North,Forecast
2023-01-21,3,3655.3949235503933,North,Forecast
2023-01-22,3,3697.2513453768815,North,Forecast
2023-01-23,3,3838.1042202696344,North,Forecast
2023-01-24,3,3989.373406587927,North,Forecast
2023-01-25,3,4019.500538720943,North,Forecast
2023-01-26,3,3970.1186282500166,North,Forecast
2023-01-27,3,3809.6777545820123,North,Forecast
2023-01-28,3,3691.6056420242967,North,Forecast
2023-01-29,3,3740.665071902701,North,Forecast
2023-01-30,3,3888.159789227901,North,Forecast
2023-01-31,3,4045.357232192058,North,Forecast
2023-02-01,3,4080.568877057208,North,Forecast
2023-02-02,3,4035.3227976281723,North,Forecast
2023-02-03,3,3877.991599241943,North,Forecast
2023-02-04,3,3761.954469990807,North,Forecast
2023-02-05,3,3811.955265276365,North,Forecast
2023-02-06,3,3959.308275238246,North,Forecast
2023-02-07,3,4115.320016106379,North,Forecast
2023-02-08,3,4148.367873040152,North,Forecast
2023-02-09,3,4100.07024977689,North,Forecast
2023-02-10,3,3938.911460593809,North,Forecast
